match,home_team,away_team,market_name,player_name,outcome_name,player_team,line,over_price,agency,opposition_team,under_price
Orlando Magic v Boston Celtics,Orlando Magic,Boston Celtics,Player Points,Paolo Banchero,Player points - Paolo Banchero 20+ (Match),Orlando Magic,19.5,1.09,Betr,Boston Celtics,NA
Orlando Magic v Boston Celtics,Orlando Magic,Boston Celtics,Player Points,Paolo Banchero,Player points - Paolo Banchero 25+ (Match),Orlando Magic,24.5,1.3,Betr,Boston Celtics,NA
Orlando Magic v Boston Celtics,Orlando Magic,Boston Celtics,Player Points,Paolo Banchero,Player points - Paolo Banchero 30+ (Match),Orlando Magic,29.5,2.1,Betr,Boston Celtics,NA
Orlando Magic v Boston Celtics,Orlando Magic,Boston Celtics,Player Points,Paolo Banchero,Player points - Paolo Banchero 35+ (Match),Orlando Magic,34.5,3.8,Betr,Boston Celtics,NA
Orlando Magic v Boston Celtics,Orlando Magic,Boston Celtics,Player Points,Paolo Banchero,Player points - Paolo Banchero 40+ (Match),Orlando Magic,39.5,8.5,Betr,Boston Celtics,NA
Orlando Magic v Boston Celtics,Orlando Magic,Boston Celtics,Player Points,Kentavious Caldwell-Pope,Player points - K. Caldwell-Pope 10+ (Match),Orlando Magic,9.5,3.1,Betr,Boston Celtics,NA
Orlando Magic v Boston Celtics,Orlando Magic,Boston Celtics,Player Points,Kentavious Caldwell-Pope,Player points - K. Caldwell-Pope 12+ (Match),Orlando Magic,11.5,5,Betr,Boston Celtics,NA
Orlando Magic v Boston Celtics,Orlando Magic,Boston Celtics,Player Points,Kentavious Caldwell-Pope,Player points - K. Caldwell-Pope 4+ (Match),Orlando Magic,3.5,1.22,Betr,Boston Celtics,NA
Orlando Magic v Boston Celtics,Orlando Magic,Boston Celtics,Player Points,Kentavious Caldwell-Pope,Player points - K. Caldwell-Pope 5+ (Match),Orlando Magic,4.5,1.31,Betr,Boston Celtics,NA
Orlando Magic v Boston Celtics,Orlando Magic,Boston Celtics,Player Points,Kentavious Caldwell-Pope,Player points - K. Caldwell-Pope 8+ (Match),Orlando Magic,7.5,1.95,Betr,Boston Celtics,NA
Orlando Magic v Boston Celtics,Orlando Magic,Boston Celtics,Player Points,Wendell Carter Jr.,Player points - W. Carter Jr. 10+ (Match),Orlando Magic,9.5,1.87,Betr,Boston Celtics,NA
Orlando Magic v Boston Celtics,Orlando Magic,Boston Celtics,Player Points,Wendell Carter Jr.,Player points - W. Carter Jr. 12+ (Match),Orlando Magic,11.5,2.7,Betr,Boston Celtics,NA
Orlando Magic v Boston Celtics,Orlando Magic,Boston Celtics,Player Points,Wendell Carter Jr.,Player points - W. Carter Jr. 5+ (Match),Orlando Magic,4.5,1.1,Betr,Boston Celtics,NA
Orlando Magic v Boston Celtics,Orlando Magic,Boston Celtics,Player Points,Wendell Carter Jr.,Player points - W. Carter Jr. 8+ (Match),Orlando Magic,7.5,1.42,Betr,Boston Celtics,NA
Orlando Magic v Boston Celtics,Orlando Magic,Boston Celtics,Player Points,Wendell Carter Jr.,Player points - W. Carter Jr. 15+ (Match),Orlando Magic,14.5,5.6,Betr,Boston Celtics,NA
Orlando Magic v Boston Celtics,Orlando Magic,Boston Celtics,Player Points,Franz Wagner,Player points - Franz Wagner 18+ (Match),Orlando Magic,17.5,1.14,Betr,Boston Celtics,NA
Orlando Magic v Boston Celtics,Orlando Magic,Boston Celtics,Player Points,Franz Wagner,Player points - Franz Wagner 20+ (Match),Orlando Magic,19.5,1.26,Betr,Boston Celtics,NA
Orlando Magic v Boston Celtics,Orlando Magic,Boston Celtics,Player Points,Franz Wagner,Player points - Franz Wagner 25+ (Match),Orlando Magic,24.5,1.83,Betr,Boston Celtics,NA
Orlando Magic v Boston Celtics,Orlando Magic,Boston Celtics,Player Points,Franz Wagner,Player points - Franz Wagner 30+ (Match),Orlando Magic,29.5,3.4,Betr,Boston Celtics,NA
Orlando Magic v Boston Celtics,Orlando Magic,Boston Celtics,Player Points,Franz Wagner,Player points - Franz Wagner 35+ (Match),Orlando Magic,34.5,7.5,Betr,Boston Celtics,NA
Orlando Magic v Boston Celtics,Orlando Magic,Boston Celtics,Player Points,Jaylen Brown,Player points - J. Brown 18+ (Match),Boston Celtics,17.5,1.12,Betr,Orlando Magic,NA
Orlando Magic v Boston Celtics,Orlando Magic,Boston Celtics,Player Points,Jaylen Brown,Player points - J. Brown 20+ (Match),Boston Celtics,19.5,1.28,Betr,Orlando Magic,NA
Orlando Magic v Boston Celtics,Orlando Magic,Boston Celtics,Player Points,Jaylen Brown,Player points - J. Brown 25+ (Match),Boston Celtics,24.5,1.87,Betr,Orlando Magic,NA
Orlando Magic v Boston Celtics,Orlando Magic,Boston Celtics,Player Points,Jaylen Brown,Player points - J. Brown 30+ (Match),Boston Celtics,29.5,3.8,Betr,Orlando Magic,NA
Orlando Magic v Boston Celtics,Orlando Magic,Boston Celtics,Player Points,Jaylen Brown,Player points - J. Brown 35+ (Match),Boston Celtics,34.5,9,Betr,Orlando Magic,NA
Orlando Magic v Boston Celtics,Orlando Magic,Boston Celtics,Player Points,NA,Player points - Kristaps Porzingis 15+ (Match),NA,14.5,1.22,Betr,NA,NA
Orlando Magic v Boston Celtics,Orlando Magic,Boston Celtics,Player Points,NA,Player points - Kristaps Porzingis 18+ (Match),NA,17.5,1.54,Betr,NA,NA
Orlando Magic v Boston Celtics,Orlando Magic,Boston Celtics,Player Points,NA,Player points - Kristaps Porzingis 20+ (Match),NA,19.5,1.91,Betr,NA,NA
Orlando Magic v Boston Celtics,Orlando Magic,Boston Celtics,Player Points,NA,Player points - Kristaps Porzingis 25+ (Match),NA,24.5,4,Betr,NA,NA
Orlando Magic v Boston Celtics,Orlando Magic,Boston Celtics,Player Points,NA,Player points - Kristaps Porzingis 30+ (Match),NA,29.5,9.5,Betr,NA,NA
Orlando Magic v Boston Celtics,Orlando Magic,Boston Celtics,Player Points,Derrick White,Player points - D. White 12+ (Match),Boston Celtics,11.5,1.17,Betr,Orlando Magic,NA
Orlando Magic v Boston Celtics,Orlando Magic,Boston Celtics,Player Points,Derrick White,Player points - D. White 15+ (Match),Boston Celtics,14.5,1.4,Betr,Orlando Magic,NA
Orlando Magic v Boston Celtics,Orlando Magic,Boston Celtics,Player Points,Derrick White,Player points - D. White 18+ (Match),Boston Celtics,17.5,2.05,Betr,Orlando Magic,NA
Orlando Magic v Boston Celtics,Orlando Magic,Boston Celtics,Player Points,Derrick White,Player points - D. White 20+ (Match),Boston Celtics,19.5,2.5,Betr,Orlando Magic,NA
Orlando Magic v Boston Celtics,Orlando Magic,Boston Celtics,Player Points,Derrick White,Player points - D. White 25+ (Match),Boston Celtics,24.5,6,Betr,Orlando Magic,NA
Orlando Magic v Boston Celtics,Orlando Magic,Boston Celtics,Player Points,Jrue Holiday,Player points - Jrue Holiday 10+ (Match),Boston Celtics,9.5,1.61,Betr,Orlando Magic,NA
Orlando Magic v Boston Celtics,Orlando Magic,Boston Celtics,Player Points,Jrue Holiday,Player points - Jrue Holiday 12+ (Match),Boston Celtics,11.5,2.15,Betr,Orlando Magic,NA
Orlando Magic v Boston Celtics,Orlando Magic,Boston Celtics,Player Points,Jrue Holiday,Player points - Jrue Holiday 15+ (Match),Boston Celtics,14.5,3.8,Betr,Orlando Magic,NA
Orlando Magic v Boston Celtics,Orlando Magic,Boston Celtics,Player Points,Jrue Holiday,Player points - Jrue Holiday 8+ (Match),Boston Celtics,7.5,1.29,Betr,Orlando Magic,NA
Orlando Magic v Boston Celtics,Orlando Magic,Boston Celtics,Player Points,Jrue Holiday,Player points - Jrue Holiday 18+ (Match),Boston Celtics,17.5,7.25,Betr,Orlando Magic,NA
Orlando Magic v Boston Celtics,Orlando Magic,Boston Celtics,Player Points,Payton Pritchard,Player points - P. Pritchard 10+ (Match),Boston Celtics,9.5,1.27,Betr,Orlando Magic,NA
Orlando Magic v Boston Celtics,Orlando Magic,Boston Celtics,Player Points,Payton Pritchard,Player points - P. Pritchard 12+ (Match),Boston Celtics,11.5,1.5,Betr,Orlando Magic,NA
Orlando Magic v Boston Celtics,Orlando Magic,Boston Celtics,Player Points,Payton Pritchard,Player points - P. Pritchard 15+ (Match),Boston Celtics,14.5,2.15,Betr,Orlando Magic,NA
Orlando Magic v Boston Celtics,Orlando Magic,Boston Celtics,Player Points,Payton Pritchard,Player points - P. Pritchard 18+ (Match),Boston Celtics,17.5,3.5,Betr,Orlando Magic,NA
Orlando Magic v Boston Celtics,Orlando Magic,Boston Celtics,Player Points,Payton Pritchard,Player points - P. Pritchard 20+ (Match),Boston Celtics,19.5,5,Betr,Orlando Magic,NA
Orlando Magic v Boston Celtics,Orlando Magic,Boston Celtics,Player Points,Al Horford,Player points - A. Horford 10+ (Match),Boston Celtics,9.5,2.05,Betr,Orlando Magic,NA
Orlando Magic v Boston Celtics,Orlando Magic,Boston Celtics,Player Points,Al Horford,Player points - A. Horford 12+ (Match),Boston Celtics,11.5,2.9,Betr,Orlando Magic,NA
Orlando Magic v Boston Celtics,Orlando Magic,Boston Celtics,Player Points,Al Horford,Player points - A. Horford 15+ (Match),Boston Celtics,14.5,5.6,Betr,Orlando Magic,NA
Orlando Magic v Boston Celtics,Orlando Magic,Boston Celtics,Player Points,Al Horford,Player points - A. Horford 5+ (Match),Boston Celtics,4.5,1.15,Betr,Orlando Magic,NA
Orlando Magic v Boston Celtics,Orlando Magic,Boston Celtics,Player Points,Al Horford,Player points - A. Horford 8+ (Match),Boston Celtics,7.5,1.53,Betr,Orlando Magic,NA
Orlando Magic v Boston Celtics,Orlando Magic,Boston Celtics,Player Points,Anthony Black,Player points - Anthony Black 10+ (Match),Orlando Magic,9.5,2.65,Betr,Boston Celtics,NA
Orlando Magic v Boston Celtics,Orlando Magic,Boston Celtics,Player Points,Anthony Black,Player points - Anthony Black 12+ (Match),Orlando Magic,11.5,4.2,Betr,Boston Celtics,NA
Orlando Magic v Boston Celtics,Orlando Magic,Boston Celtics,Player Points,Anthony Black,Player points - Anthony Black 4+ (Match),Orlando Magic,3.5,1.11,Betr,Boston Celtics,NA
Orlando Magic v Boston Celtics,Orlando Magic,Boston Celtics,Player Points,Anthony Black,Player points - Anthony Black 5+ (Match),Orlando Magic,4.5,1.2,Betr,Boston Celtics,NA
Orlando Magic v Boston Celtics,Orlando Magic,Boston Celtics,Player Points,Anthony Black,Player points - Anthony Black 8+ (Match),Orlando Magic,7.5,1.8,Betr,Boston Celtics,NA
Orlando Magic v Boston Celtics,Orlando Magic,Boston Celtics,Player Points,Cory Joseph,Player points - Cory Joseph 10+ (Match),Orlando Magic,9.5,8,Betr,Boston Celtics,NA
Orlando Magic v Boston Celtics,Orlando Magic,Boston Celtics,Player Points,Cory Joseph,Player points - Cory Joseph 4+ (Match),Orlando Magic,3.5,1.65,Betr,Boston Celtics,NA
Orlando Magic v Boston Celtics,Orlando Magic,Boston Celtics,Player Points,Cory Joseph,Player points - Cory Joseph 5+ (Match),Orlando Magic,4.5,1.91,Betr,Boston Celtics,NA
Orlando Magic v Boston Celtics,Orlando Magic,Boston Celtics,Player Points,Cory Joseph,Player points - Cory Joseph 8+ (Match),Orlando Magic,7.5,4.1,Betr,Boston Celtics,NA
Milwaukee Bucks v Indiana Pacers,Milwaukee Bucks,Indiana Pacers,Player Points,Kyle Kuzma,Player points - K. Kuzma 10+ (Match),Milwaukee Bucks,9.5,1.56,Betr,Indiana Pacers,NA
Milwaukee Bucks v Indiana Pacers,Milwaukee Bucks,Indiana Pacers,Player Points,Kyle Kuzma,Player points - K. Kuzma 12+ (Match),Milwaukee Bucks,11.5,2.05,Betr,Indiana Pacers,NA
Milwaukee Bucks v Indiana Pacers,Milwaukee Bucks,Indiana Pacers,Player Points,Kyle Kuzma,Player points - K. Kuzma 15+ (Match),Milwaukee Bucks,14.5,3.6,Betr,Indiana Pacers,NA
Milwaukee Bucks v Indiana Pacers,Milwaukee Bucks,Indiana Pacers,Player Points,Kyle Kuzma,Player points - K. Kuzma 5+ (Match),Milwaukee Bucks,4.5,1.06,Betr,Indiana Pacers,NA
Milwaukee Bucks v Indiana Pacers,Milwaukee Bucks,Indiana Pacers,Player Points,Kyle Kuzma,Player points - K. Kuzma 8+ (Match),Milwaukee Bucks,7.5,1.28,Betr,Indiana Pacers,NA
Milwaukee Bucks v Indiana Pacers,Milwaukee Bucks,Indiana Pacers,Player Points,Damian Lillard,Player points - D. Lillard 18+ (Match),Milwaukee Bucks,17.5,1.21,Betr,Indiana Pacers,NA
Milwaukee Bucks v Indiana Pacers,Milwaukee Bucks,Indiana Pacers,Player Points,Damian Lillard,Player points - D. Lillard 20+ (Match),Milwaukee Bucks,19.5,1.34,Betr,Indiana Pacers,NA
Milwaukee Bucks v Indiana Pacers,Milwaukee Bucks,Indiana Pacers,Player Points,Damian Lillard,Player points - D. Lillard 25+ (Match),Milwaukee Bucks,24.5,2.1,Betr,Indiana Pacers,NA
Milwaukee Bucks v Indiana Pacers,Milwaukee Bucks,Indiana Pacers,Player Points,Damian Lillard,Player points - D. Lillard 30+ (Match),Milwaukee Bucks,29.5,4.2,Betr,Indiana Pacers,NA
Milwaukee Bucks v Indiana Pacers,Milwaukee Bucks,Indiana Pacers,Player Points,Damian Lillard,Player points - D. Lillard 35+ (Match),Milwaukee Bucks,34.5,9,Betr,Indiana Pacers,NA
Milwaukee Bucks v Indiana Pacers,Milwaukee Bucks,Indiana Pacers,Player Points,Tyrese Haliburton,Player points - Tyrese Haliburton 15+ (Match),Indiana Pacers,14.5,1.23,Betr,Milwaukee Bucks,NA
Milwaukee Bucks v Indiana Pacers,Milwaukee Bucks,Indiana Pacers,Player Points,Tyrese Haliburton,Player points - Tyrese Haliburton 18+ (Match),Indiana Pacers,17.5,1.53,Betr,Milwaukee Bucks,NA
Milwaukee Bucks v Indiana Pacers,Milwaukee Bucks,Indiana Pacers,Player Points,Tyrese Haliburton,Player points - Tyrese Haliburton 20+ (Match),Indiana Pacers,19.5,1.83,Betr,Milwaukee Bucks,NA
Milwaukee Bucks v Indiana Pacers,Milwaukee Bucks,Indiana Pacers,Player Points,Tyrese Haliburton,Player points - Tyrese Haliburton 25+ (Match),Indiana Pacers,24.5,3.6,Betr,Milwaukee Bucks,NA
Milwaukee Bucks v Indiana Pacers,Milwaukee Bucks,Indiana Pacers,Player Points,Tyrese Haliburton,Player points - Tyrese Haliburton 30+ (Match),Indiana Pacers,29.5,8.5,Betr,Milwaukee Bucks,NA
Milwaukee Bucks v Indiana Pacers,Milwaukee Bucks,Indiana Pacers,Player Points,Aaron Nesmith,Player points - A. Nesmith 10+ (Match),Indiana Pacers,9.5,1.56,Betr,Milwaukee Bucks,NA
Milwaukee Bucks v Indiana Pacers,Milwaukee Bucks,Indiana Pacers,Player Points,Aaron Nesmith,Player points - A. Nesmith 12+ (Match),Indiana Pacers,11.5,2.05,Betr,Milwaukee Bucks,NA
Milwaukee Bucks v Indiana Pacers,Milwaukee Bucks,Indiana Pacers,Player Points,Aaron Nesmith,Player points - A. Nesmith 15+ (Match),Indiana Pacers,14.5,3.5,Betr,Milwaukee Bucks,NA
Milwaukee Bucks v Indiana Pacers,Milwaukee Bucks,Indiana Pacers,Player Points,Aaron Nesmith,Player points - A. Nesmith 18+ (Match),Indiana Pacers,17.5,6.75,Betr,Milwaukee Bucks,NA
Milwaukee Bucks v Indiana Pacers,Milwaukee Bucks,Indiana Pacers,Player Points,Aaron Nesmith,Player points - A. Nesmith 8+ (Match),Indiana Pacers,7.5,1.27,Betr,Milwaukee Bucks,NA
Milwaukee Bucks v Indiana Pacers,Milwaukee Bucks,Indiana Pacers,Player Points,Pascal Siakam,Player points - P. Siakam 15+ (Match),Indiana Pacers,14.5,1.18,Betr,Milwaukee Bucks,NA
Milwaukee Bucks v Indiana Pacers,Milwaukee Bucks,Indiana Pacers,Player Points,Pascal Siakam,Player points - P. Siakam 18+ (Match),Indiana Pacers,17.5,1.45,Betr,Milwaukee Bucks,NA
Milwaukee Bucks v Indiana Pacers,Milwaukee Bucks,Indiana Pacers,Player Points,Pascal Siakam,Player points - P. Siakam 20+ (Match),Indiana Pacers,19.5,1.77,Betr,Milwaukee Bucks,NA
Milwaukee Bucks v Indiana Pacers,Milwaukee Bucks,Indiana Pacers,Player Points,Pascal Siakam,Player points - P. Siakam 25+ (Match),Indiana Pacers,24.5,3.5,Betr,Milwaukee Bucks,NA
Milwaukee Bucks v Indiana Pacers,Milwaukee Bucks,Indiana Pacers,Player Points,Pascal Siakam,Player points - P. Siakam 30+ (Match),Indiana Pacers,29.5,9,Betr,Milwaukee Bucks,NA
Milwaukee Bucks v Indiana Pacers,Milwaukee Bucks,Indiana Pacers,Player Points,Myles Turner,Player points - M. Turner 10+ (Match),Indiana Pacers,9.5,1.14,Betr,Milwaukee Bucks,NA
Milwaukee Bucks v Indiana Pacers,Milwaukee Bucks,Indiana Pacers,Player Points,Myles Turner,Player points - M. Turner 12+ (Match),Indiana Pacers,11.5,1.29,Betr,Milwaukee Bucks,NA
Milwaukee Bucks v Indiana Pacers,Milwaukee Bucks,Indiana Pacers,Player Points,Myles Turner,Player points - M. Turner 15+ (Match),Indiana Pacers,14.5,1.71,Betr,Milwaukee Bucks,NA
Milwaukee Bucks v Indiana Pacers,Milwaukee Bucks,Indiana Pacers,Player Points,Myles Turner,Player points - M. Turner 18+ (Match),Indiana Pacers,17.5,2.6,Betr,Milwaukee Bucks,NA
Milwaukee Bucks v Indiana Pacers,Milwaukee Bucks,Indiana Pacers,Player Points,Myles Turner,Player points - M. Turner 20+ (Match),Indiana Pacers,19.5,3.7,Betr,Milwaukee Bucks,NA
Milwaukee Bucks v Indiana Pacers,Milwaukee Bucks,Indiana Pacers,Player Points,T.J. McConnell,Player points - T.J. McConnell 10+ (Match),Indiana Pacers,9.5,3.3,Betr,Milwaukee Bucks,NA
Milwaukee Bucks v Indiana Pacers,Milwaukee Bucks,Indiana Pacers,Player Points,T.J. McConnell,Player points - T.J. McConnell 12+ (Match),Indiana Pacers,11.5,5.5,Betr,Milwaukee Bucks,NA
Milwaukee Bucks v Indiana Pacers,Milwaukee Bucks,Indiana Pacers,Player Points,T.J. McConnell,Player points - T.J. McConnell 4+ (Match),Indiana Pacers,3.5,1.17,Betr,Milwaukee Bucks,NA
Milwaukee Bucks v Indiana Pacers,Milwaukee Bucks,Indiana Pacers,Player Points,T.J. McConnell,Player points - T.J. McConnell 5+ (Match),Indiana Pacers,4.5,1.3,Betr,Milwaukee Bucks,NA
Milwaukee Bucks v Indiana Pacers,Milwaukee Bucks,Indiana Pacers,Player Points,T.J. McConnell,Player points - T.J. McConnell 8+ (Match),Indiana Pacers,7.5,2.1,Betr,Milwaukee Bucks,NA
Milwaukee Bucks v Indiana Pacers,Milwaukee Bucks,Indiana Pacers,Player Points,Andrew Nembhard,Player points - Andrew Nembhard 10+ (Match),Indiana Pacers,9.5,1.61,Betr,Milwaukee Bucks,NA
Milwaukee Bucks v Indiana Pacers,Milwaukee Bucks,Indiana Pacers,Player Points,Andrew Nembhard,Player points - Andrew Nembhard 12+ (Match),Indiana Pacers,11.5,2.15,Betr,Milwaukee Bucks,NA
Milwaukee Bucks v Indiana Pacers,Milwaukee Bucks,Indiana Pacers,Player Points,Andrew Nembhard,Player points - Andrew Nembhard 15+ (Match),Indiana Pacers,14.5,3.8,Betr,Milwaukee Bucks,NA
Milwaukee Bucks v Indiana Pacers,Milwaukee Bucks,Indiana Pacers,Player Points,Andrew Nembhard,Player points - Andrew Nembhard 5+ (Match),Indiana Pacers,4.5,1.06,Betr,Milwaukee Bucks,NA
Milwaukee Bucks v Indiana Pacers,Milwaukee Bucks,Indiana Pacers,Player Points,Andrew Nembhard,Player points - Andrew Nembhard 8+ (Match),Indiana Pacers,7.5,1.28,Betr,Milwaukee Bucks,NA
Milwaukee Bucks v Indiana Pacers,Milwaukee Bucks,Indiana Pacers,Player Points,Obi Toppin,Player points - O. Toppin 10+ (Match),Indiana Pacers,9.5,2.7,Betr,Milwaukee Bucks,NA
Milwaukee Bucks v Indiana Pacers,Milwaukee Bucks,Indiana Pacers,Player Points,Obi Toppin,Player points - O. Toppin 12+ (Match),Indiana Pacers,11.5,4.2,Betr,Milwaukee Bucks,NA
Milwaukee Bucks v Indiana Pacers,Milwaukee Bucks,Indiana Pacers,Player Points,Obi Toppin,Player points - O. Toppin 4+ (Match),Indiana Pacers,3.5,1.13,Betr,Milwaukee Bucks,NA
Milwaukee Bucks v Indiana Pacers,Milwaukee Bucks,Indiana Pacers,Player Points,Obi Toppin,Player points - O. Toppin 5+ (Match),Indiana Pacers,4.5,1.23,Betr,Milwaukee Bucks,NA
Milwaukee Bucks v Indiana Pacers,Milwaukee Bucks,Indiana Pacers,Player Points,Obi Toppin,Player points - O. Toppin 8+ (Match),Indiana Pacers,7.5,1.83,Betr,Milwaukee Bucks,NA
Milwaukee Bucks v Indiana Pacers,Milwaukee Bucks,Indiana Pacers,Player Points,Taurean Prince,Player points - T. Prince 10+ (Match),Milwaukee Bucks,9.5,4.9,Betr,Indiana Pacers,NA
Milwaukee Bucks v Indiana Pacers,Milwaukee Bucks,Indiana Pacers,Player Points,Taurean Prince,Player points - T. Prince 4+ (Match),Milwaukee Bucks,3.5,1.45,Betr,Indiana Pacers,NA
Milwaukee Bucks v Indiana Pacers,Milwaukee Bucks,Indiana Pacers,Player Points,Taurean Prince,Player points - T. Prince 5+ (Match),Milwaukee Bucks,4.5,1.56,Betr,Indiana Pacers,NA
Milwaukee Bucks v Indiana Pacers,Milwaukee Bucks,Indiana Pacers,Player Points,Taurean Prince,Player points - T. Prince 8+ (Match),Milwaukee Bucks,7.5,2.85,Betr,Indiana Pacers,NA
Milwaukee Bucks v Indiana Pacers,Milwaukee Bucks,Indiana Pacers,Player Points,Giannis Antetokounmpo,Player points - Giannis Antetokounmpo 25+ (Match),Milwaukee Bucks,24.5,1.12,Betr,Indiana Pacers,NA
Milwaukee Bucks v Indiana Pacers,Milwaukee Bucks,Indiana Pacers,Player Points,Giannis Antetokounmpo,Player points - Giannis Antetokounmpo 30+ (Match),Milwaukee Bucks,29.5,1.4,Betr,Indiana Pacers,NA
Milwaukee Bucks v Indiana Pacers,Milwaukee Bucks,Indiana Pacers,Player Points,Giannis Antetokounmpo,Player points - Giannis Antetokounmpo 35+ (Match),Milwaukee Bucks,34.5,2.1,Betr,Indiana Pacers,NA
Milwaukee Bucks v Indiana Pacers,Milwaukee Bucks,Indiana Pacers,Player Points,Giannis Antetokounmpo,Player points - Giannis Antetokounmpo 40+ (Match),Milwaukee Bucks,39.5,3.7,Betr,Indiana Pacers,NA
Milwaukee Bucks v Indiana Pacers,Milwaukee Bucks,Indiana Pacers,Player Points,Giannis Antetokounmpo,Player points - Giannis Antetokounmpo 45+ (Match),Milwaukee Bucks,44.5,7.25,Betr,Indiana Pacers,NA
Milwaukee Bucks v Indiana Pacers,Milwaukee Bucks,Indiana Pacers,Player Points,Brook Lopez,Player points - B. Lopez 10+ (Match),Milwaukee Bucks,9.5,2.15,Betr,Indiana Pacers,NA
Milwaukee Bucks v Indiana Pacers,Milwaukee Bucks,Indiana Pacers,Player Points,Brook Lopez,Player points - B. Lopez 12+ (Match),Milwaukee Bucks,11.5,3.1,Betr,Indiana Pacers,NA
Milwaukee Bucks v Indiana Pacers,Milwaukee Bucks,Indiana Pacers,Player Points,Brook Lopez,Player points - B. Lopez 4+ (Match),Milwaukee Bucks,3.5,1.07,Betr,Indiana Pacers,NA
Milwaukee Bucks v Indiana Pacers,Milwaukee Bucks,Indiana Pacers,Player Points,Brook Lopez,Player points - B. Lopez 5+ (Match),Milwaukee Bucks,4.5,1.14,Betr,Indiana Pacers,NA
Milwaukee Bucks v Indiana Pacers,Milwaukee Bucks,Indiana Pacers,Player Points,Brook Lopez,Player points - B. Lopez 8+ (Match),Milwaukee Bucks,7.5,1.56,Betr,Indiana Pacers,NA
Milwaukee Bucks v Indiana Pacers,Milwaukee Bucks,Indiana Pacers,Player Points,Kevin Porter Jr.,Player points - K. Porter Jr. 10+ (Match),Milwaukee Bucks,9.5,2.65,Betr,Indiana Pacers,NA
Milwaukee Bucks v Indiana Pacers,Milwaukee Bucks,Indiana Pacers,Player Points,Kevin Porter Jr.,Player points - K. Porter Jr. 12+ (Match),Milwaukee Bucks,11.5,4.2,Betr,Indiana Pacers,NA
Milwaukee Bucks v Indiana Pacers,Milwaukee Bucks,Indiana Pacers,Player Points,Kevin Porter Jr.,Player points - K. Porter Jr. 4+ (Match),Milwaukee Bucks,3.5,1.11,Betr,Indiana Pacers,NA
Milwaukee Bucks v Indiana Pacers,Milwaukee Bucks,Indiana Pacers,Player Points,Kevin Porter Jr.,Player points - K. Porter Jr. 5+ (Match),Milwaukee Bucks,4.5,1.21,Betr,Indiana Pacers,NA
Milwaukee Bucks v Indiana Pacers,Milwaukee Bucks,Indiana Pacers,Player Points,Kevin Porter Jr.,Player points - K. Porter Jr. 8+ (Match),Milwaukee Bucks,7.5,1.8,Betr,Indiana Pacers,NA
Milwaukee Bucks v Indiana Pacers,Milwaukee Bucks,Indiana Pacers,Player Points,Bobby Portis,Player points - Bobby Portis 10+ (Match),Milwaukee Bucks,9.5,1.21,Betr,Indiana Pacers,NA
Milwaukee Bucks v Indiana Pacers,Milwaukee Bucks,Indiana Pacers,Player Points,Bobby Portis,Player points - Bobby Portis 12+ (Match),Milwaukee Bucks,11.5,1.42,Betr,Indiana Pacers,NA
Milwaukee Bucks v Indiana Pacers,Milwaukee Bucks,Indiana Pacers,Player Points,Bobby Portis,Player points - Bobby Portis 15+ (Match),Milwaukee Bucks,14.5,2,Betr,Indiana Pacers,NA
Milwaukee Bucks v Indiana Pacers,Milwaukee Bucks,Indiana Pacers,Player Points,Bobby Portis,Player points - Bobby Portis 18+ (Match),Milwaukee Bucks,17.5,3.2,Betr,Indiana Pacers,NA
Milwaukee Bucks v Indiana Pacers,Milwaukee Bucks,Indiana Pacers,Player Points,Bobby Portis,Player points - Bobby Portis 20+ (Match),Milwaukee Bucks,19.5,4.6,Betr,Indiana Pacers,NA
Milwaukee Bucks v Indiana Pacers,Milwaukee Bucks,Indiana Pacers,Player Points,Gary Trent Jr.,Player points - G. Trent Jr. 10+ (Match),Milwaukee Bucks,9.5,2.05,Betr,Indiana Pacers,NA
Milwaukee Bucks v Indiana Pacers,Milwaukee Bucks,Indiana Pacers,Player Points,Gary Trent Jr.,Player points - G. Trent Jr. 12+ (Match),Milwaukee Bucks,11.5,2.9,Betr,Indiana Pacers,NA
Milwaukee Bucks v Indiana Pacers,Milwaukee Bucks,Indiana Pacers,Player Points,Gary Trent Jr.,Player points - G. Trent Jr. 15+ (Match),Milwaukee Bucks,14.5,5.4,Betr,Indiana Pacers,NA
Milwaukee Bucks v Indiana Pacers,Milwaukee Bucks,Indiana Pacers,Player Points,Gary Trent Jr.,Player points - G. Trent Jr. 5+ (Match),Milwaukee Bucks,4.5,1.17,Betr,Indiana Pacers,NA
Milwaukee Bucks v Indiana Pacers,Milwaukee Bucks,Indiana Pacers,Player Points,Gary Trent Jr.,Player points - G. Trent Jr. 8+ (Match),Milwaukee Bucks,7.5,1.54,Betr,Indiana Pacers,NA
Milwaukee Bucks v Indiana Pacers,Milwaukee Bucks,Indiana Pacers,Player Points,Bennedict Mathurin,Player points - Bennedict Mathurin 10+ (Match),Indiana Pacers,9.5,1.37,Betr,Milwaukee Bucks,NA
Milwaukee Bucks v Indiana Pacers,Milwaukee Bucks,Indiana Pacers,Player Points,Bennedict Mathurin,Player points - Bennedict Mathurin 12+ (Match),Indiana Pacers,11.5,1.74,Betr,Milwaukee Bucks,NA
Milwaukee Bucks v Indiana Pacers,Milwaukee Bucks,Indiana Pacers,Player Points,Bennedict Mathurin,Player points - Bennedict Mathurin 15+ (Match),Indiana Pacers,14.5,2.8,Betr,Milwaukee Bucks,NA
Milwaukee Bucks v Indiana Pacers,Milwaukee Bucks,Indiana Pacers,Player Points,Bennedict Mathurin,Player points - Bennedict Mathurin 18+ (Match),Indiana Pacers,17.5,5.1,Betr,Milwaukee Bucks,NA
Milwaukee Bucks v Indiana Pacers,Milwaukee Bucks,Indiana Pacers,Player Points,Bennedict Mathurin,Player points - Bennedict Mathurin 8+ (Match),Indiana Pacers,7.5,1.15,Betr,Milwaukee Bucks,NA
Minnesota Timberwolves v Los Angeles Lakers,Minnesota Timberwolves,Los Angeles Lakers,Player Points,Anthony Edwards,Player points - Anthony Edwards 18+ (Match),Minnesota Timberwolves,17.5,1.09,Betr,Los Angeles Lakers,NA
Minnesota Timberwolves v Los Angeles Lakers,Minnesota Timberwolves,Los Angeles Lakers,Player Points,Anthony Edwards,Player points - Anthony Edwards 20+ (Match),Minnesota Timberwolves,19.5,1.17,Betr,Los Angeles Lakers,NA
Minnesota Timberwolves v Los Angeles Lakers,Minnesota Timberwolves,Los Angeles Lakers,Player Points,Anthony Edwards,Player points - Anthony Edwards 25+ (Match),Minnesota Timberwolves,24.5,1.45,Betr,Los Angeles Lakers,NA
Minnesota Timberwolves v Los Angeles Lakers,Minnesota Timberwolves,Los Angeles Lakers,Player Points,Anthony Edwards,Player points - Anthony Edwards 30+ (Match),Minnesota Timberwolves,29.5,2.5,Betr,Los Angeles Lakers,NA
Minnesota Timberwolves v Los Angeles Lakers,Minnesota Timberwolves,Los Angeles Lakers,Player Points,Anthony Edwards,Player points - Anthony Edwards 35+ (Match),Minnesota Timberwolves,34.5,4.8,Betr,Los Angeles Lakers,NA
Minnesota Timberwolves v Los Angeles Lakers,Minnesota Timberwolves,Los Angeles Lakers,Player Points,NA,Player points - Luka Doncic 20+ (Match),NA,19.5,1.05,Betr,NA,NA
Minnesota Timberwolves v Los Angeles Lakers,Minnesota Timberwolves,Los Angeles Lakers,Player Points,NA,Player points - Luka Doncic 25+ (Match),NA,24.5,1.17,Betr,NA,NA
Minnesota Timberwolves v Los Angeles Lakers,Minnesota Timberwolves,Los Angeles Lakers,Player Points,NA,Player points - Luka Doncic 30+ (Match),NA,29.5,1.52,Betr,NA,NA
Minnesota Timberwolves v Los Angeles Lakers,Minnesota Timberwolves,Los Angeles Lakers,Player Points,NA,Player points - Luka Doncic 35+ (Match),NA,34.5,2.7,Betr,NA,NA
Minnesota Timberwolves v Los Angeles Lakers,Minnesota Timberwolves,Los Angeles Lakers,Player Points,NA,Player points - Luka Doncic 40+ (Match),NA,39.5,5.1,Betr,NA,NA
Minnesota Timberwolves v Los Angeles Lakers,Minnesota Timberwolves,Los Angeles Lakers,Player Points,LeBron James,Player points - LeBron James 18+ (Match),Los Angeles Lakers,17.5,1.2,Betr,Minnesota Timberwolves,NA
Minnesota Timberwolves v Los Angeles Lakers,Minnesota Timberwolves,Los Angeles Lakers,Player Points,LeBron James,Player points - LeBron James 20+ (Match),Los Angeles Lakers,19.5,1.34,Betr,Minnesota Timberwolves,NA
Minnesota Timberwolves v Los Angeles Lakers,Minnesota Timberwolves,Los Angeles Lakers,Player Points,LeBron James,Player points - LeBron James 25+ (Match),Los Angeles Lakers,24.5,2.15,Betr,Minnesota Timberwolves,NA
Minnesota Timberwolves v Los Angeles Lakers,Minnesota Timberwolves,Los Angeles Lakers,Player Points,LeBron James,Player points - LeBron James 30+ (Match),Los Angeles Lakers,29.5,4.6,Betr,Minnesota Timberwolves,NA
Minnesota Timberwolves v Los Angeles Lakers,Minnesota Timberwolves,Los Angeles Lakers,Player Points,LeBron James,Player points - LeBron James 15+ (Match),Los Angeles Lakers,14.5,1.07,Betr,Minnesota Timberwolves,NA
Minnesota Timberwolves v Los Angeles Lakers,Minnesota Timberwolves,Los Angeles Lakers,Player Points,Mike Conley,Player points - M. Conley 10+ (Match),Minnesota Timberwolves,9.5,3.3,Betr,Los Angeles Lakers,NA
Minnesota Timberwolves v Los Angeles Lakers,Minnesota Timberwolves,Los Angeles Lakers,Player Points,Mike Conley,Player points - M. Conley 12+ (Match),Minnesota Timberwolves,11.5,5.4,Betr,Los Angeles Lakers,NA
Minnesota Timberwolves v Los Angeles Lakers,Minnesota Timberwolves,Los Angeles Lakers,Player Points,Mike Conley,Player points - M. Conley 4+ (Match),Minnesota Timberwolves,3.5,1.25,Betr,Los Angeles Lakers,NA
Minnesota Timberwolves v Los Angeles Lakers,Minnesota Timberwolves,Los Angeles Lakers,Player Points,Mike Conley,Player points - M. Conley 5+ (Match),Minnesota Timberwolves,4.5,1.36,Betr,Los Angeles Lakers,NA
Minnesota Timberwolves v Los Angeles Lakers,Minnesota Timberwolves,Los Angeles Lakers,Player Points,Mike Conley,Player points - M. Conley 8+ (Match),Minnesota Timberwolves,7.5,2.15,Betr,Los Angeles Lakers,NA
Minnesota Timberwolves v Los Angeles Lakers,Minnesota Timberwolves,Los Angeles Lakers,Player Points,Rudy Gobert,Player points - Rudy Gobert 10+ (Match),Minnesota Timberwolves,9.5,1.71,Betr,Los Angeles Lakers,NA
Minnesota Timberwolves v Los Angeles Lakers,Minnesota Timberwolves,Los Angeles Lakers,Player Points,Rudy Gobert,Player points - Rudy Gobert 12+ (Match),Minnesota Timberwolves,11.5,2.35,Betr,Los Angeles Lakers,NA
Minnesota Timberwolves v Los Angeles Lakers,Minnesota Timberwolves,Los Angeles Lakers,Player Points,Rudy Gobert,Player points - Rudy Gobert 15+ (Match),Minnesota Timberwolves,14.5,4.4,Betr,Los Angeles Lakers,NA
Minnesota Timberwolves v Los Angeles Lakers,Minnesota Timberwolves,Los Angeles Lakers,Player Points,Rudy Gobert,Player points - Rudy Gobert 5+ (Match),Minnesota Timberwolves,4.5,1.07,Betr,Los Angeles Lakers,NA
Minnesota Timberwolves v Los Angeles Lakers,Minnesota Timberwolves,Los Angeles Lakers,Player Points,Rudy Gobert,Player points - Rudy Gobert 8+ (Match),Minnesota Timberwolves,7.5,1.34,Betr,Los Angeles Lakers,NA
Minnesota Timberwolves v Los Angeles Lakers,Minnesota Timberwolves,Los Angeles Lakers,Player Points,Jaden McDaniels,Player points - Jaden McDaniels 10+ (Match),Minnesota Timberwolves,9.5,1.34,Betr,Los Angeles Lakers,NA
Minnesota Timberwolves v Los Angeles Lakers,Minnesota Timberwolves,Los Angeles Lakers,Player Points,Jaden McDaniels,Player points - Jaden McDaniels 12+ (Match),Minnesota Timberwolves,11.5,1.69,Betr,Los Angeles Lakers,NA
Minnesota Timberwolves v Los Angeles Lakers,Minnesota Timberwolves,Los Angeles Lakers,Player Points,Jaden McDaniels,Player points - Jaden McDaniels 15+ (Match),Minnesota Timberwolves,14.5,2.65,Betr,Los Angeles Lakers,NA
Minnesota Timberwolves v Los Angeles Lakers,Minnesota Timberwolves,Los Angeles Lakers,Player Points,Jaden McDaniels,Player points - Jaden McDaniels 18+ (Match),Minnesota Timberwolves,17.5,4.7,Betr,Los Angeles Lakers,NA
Minnesota Timberwolves v Los Angeles Lakers,Minnesota Timberwolves,Los Angeles Lakers,Player Points,Jaden McDaniels,Player points - Jaden McDaniels 8+ (Match),Minnesota Timberwolves,7.5,1.15,Betr,Los Angeles Lakers,NA
Minnesota Timberwolves v Los Angeles Lakers,Minnesota Timberwolves,Los Angeles Lakers,Player Points,Nickeil Alexander-Walker,Player points - N. Alexander-Walker 10+ (Match),Minnesota Timberwolves,9.5,2.7,Betr,Los Angeles Lakers,NA
Minnesota Timberwolves v Los Angeles Lakers,Minnesota Timberwolves,Los Angeles Lakers,Player Points,Nickeil Alexander-Walker,Player points - N. Alexander-Walker 12+ (Match),Minnesota Timberwolves,11.5,4.4,Betr,Los Angeles Lakers,NA
Minnesota Timberwolves v Los Angeles Lakers,Minnesota Timberwolves,Los Angeles Lakers,Player Points,Nickeil Alexander-Walker,Player points - N. Alexander-Walker 4+ (Match),Minnesota Timberwolves,3.5,1.15,Betr,Los Angeles Lakers,NA
Minnesota Timberwolves v Los Angeles Lakers,Minnesota Timberwolves,Los Angeles Lakers,Player Points,Nickeil Alexander-Walker,Player points - N. Alexander-Walker 5+ (Match),Minnesota Timberwolves,4.5,1.26,Betr,Los Angeles Lakers,NA
Minnesota Timberwolves v Los Angeles Lakers,Minnesota Timberwolves,Los Angeles Lakers,Player Points,Nickeil Alexander-Walker,Player points - N. Alexander-Walker 8+ (Match),Minnesota Timberwolves,7.5,1.87,Betr,Los Angeles Lakers,NA
Minnesota Timberwolves v Los Angeles Lakers,Minnesota Timberwolves,Los Angeles Lakers,Player Points,Julius Randle,Player points - J. Randle 12+ (Match),Minnesota Timberwolves,11.5,1.1,Betr,Los Angeles Lakers,NA
Minnesota Timberwolves v Los Angeles Lakers,Minnesota Timberwolves,Los Angeles Lakers,Player Points,Julius Randle,Player points - J. Randle 15+ (Match),Minnesota Timberwolves,14.5,1.29,Betr,Los Angeles Lakers,NA
Minnesota Timberwolves v Los Angeles Lakers,Minnesota Timberwolves,Los Angeles Lakers,Player Points,Julius Randle,Player points - J. Randle 18+ (Match),Minnesota Timberwolves,17.5,1.67,Betr,Los Angeles Lakers,NA
Minnesota Timberwolves v Los Angeles Lakers,Minnesota Timberwolves,Los Angeles Lakers,Player Points,Julius Randle,Player points - J. Randle 20+ (Match),Minnesota Timberwolves,19.5,2.05,Betr,Los Angeles Lakers,NA
Minnesota Timberwolves v Los Angeles Lakers,Minnesota Timberwolves,Los Angeles Lakers,Player Points,Julius Randle,Player points - J. Randle 25+ (Match),Minnesota Timberwolves,24.5,4.5,Betr,Los Angeles Lakers,NA
Minnesota Timberwolves v Los Angeles Lakers,Minnesota Timberwolves,Los Angeles Lakers,Player Points,Rui Hachimura,Player points - Rui Hachimura 10+ (Match),Los Angeles Lakers,9.5,1.51,Betr,Minnesota Timberwolves,NA
Minnesota Timberwolves v Los Angeles Lakers,Minnesota Timberwolves,Los Angeles Lakers,Player Points,Rui Hachimura,Player points - Rui Hachimura 12+ (Match),Los Angeles Lakers,11.5,1.95,Betr,Minnesota Timberwolves,NA
Minnesota Timberwolves v Los Angeles Lakers,Minnesota Timberwolves,Los Angeles Lakers,Player Points,Rui Hachimura,Player points - Rui Hachimura 15+ (Match),Los Angeles Lakers,14.5,3.25,Betr,Minnesota Timberwolves,NA
Minnesota Timberwolves v Los Angeles Lakers,Minnesota Timberwolves,Los Angeles Lakers,Player Points,Rui Hachimura,Player points - Rui Hachimura 18+ (Match),Los Angeles Lakers,17.5,6,Betr,Minnesota Timberwolves,NA
Minnesota Timberwolves v Los Angeles Lakers,Minnesota Timberwolves,Los Angeles Lakers,Player Points,Rui Hachimura,Player points - Rui Hachimura 8+ (Match),Los Angeles Lakers,7.5,1.24,Betr,Minnesota Timberwolves,NA
Minnesota Timberwolves v Los Angeles Lakers,Minnesota Timberwolves,Los Angeles Lakers,Player Points,Austin Reaves,Player points - Austin Reaves 12+ (Match),Los Angeles Lakers,11.5,1.11,Betr,Minnesota Timberwolves,NA
Minnesota Timberwolves v Los Angeles Lakers,Minnesota Timberwolves,Los Angeles Lakers,Player Points,Austin Reaves,Player points - Austin Reaves 15+ (Match),Los Angeles Lakers,14.5,1.31,Betr,Minnesota Timberwolves,NA
Minnesota Timberwolves v Los Angeles Lakers,Minnesota Timberwolves,Los Angeles Lakers,Player Points,Austin Reaves,Player points - Austin Reaves 18+ (Match),Los Angeles Lakers,17.5,1.69,Betr,Minnesota Timberwolves,NA
Minnesota Timberwolves v Los Angeles Lakers,Minnesota Timberwolves,Los Angeles Lakers,Player Points,Austin Reaves,Player points - Austin Reaves 20+ (Match),Los Angeles Lakers,19.5,2.1,Betr,Minnesota Timberwolves,NA
Minnesota Timberwolves v Los Angeles Lakers,Minnesota Timberwolves,Los Angeles Lakers,Player Points,Austin Reaves,Player points - Austin Reaves 25+ (Match),Los Angeles Lakers,24.5,4.5,Betr,Minnesota Timberwolves,NA
Minnesota Timberwolves v Los Angeles Lakers,Minnesota Timberwolves,Los Angeles Lakers,Player Points,Donte DiVincenzo,Player points - D. DiVincenzo 10+ (Match),Minnesota Timberwolves,9.5,1.91,Betr,Los Angeles Lakers,NA
Minnesota Timberwolves v Los Angeles Lakers,Minnesota Timberwolves,Los Angeles Lakers,Player Points,Donte DiVincenzo,Player points - D. DiVincenzo 12+ (Match),Minnesota Timberwolves,11.5,2.6,Betr,Los Angeles Lakers,NA
Minnesota Timberwolves v Los Angeles Lakers,Minnesota Timberwolves,Los Angeles Lakers,Player Points,Donte DiVincenzo,Player points - D. DiVincenzo 15+ (Match),Minnesota Timberwolves,14.5,4.7,Betr,Los Angeles Lakers,NA
Minnesota Timberwolves v Los Angeles Lakers,Minnesota Timberwolves,Los Angeles Lakers,Player Points,Donte DiVincenzo,Player points - D. DiVincenzo 5+ (Match),Minnesota Timberwolves,4.5,1.14,Betr,Los Angeles Lakers,NA
Minnesota Timberwolves v Los Angeles Lakers,Minnesota Timberwolves,Los Angeles Lakers,Player Points,Donte DiVincenzo,Player points - D. DiVincenzo 8+ (Match),Minnesota Timberwolves,7.5,1.45,Betr,Los Angeles Lakers,NA
Minnesota Timberwolves v Los Angeles Lakers,Minnesota Timberwolves,Los Angeles Lakers,Player Points,Naz Reid,Player points - N. Reid 10+ (Match),Minnesota Timberwolves,9.5,1.43,Betr,Los Angeles Lakers,NA
Minnesota Timberwolves v Los Angeles Lakers,Minnesota Timberwolves,Los Angeles Lakers,Player Points,Naz Reid,Player points - N. Reid 12+ (Match),Minnesota Timberwolves,11.5,1.8,Betr,Los Angeles Lakers,NA
Minnesota Timberwolves v Los Angeles Lakers,Minnesota Timberwolves,Los Angeles Lakers,Player Points,Naz Reid,Player points - N. Reid 15+ (Match),Minnesota Timberwolves,14.5,2.9,Betr,Los Angeles Lakers,NA
Minnesota Timberwolves v Los Angeles Lakers,Minnesota Timberwolves,Los Angeles Lakers,Player Points,Naz Reid,Player points - N. Reid 18+ (Match),Minnesota Timberwolves,17.5,5.1,Betr,Los Angeles Lakers,NA
Minnesota Timberwolves v Los Angeles Lakers,Minnesota Timberwolves,Los Angeles Lakers,Player Points,Naz Reid,Player points - N. Reid 8+ (Match),Minnesota Timberwolves,7.5,1.2,Betr,Los Angeles Lakers,NA
Minnesota Timberwolves v Los Angeles Lakers,Minnesota Timberwolves,Los Angeles Lakers,Player Points,Dorian Finney-Smith,Player points - D. Finney-Smith 10+ (Match),Los Angeles Lakers,9.5,3.25,Betr,Minnesota Timberwolves,NA
Minnesota Timberwolves v Los Angeles Lakers,Minnesota Timberwolves,Los Angeles Lakers,Player Points,Dorian Finney-Smith,Player points - D. Finney-Smith 12+ (Match),Los Angeles Lakers,11.5,5,Betr,Minnesota Timberwolves,NA
Minnesota Timberwolves v Los Angeles Lakers,Minnesota Timberwolves,Los Angeles Lakers,Player Points,Dorian Finney-Smith,Player points - D. Finney-Smith 4+ (Match),Los Angeles Lakers,3.5,1.26,Betr,Minnesota Timberwolves,NA
Minnesota Timberwolves v Los Angeles Lakers,Minnesota Timberwolves,Los Angeles Lakers,Player Points,Dorian Finney-Smith,Player points - D. Finney-Smith 5+ (Match),Los Angeles Lakers,4.5,1.34,Betr,Minnesota Timberwolves,NA
Minnesota Timberwolves v Los Angeles Lakers,Minnesota Timberwolves,Los Angeles Lakers,Player Points,Dorian Finney-Smith,Player points - D. Finney-Smith 8+ (Match),Los Angeles Lakers,7.5,2.1,Betr,Minnesota Timberwolves,NA
Miami Heat v Cleveland Cavaliers,Miami Heat,Cleveland Cavaliers,Player Points,Bam Adebayo,Player points - Bam Adebayo 15+ (Match),Miami Heat,14.5,1.24,Betr,Cleveland Cavaliers,NA
Miami Heat v Cleveland Cavaliers,Miami Heat,Cleveland Cavaliers,Player Points,Bam Adebayo,Player points - Bam Adebayo 18+ (Match),Miami Heat,17.5,1.56,Betr,Cleveland Cavaliers,NA
Miami Heat v Cleveland Cavaliers,Miami Heat,Cleveland Cavaliers,Player Points,Bam Adebayo,Player points - Bam Adebayo 20+ (Match),Miami Heat,19.5,1.95,Betr,Cleveland Cavaliers,NA
Miami Heat v Cleveland Cavaliers,Miami Heat,Cleveland Cavaliers,Player Points,Bam Adebayo,Player points - Bam Adebayo 25+ (Match),Miami Heat,24.5,4.1,Betr,Cleveland Cavaliers,NA
Miami Heat v Cleveland Cavaliers,Miami Heat,Cleveland Cavaliers,Player Points,Bam Adebayo,Player points - Bam Adebayo 30+ (Match),Miami Heat,29.5,10.5,Betr,Cleveland Cavaliers,NA
Miami Heat v Cleveland Cavaliers,Miami Heat,Cleveland Cavaliers,Player Points,Tyler Herro,Player points - T. Herro 18+ (Match),Miami Heat,17.5,1.13,Betr,Cleveland Cavaliers,NA
Miami Heat v Cleveland Cavaliers,Miami Heat,Cleveland Cavaliers,Player Points,Tyler Herro,Player points - T. Herro 20+ (Match),Miami Heat,19.5,1.22,Betr,Cleveland Cavaliers,NA
Miami Heat v Cleveland Cavaliers,Miami Heat,Cleveland Cavaliers,Player Points,Tyler Herro,Player points - T. Herro 25+ (Match),Miami Heat,24.5,1.71,Betr,Cleveland Cavaliers,NA
Miami Heat v Cleveland Cavaliers,Miami Heat,Cleveland Cavaliers,Player Points,Tyler Herro,Player points - T. Herro 30+ (Match),Miami Heat,29.5,3,Betr,Cleveland Cavaliers,NA
Miami Heat v Cleveland Cavaliers,Miami Heat,Cleveland Cavaliers,Player Points,Tyler Herro,Player points - T. Herro 35+ (Match),Miami Heat,34.5,6.25,Betr,Cleveland Cavaliers,NA
Miami Heat v Cleveland Cavaliers,Miami Heat,Cleveland Cavaliers,Player Points,Davion Mitchell,Player points - Davion Mitchell 10+ (Match),Miami Heat,9.5,1.45,Betr,Cleveland Cavaliers,NA
Miami Heat v Cleveland Cavaliers,Miami Heat,Cleveland Cavaliers,Player Points,Davion Mitchell,Player points - Davion Mitchell 12+ (Match),Miami Heat,11.5,1.91,Betr,Cleveland Cavaliers,NA
Miami Heat v Cleveland Cavaliers,Miami Heat,Cleveland Cavaliers,Player Points,Davion Mitchell,Player points - Davion Mitchell 15+ (Match),Miami Heat,14.5,3.2,Betr,Cleveland Cavaliers,NA
Miami Heat v Cleveland Cavaliers,Miami Heat,Cleveland Cavaliers,Player Points,Davion Mitchell,Player points - Davion Mitchell 18+ (Match),Miami Heat,17.5,6,Betr,Cleveland Cavaliers,NA
Miami Heat v Cleveland Cavaliers,Miami Heat,Cleveland Cavaliers,Player Points,Davion Mitchell,Player points - Davion Mitchell 8+ (Match),Miami Heat,7.5,1.23,Betr,Cleveland Cavaliers,NA
Miami Heat v Cleveland Cavaliers,Miami Heat,Cleveland Cavaliers,Player Points,Andrew Wiggins,Player points - A. Wiggins 12+ (Match),Miami Heat,11.5,1.22,Betr,Cleveland Cavaliers,NA
Miami Heat v Cleveland Cavaliers,Miami Heat,Cleveland Cavaliers,Player Points,Andrew Wiggins,Player points - A. Wiggins 15+ (Match),Miami Heat,14.5,1.56,Betr,Cleveland Cavaliers,NA
Miami Heat v Cleveland Cavaliers,Miami Heat,Cleveland Cavaliers,Player Points,Andrew Wiggins,Player points - A. Wiggins 18+ (Match),Miami Heat,17.5,2.25,Betr,Cleveland Cavaliers,NA
Miami Heat v Cleveland Cavaliers,Miami Heat,Cleveland Cavaliers,Player Points,Andrew Wiggins,Player points - A. Wiggins 20+ (Match),Miami Heat,19.5,3,Betr,Cleveland Cavaliers,NA
Miami Heat v Cleveland Cavaliers,Miami Heat,Cleveland Cavaliers,Player Points,Andrew Wiggins,Player points - A. Wiggins 10+ (Match),Miami Heat,9.5,1.1,Betr,Cleveland Cavaliers,NA
Miami Heat v Cleveland Cavaliers,Miami Heat,Cleveland Cavaliers,Player Points,Jarrett Allen,Player points - J. Allen 10+ (Match),Cleveland Cavaliers,9.5,1.43,Betr,Miami Heat,NA
Miami Heat v Cleveland Cavaliers,Miami Heat,Cleveland Cavaliers,Player Points,Jarrett Allen,Player points - J. Allen 12+ (Match),Cleveland Cavaliers,11.5,1.83,Betr,Miami Heat,NA
Miami Heat v Cleveland Cavaliers,Miami Heat,Cleveland Cavaliers,Player Points,Jarrett Allen,Player points - J. Allen 15+ (Match),Cleveland Cavaliers,14.5,3,Betr,Miami Heat,NA
Miami Heat v Cleveland Cavaliers,Miami Heat,Cleveland Cavaliers,Player Points,Jarrett Allen,Player points - J. Allen 18+ (Match),Cleveland Cavaliers,17.5,5.6,Betr,Miami Heat,NA
Miami Heat v Cleveland Cavaliers,Miami Heat,Cleveland Cavaliers,Player Points,Jarrett Allen,Player points - J. Allen 8+ (Match),Cleveland Cavaliers,7.5,1.21,Betr,Miami Heat,NA
Miami Heat v Cleveland Cavaliers,Miami Heat,Cleveland Cavaliers,Player Points,Darius Garland,Player points - D. Garland 15+ (Match),Cleveland Cavaliers,14.5,1.29,Betr,Miami Heat,NA
Miami Heat v Cleveland Cavaliers,Miami Heat,Cleveland Cavaliers,Player Points,Darius Garland,Player points - D. Garland 18+ (Match),Cleveland Cavaliers,17.5,1.61,Betr,Miami Heat,NA
Miami Heat v Cleveland Cavaliers,Miami Heat,Cleveland Cavaliers,Player Points,Darius Garland,Player points - D. Garland 20+ (Match),Cleveland Cavaliers,19.5,2.05,Betr,Miami Heat,NA
Miami Heat v Cleveland Cavaliers,Miami Heat,Cleveland Cavaliers,Player Points,Darius Garland,Player points - D. Garland 25+ (Match),Cleveland Cavaliers,24.5,4.3,Betr,Miami Heat,NA
Miami Heat v Cleveland Cavaliers,Miami Heat,Cleveland Cavaliers,Player Points,Darius Garland,Player points - D. Garland 30+ (Match),Cleveland Cavaliers,29.5,10,Betr,Miami Heat,NA
Miami Heat v Cleveland Cavaliers,Miami Heat,Cleveland Cavaliers,Player Points,NA,Player points - Donovan Mitchell 18+ (Match),NA,17.5,1.13,Betr,NA,NA
Miami Heat v Cleveland Cavaliers,Miami Heat,Cleveland Cavaliers,Player Points,NA,Player points - Donovan Mitchell 20+ (Match),NA,19.5,1.24,Betr,NA,NA
Miami Heat v Cleveland Cavaliers,Miami Heat,Cleveland Cavaliers,Player Points,NA,Player points - Donovan Mitchell 25+ (Match),NA,24.5,1.77,Betr,NA,NA
Miami Heat v Cleveland Cavaliers,Miami Heat,Cleveland Cavaliers,Player Points,NA,Player points - Donovan Mitchell 30+ (Match),NA,29.5,3.1,Betr,NA,NA
Miami Heat v Cleveland Cavaliers,Miami Heat,Cleveland Cavaliers,Player Points,NA,Player points - Donovan Mitchell 35+ (Match),NA,34.5,6.5,Betr,NA,NA
Miami Heat v Cleveland Cavaliers,Miami Heat,Cleveland Cavaliers,Player Points,Evan Mobley,Player points - Evan Mobley 12+ (Match),Cleveland Cavaliers,11.5,1.18,Betr,Miami Heat,NA
Miami Heat v Cleveland Cavaliers,Miami Heat,Cleveland Cavaliers,Player Points,Evan Mobley,Player points - Evan Mobley 15+ (Match),Cleveland Cavaliers,14.5,1.45,Betr,Miami Heat,NA
Miami Heat v Cleveland Cavaliers,Miami Heat,Cleveland Cavaliers,Player Points,Evan Mobley,Player points - Evan Mobley 18+ (Match),Cleveland Cavaliers,17.5,2.1,Betr,Miami Heat,NA
Miami Heat v Cleveland Cavaliers,Miami Heat,Cleveland Cavaliers,Player Points,Evan Mobley,Player points - Evan Mobley 20+ (Match),Cleveland Cavaliers,19.5,2.85,Betr,Miami Heat,NA
Miami Heat v Cleveland Cavaliers,Miami Heat,Cleveland Cavaliers,Player Points,Evan Mobley,Player points - Evan Mobley 25+ (Match),Cleveland Cavaliers,24.5,7.25,Betr,Miami Heat,NA
Miami Heat v Cleveland Cavaliers,Miami Heat,Cleveland Cavaliers,Player Points,Haywood Highsmith,Player points - H. Highsmith 10+ (Match),Miami Heat,9.5,3.6,Betr,Cleveland Cavaliers,NA
Miami Heat v Cleveland Cavaliers,Miami Heat,Cleveland Cavaliers,Player Points,Haywood Highsmith,Player points - H. Highsmith 12+ (Match),Miami Heat,11.5,6,Betr,Cleveland Cavaliers,NA
Miami Heat v Cleveland Cavaliers,Miami Heat,Cleveland Cavaliers,Player Points,Haywood Highsmith,Player points - H. Highsmith 4+ (Match),Miami Heat,3.5,1.27,Betr,Cleveland Cavaliers,NA
Miami Heat v Cleveland Cavaliers,Miami Heat,Cleveland Cavaliers,Player Points,Haywood Highsmith,Player points - H. Highsmith 5+ (Match),Miami Heat,4.5,1.38,Betr,Cleveland Cavaliers,NA
Miami Heat v Cleveland Cavaliers,Miami Heat,Cleveland Cavaliers,Player Points,Haywood Highsmith,Player points - H. Highsmith 8+ (Match),Miami Heat,7.5,2.3,Betr,Cleveland Cavaliers,NA
Miami Heat v Cleveland Cavaliers,Miami Heat,Cleveland Cavaliers,Player Points,Duncan Robinson,Player points - Duncan Robinson 10+ (Match),Miami Heat,9.5,5,Betr,Cleveland Cavaliers,NA
Miami Heat v Cleveland Cavaliers,Miami Heat,Cleveland Cavaliers,Player Points,Duncan Robinson,Player points - Duncan Robinson 4+ (Match),Miami Heat,3.5,1.43,Betr,Cleveland Cavaliers,NA
Miami Heat v Cleveland Cavaliers,Miami Heat,Cleveland Cavaliers,Player Points,Duncan Robinson,Player points - Duncan Robinson 5+ (Match),Miami Heat,4.5,1.56,Betr,Cleveland Cavaliers,NA
Miami Heat v Cleveland Cavaliers,Miami Heat,Cleveland Cavaliers,Player Points,Duncan Robinson,Player points - Duncan Robinson 8+ (Match),Miami Heat,7.5,2.9,Betr,Cleveland Cavaliers,NA
Miami Heat v Cleveland Cavaliers,Miami Heat,Cleveland Cavaliers,Player Points,De'Andre Hunter,Player points - D. Hunter 10+ (Match),Cleveland Cavaliers,9.5,1.87,Betr,Miami Heat,NA
Miami Heat v Cleveland Cavaliers,Miami Heat,Cleveland Cavaliers,Player Points,De'Andre Hunter,Player points - D. Hunter 12+ (Match),Cleveland Cavaliers,11.5,2.65,Betr,Miami Heat,NA
Miami Heat v Cleveland Cavaliers,Miami Heat,Cleveland Cavaliers,Player Points,De'Andre Hunter,Player points - D. Hunter 15+ (Match),Cleveland Cavaliers,14.5,4.9,Betr,Miami Heat,NA
Miami Heat v Cleveland Cavaliers,Miami Heat,Cleveland Cavaliers,Player Points,De'Andre Hunter,Player points - D. Hunter 5+ (Match),Cleveland Cavaliers,4.5,1.12,Betr,Miami Heat,NA
Miami Heat v Cleveland Cavaliers,Miami Heat,Cleveland Cavaliers,Player Points,De'Andre Hunter,Player points - D. Hunter 8+ (Match),Cleveland Cavaliers,7.5,1.43,Betr,Miami Heat,NA
Miami Heat v Cleveland Cavaliers,Miami Heat,Cleveland Cavaliers,Player Points,Ty Jerome,Player points - Ty. Jerome 10+ (Match),Cleveland Cavaliers,9.5,1.61,Betr,Miami Heat,NA
Miami Heat v Cleveland Cavaliers,Miami Heat,Cleveland Cavaliers,Player Points,Ty Jerome,Player points - Ty. Jerome 12+ (Match),Cleveland Cavaliers,11.5,2.15,Betr,Miami Heat,NA
Miami Heat v Cleveland Cavaliers,Miami Heat,Cleveland Cavaliers,Player Points,Ty Jerome,Player points - Ty. Jerome 15+ (Match),Cleveland Cavaliers,14.5,3.7,Betr,Miami Heat,NA
Miami Heat v Cleveland Cavaliers,Miami Heat,Cleveland Cavaliers,Player Points,Ty Jerome,Player points - Ty. Jerome 18+ (Match),Cleveland Cavaliers,17.5,7,Betr,Miami Heat,NA
Miami Heat v Cleveland Cavaliers,Miami Heat,Cleveland Cavaliers,Player Points,Ty Jerome,Player points - Ty. Jerome 8+ (Match),Cleveland Cavaliers,7.5,1.3,Betr,Miami Heat,NA
Golden State Warriors v Houston Rockets,Golden State Warriors,Houston Rockets,Player Points,Stephen Curry,Player points - Stephen Curry 20+ (Match),Golden State Warriors,19.5,1.15,Betr,Houston Rockets,NA
Golden State Warriors v Houston Rockets,Golden State Warriors,Houston Rockets,Player Points,Stephen Curry,Player points - Stephen Curry 25+ (Match),Golden State Warriors,24.5,1.45,Betr,Houston Rockets,NA
Golden State Warriors v Houston Rockets,Golden State Warriors,Houston Rockets,Player Points,Stephen Curry,Player points - Stephen Curry 30+ (Match),Golden State Warriors,29.5,2.3,Betr,Houston Rockets,NA
Golden State Warriors v Houston Rockets,Golden State Warriors,Houston Rockets,Player Points,Stephen Curry,Player points - Stephen Curry 35+ (Match),Golden State Warriors,34.5,4.1,Betr,Houston Rockets,NA
Golden State Warriors v Houston Rockets,Golden State Warriors,Houston Rockets,Player Points,Stephen Curry,Player points - Stephen Curry 40+ (Match),Golden State Warriors,39.5,8,Betr,Houston Rockets,NA
Golden State Warriors v Houston Rockets,Golden State Warriors,Houston Rockets,Player Points,Draymond Green,Player points - Draymond Green 10+ (Match),Golden State Warriors,9.5,2.05,Betr,Houston Rockets,NA
Golden State Warriors v Houston Rockets,Golden State Warriors,Houston Rockets,Player Points,Draymond Green,Player points - Draymond Green 12+ (Match),Golden State Warriors,11.5,2.9,Betr,Houston Rockets,NA
Golden State Warriors v Houston Rockets,Golden State Warriors,Houston Rockets,Player Points,Draymond Green,Player points - Draymond Green 15+ (Match),Golden State Warriors,14.5,5.8,Betr,Houston Rockets,NA
Golden State Warriors v Houston Rockets,Golden State Warriors,Houston Rockets,Player Points,Draymond Green,Player points - Draymond Green 5+ (Match),Golden State Warriors,4.5,1.14,Betr,Houston Rockets,NA
Golden State Warriors v Houston Rockets,Golden State Warriors,Houston Rockets,Player Points,Draymond Green,Player points - Draymond Green 8+ (Match),Golden State Warriors,7.5,1.51,Betr,Houston Rockets,NA
Golden State Warriors v Houston Rockets,Golden State Warriors,Houston Rockets,Player Points,Moses Moody,Player points - Moses Moody 10+ (Match),Golden State Warriors,9.5,1.91,Betr,Houston Rockets,NA
Golden State Warriors v Houston Rockets,Golden State Warriors,Houston Rockets,Player Points,Moses Moody,Player points - Moses Moody 12+ (Match),Golden State Warriors,11.5,2.65,Betr,Houston Rockets,NA
Golden State Warriors v Houston Rockets,Golden State Warriors,Houston Rockets,Player Points,Moses Moody,Player points - Moses Moody 15+ (Match),Golden State Warriors,14.5,5,Betr,Houston Rockets,NA
Golden State Warriors v Houston Rockets,Golden State Warriors,Houston Rockets,Player Points,Moses Moody,Player points - Moses Moody 5+ (Match),Golden State Warriors,4.5,1.12,Betr,Houston Rockets,NA
Golden State Warriors v Houston Rockets,Golden State Warriors,Houston Rockets,Player Points,Moses Moody,Player points - Moses Moody 8+ (Match),Golden State Warriors,7.5,1.45,Betr,Houston Rockets,NA
Golden State Warriors v Houston Rockets,Golden State Warriors,Houston Rockets,Player Points,Brandin Podziemski,Player points - Brandin Podziemski 10+ (Match),Golden State Warriors,9.5,1.25,Betr,Houston Rockets,NA
Golden State Warriors v Houston Rockets,Golden State Warriors,Houston Rockets,Player Points,Brandin Podziemski,Player points - Brandin Podziemski 12+ (Match),Golden State Warriors,11.5,1.45,Betr,Houston Rockets,NA
Golden State Warriors v Houston Rockets,Golden State Warriors,Houston Rockets,Player Points,Brandin Podziemski,Player points - Brandin Podziemski 15+ (Match),Golden State Warriors,14.5,2.1,Betr,Houston Rockets,NA
Golden State Warriors v Houston Rockets,Golden State Warriors,Houston Rockets,Player Points,Brandin Podziemski,Player points - Brandin Podziemski 18+ (Match),Golden State Warriors,17.5,3.5,Betr,Houston Rockets,NA
Golden State Warriors v Houston Rockets,Golden State Warriors,Houston Rockets,Player Points,Brandin Podziemski,Player points - Brandin Podziemski 20+ (Match),Golden State Warriors,19.5,5,Betr,Houston Rockets,NA
Golden State Warriors v Houston Rockets,Golden State Warriors,Houston Rockets,Player Points,Javonte Green,Player points - Jalen Green 15+ (Match),New Orleans Pelicans,14.5,1.18,Betr,Golden State Warriors,NA
Golden State Warriors v Houston Rockets,Golden State Warriors,Houston Rockets,Player Points,Jalen Green,Player points - Jalen Green 15+ (Match),Houston Rockets,14.5,1.18,Betr,Golden State Warriors,NA
Golden State Warriors v Houston Rockets,Golden State Warriors,Houston Rockets,Player Points,Javonte Green,Player points - Jalen Green 18+ (Match),New Orleans Pelicans,17.5,1.43,Betr,Golden State Warriors,NA
Golden State Warriors v Houston Rockets,Golden State Warriors,Houston Rockets,Player Points,Jalen Green,Player points - Jalen Green 18+ (Match),Houston Rockets,17.5,1.43,Betr,Golden State Warriors,NA
Golden State Warriors v Houston Rockets,Golden State Warriors,Houston Rockets,Player Points,Javonte Green,Player points - Jalen Green 20+ (Match),New Orleans Pelicans,19.5,1.69,Betr,Golden State Warriors,NA
Golden State Warriors v Houston Rockets,Golden State Warriors,Houston Rockets,Player Points,Jalen Green,Player points - Jalen Green 20+ (Match),Houston Rockets,19.5,1.69,Betr,Golden State Warriors,NA
Golden State Warriors v Houston Rockets,Golden State Warriors,Houston Rockets,Player Points,Javonte Green,Player points - Jalen Green 25+ (Match),New Orleans Pelicans,24.5,3.1,Betr,Golden State Warriors,NA
Golden State Warriors v Houston Rockets,Golden State Warriors,Houston Rockets,Player Points,Jalen Green,Player points - Jalen Green 25+ (Match),Houston Rockets,24.5,3.1,Betr,Golden State Warriors,NA
Golden State Warriors v Houston Rockets,Golden State Warriors,Houston Rockets,Player Points,Javonte Green,Player points - Jalen Green 30+ (Match),New Orleans Pelicans,29.5,7,Betr,Golden State Warriors,NA
Golden State Warriors v Houston Rockets,Golden State Warriors,Houston Rockets,Player Points,Jalen Green,Player points - Jalen Green 30+ (Match),Houston Rockets,29.5,7,Betr,Golden State Warriors,NA
Golden State Warriors v Houston Rockets,Golden State Warriors,Houston Rockets,Player Points,Alperen Sengun,Player points - A. Sengün 15+ (Match),Houston Rockets,14.5,1.22,Betr,Golden State Warriors,NA
Golden State Warriors v Houston Rockets,Golden State Warriors,Houston Rockets,Player Points,Alperen Sengun,Player points - A. Sengün 18+ (Match),Houston Rockets,17.5,1.5,Betr,Golden State Warriors,NA
Golden State Warriors v Houston Rockets,Golden State Warriors,Houston Rockets,Player Points,Alperen Sengun,Player points - A. Sengün 20+ (Match),Houston Rockets,19.5,1.8,Betr,Golden State Warriors,NA
Golden State Warriors v Houston Rockets,Golden State Warriors,Houston Rockets,Player Points,Alperen Sengun,Player points - A. Sengün 25+ (Match),Houston Rockets,24.5,3.5,Betr,Golden State Warriors,NA
Golden State Warriors v Houston Rockets,Golden State Warriors,Houston Rockets,Player Points,Alperen Sengun,Player points - A. Sengün 30+ (Match),Houston Rockets,29.5,8,Betr,Golden State Warriors,NA
Golden State Warriors v Houston Rockets,Golden State Warriors,Houston Rockets,Player Points,NA,Player points - Amen Thompson 10+ (Match),NA,9.5,1.31,Betr,NA,NA
Golden State Warriors v Houston Rockets,Golden State Warriors,Houston Rockets,Player Points,NA,Player points - Amen Thompson 12+ (Match),NA,11.5,1.61,Betr,NA,NA
Golden State Warriors v Houston Rockets,Golden State Warriors,Houston Rockets,Player Points,NA,Player points - Amen Thompson 15+ (Match),NA,14.5,2.45,Betr,NA,NA
Golden State Warriors v Houston Rockets,Golden State Warriors,Houston Rockets,Player Points,NA,Player points - Amen Thompson 18+ (Match),NA,17.5,4.4,Betr,NA,NA
Golden State Warriors v Houston Rockets,Golden State Warriors,Houston Rockets,Player Points,NA,Player points - Amen Thompson 8+ (Match),NA,7.5,1.14,Betr,NA,NA
Golden State Warriors v Houston Rockets,Golden State Warriors,Houston Rockets,Player Points,Fred VanVleet,Player points - F. VanVleet 10+ (Match),Houston Rockets,9.5,1.34,Betr,Golden State Warriors,NA
Golden State Warriors v Houston Rockets,Golden State Warriors,Houston Rockets,Player Points,Fred VanVleet,Player points - F. VanVleet 12+ (Match),Houston Rockets,11.5,1.61,Betr,Golden State Warriors,NA
Golden State Warriors v Houston Rockets,Golden State Warriors,Houston Rockets,Player Points,Fred VanVleet,Player points - F. VanVleet 15+ (Match),Houston Rockets,14.5,2.45,Betr,Golden State Warriors,NA
Golden State Warriors v Houston Rockets,Golden State Warriors,Houston Rockets,Player Points,Fred VanVleet,Player points - F. VanVleet 18+ (Match),Houston Rockets,17.5,4.1,Betr,Golden State Warriors,NA
Golden State Warriors v Houston Rockets,Golden State Warriors,Houston Rockets,Player Points,Fred VanVleet,Player points - F. VanVleet 8+ (Match),Houston Rockets,7.5,1.17,Betr,Golden State Warriors,NA
Golden State Warriors v Houston Rockets,Golden State Warriors,Houston Rockets,Player Points,Dillon Brooks,Player points - Dillon Brooks 10+ (Match),Houston Rockets,9.5,1.45,Betr,Golden State Warriors,NA
Golden State Warriors v Houston Rockets,Golden State Warriors,Houston Rockets,Player Points,Dillon Brooks,Player points - Dillon Brooks 12+ (Match),Houston Rockets,11.5,1.83,Betr,Golden State Warriors,NA
Golden State Warriors v Houston Rockets,Golden State Warriors,Houston Rockets,Player Points,Dillon Brooks,Player points - Dillon Brooks 15+ (Match),Houston Rockets,14.5,3,Betr,Golden State Warriors,NA
Golden State Warriors v Houston Rockets,Golden State Warriors,Houston Rockets,Player Points,Dillon Brooks,Player points - Dillon Brooks 18+ (Match),Houston Rockets,17.5,5.5,Betr,Golden State Warriors,NA
Golden State Warriors v Houston Rockets,Golden State Warriors,Houston Rockets,Player Points,Dillon Brooks,Player points - Dillon Brooks 8+ (Match),Houston Rockets,7.5,1.22,Betr,Golden State Warriors,NA
Golden State Warriors v Houston Rockets,Golden State Warriors,Houston Rockets,Player Points,Steven Adams,Player points - S. Adams 4+ (Match),Houston Rockets,3.5,1.83,Betr,Golden State Warriors,NA
Golden State Warriors v Houston Rockets,Golden State Warriors,Houston Rockets,Player Points,Steven Adams,Player points - S. Adams 5+ (Match),Houston Rockets,4.5,2.35,Betr,Golden State Warriors,NA
Golden State Warriors v Houston Rockets,Golden State Warriors,Houston Rockets,Player Points,Steven Adams,Player points - S. Adams 8+ (Match),Houston Rockets,7.5,6,Betr,Golden State Warriors,NA
Golden State Warriors v Houston Rockets,Golden State Warriors,Houston Rockets,Player Points,Tari Eason,Player points - Tari Eason 10+ (Match),Houston Rockets,9.5,2.1,Betr,Golden State Warriors,NA
Golden State Warriors v Houston Rockets,Golden State Warriors,Houston Rockets,Player Points,Tari Eason,Player points - Tari Eason 12+ (Match),Houston Rockets,11.5,3.25,Betr,Golden State Warriors,NA
Golden State Warriors v Houston Rockets,Golden State Warriors,Houston Rockets,Player Points,Tari Eason,Player points - Tari Eason 15+ (Match),Houston Rockets,14.5,6.75,Betr,Golden State Warriors,NA
Golden State Warriors v Houston Rockets,Golden State Warriors,Houston Rockets,Player Points,Tari Eason,Player points - Tari Eason 5+ (Match),Houston Rockets,4.5,1.14,Betr,Golden State Warriors,NA
Golden State Warriors v Houston Rockets,Golden State Warriors,Houston Rockets,Player Points,Tari Eason,Player points - Tari Eason 8+ (Match),Houston Rockets,7.5,1.56,Betr,Golden State Warriors,NA
Detroit Pistons v New York Knicks,Detroit Pistons,New York Knicks,Player Points,Malik Beasley,Player points - Malik Beasley 10+ (Match),Detroit Pistons,9.5,1.25,Betr,New York Knicks,NA
Detroit Pistons v New York Knicks,Detroit Pistons,New York Knicks,Player Points,Malik Beasley,Player points - Malik Beasley 12+ (Match),Detroit Pistons,11.5,1.45,Betr,New York Knicks,NA
Detroit Pistons v New York Knicks,Detroit Pistons,New York Knicks,Player Points,Malik Beasley,Player points - Malik Beasley 15+ (Match),Detroit Pistons,14.5,2,Betr,New York Knicks,NA
Detroit Pistons v New York Knicks,Detroit Pistons,New York Knicks,Player Points,Malik Beasley,Player points - Malik Beasley 18+ (Match),Detroit Pistons,17.5,3,Betr,New York Knicks,NA
Detroit Pistons v New York Knicks,Detroit Pistons,New York Knicks,Player Points,Malik Beasley,Player points - Malik Beasley 20+ (Match),Detroit Pistons,19.5,4.2,Betr,New York Knicks,NA
Detroit Pistons v New York Knicks,Detroit Pistons,New York Knicks,Player Points,Cade Cunningham,Player points - Cade Cunningham 20+ (Match),Detroit Pistons,19.5,1.11,Betr,New York Knicks,NA
Detroit Pistons v New York Knicks,Detroit Pistons,New York Knicks,Player Points,Cade Cunningham,Player points - Cade Cunningham 25+ (Match),Detroit Pistons,24.5,1.42,Betr,New York Knicks,NA
Detroit Pistons v New York Knicks,Detroit Pistons,New York Knicks,Player Points,Cade Cunningham,Player points - Cade Cunningham 30+ (Match),Detroit Pistons,29.5,2.2,Betr,New York Knicks,NA
Detroit Pistons v New York Knicks,Detroit Pistons,New York Knicks,Player Points,Cade Cunningham,Player points - Cade Cunningham 35+ (Match),Detroit Pistons,34.5,4.2,Betr,New York Knicks,NA
Detroit Pistons v New York Knicks,Detroit Pistons,New York Knicks,Player Points,Cade Cunningham,Player points - Cade Cunningham 40+ (Match),Detroit Pistons,39.5,9,Betr,New York Knicks,NA
Detroit Pistons v New York Knicks,Detroit Pistons,New York Knicks,Player Points,Jalen Duren,Player points - Jalen Duren 10+ (Match),Detroit Pistons,9.5,1.45,Betr,New York Knicks,NA
Detroit Pistons v New York Knicks,Detroit Pistons,New York Knicks,Player Points,Jalen Duren,Player points - Jalen Duren 12+ (Match),Detroit Pistons,11.5,1.87,Betr,New York Knicks,NA
Detroit Pistons v New York Knicks,Detroit Pistons,New York Knicks,Player Points,Jalen Duren,Player points - Jalen Duren 15+ (Match),Detroit Pistons,14.5,3.1,Betr,New York Knicks,NA
Detroit Pistons v New York Knicks,Detroit Pistons,New York Knicks,Player Points,Jalen Duren,Player points - Jalen Duren 18+ (Match),Detroit Pistons,17.5,5.9,Betr,New York Knicks,NA
Detroit Pistons v New York Knicks,Detroit Pistons,New York Knicks,Player Points,Jalen Duren,Player points - Jalen Duren 8+ (Match),Detroit Pistons,7.5,1.21,Betr,New York Knicks,NA
Detroit Pistons v New York Knicks,Detroit Pistons,New York Knicks,Player Points,Tim Hardaway Jr.,Player points - T. Hardaway Jr. 10+ (Match),Detroit Pistons,9.5,1.74,Betr,New York Knicks,NA
Detroit Pistons v New York Knicks,Detroit Pistons,New York Knicks,Player Points,Tim Hardaway Jr.,Player points - T. Hardaway Jr. 12+ (Match),Detroit Pistons,11.5,2.3,Betr,New York Knicks,NA
Detroit Pistons v New York Knicks,Detroit Pistons,New York Knicks,Player Points,Tim Hardaway Jr.,Player points - T. Hardaway Jr. 15+ (Match),Detroit Pistons,14.5,4,Betr,New York Knicks,NA
Detroit Pistons v New York Knicks,Detroit Pistons,New York Knicks,Player Points,Tim Hardaway Jr.,Player points - T. Hardaway Jr. 5+ (Match),Detroit Pistons,4.5,1.09,Betr,New York Knicks,NA
Detroit Pistons v New York Knicks,Detroit Pistons,New York Knicks,Player Points,Tim Hardaway Jr.,Player points - T. Hardaway Jr. 8+ (Match),Detroit Pistons,7.5,1.36,Betr,New York Knicks,NA
Detroit Pistons v New York Knicks,Detroit Pistons,New York Knicks,Player Points,Tobias Harris,Player points - T. Harris 10+ (Match),Detroit Pistons,9.5,1.17,Betr,New York Knicks,NA
Detroit Pistons v New York Knicks,Detroit Pistons,New York Knicks,Player Points,Tobias Harris,Player points - T. Harris 12+ (Match),Detroit Pistons,11.5,1.34,Betr,New York Knicks,NA
Detroit Pistons v New York Knicks,Detroit Pistons,New York Knicks,Player Points,Tobias Harris,Player points - T. Harris 15+ (Match),Detroit Pistons,14.5,1.87,Betr,New York Knicks,NA
Detroit Pistons v New York Knicks,Detroit Pistons,New York Knicks,Player Points,Tobias Harris,Player points - T. Harris 18+ (Match),Detroit Pistons,17.5,2.9,Betr,New York Knicks,NA
Detroit Pistons v New York Knicks,Detroit Pistons,New York Knicks,Player Points,Tobias Harris,Player points - T. Harris 20+ (Match),Detroit Pistons,19.5,4.2,Betr,New York Knicks,NA
Detroit Pistons v New York Knicks,Detroit Pistons,New York Knicks,Player Points,Ausar Thompson,Player points - Ausar Thompson 10+ (Match),Detroit Pistons,9.5,1.91,Betr,New York Knicks,NA
Detroit Pistons v New York Knicks,Detroit Pistons,New York Knicks,Player Points,Ausar Thompson,Player points - Ausar Thompson 12+ (Match),Detroit Pistons,11.5,2.8,Betr,New York Knicks,NA
Detroit Pistons v New York Knicks,Detroit Pistons,New York Knicks,Player Points,Ausar Thompson,Player points - Ausar Thompson 15+ (Match),Detroit Pistons,14.5,5.5,Betr,New York Knicks,NA
Detroit Pistons v New York Knicks,Detroit Pistons,New York Knicks,Player Points,Ausar Thompson,Player points - Ausar Thompson 5+ (Match),Detroit Pistons,4.5,1.11,Betr,New York Knicks,NA
Detroit Pistons v New York Knicks,Detroit Pistons,New York Knicks,Player Points,Ausar Thompson,Player points - Ausar Thompson 8+ (Match),Detroit Pistons,7.5,1.45,Betr,New York Knicks,NA
Detroit Pistons v New York Knicks,Detroit Pistons,New York Knicks,Player Points,OG Anunoby,Player points - O.G. Anunoby 12+ (Match),New York Knicks,11.5,1.17,Betr,Detroit Pistons,NA
Detroit Pistons v New York Knicks,Detroit Pistons,New York Knicks,Player Points,OG Anunoby,Player points - O.G. Anunoby 15+ (Match),New York Knicks,14.5,1.4,Betr,Detroit Pistons,NA
Detroit Pistons v New York Knicks,Detroit Pistons,New York Knicks,Player Points,OG Anunoby,Player points - O.G. Anunoby 18+ (Match),New York Knicks,17.5,1.91,Betr,Detroit Pistons,NA
Detroit Pistons v New York Knicks,Detroit Pistons,New York Knicks,Player Points,OG Anunoby,Player points - O.G. Anunoby 20+ (Match),New York Knicks,19.5,2.45,Betr,Detroit Pistons,NA
Detroit Pistons v New York Knicks,Detroit Pistons,New York Knicks,Player Points,OG Anunoby,Player points - O.G. Anunoby 25+ (Match),New York Knicks,24.5,5.5,Betr,Detroit Pistons,NA
Detroit Pistons v New York Knicks,Detroit Pistons,New York Knicks,Player Points,Mikal Bridges,Player points - Mikal Bridges 10+ (Match),New York Knicks,9.5,1.1,Betr,Detroit Pistons,NA
Detroit Pistons v New York Knicks,Detroit Pistons,New York Knicks,Player Points,Mikal Bridges,Player points - Mikal Bridges 12+ (Match),New York Knicks,11.5,1.21,Betr,Detroit Pistons,NA
Detroit Pistons v New York Knicks,Detroit Pistons,New York Knicks,Player Points,Mikal Bridges,Player points - Mikal Bridges 15+ (Match),New York Knicks,14.5,1.54,Betr,Detroit Pistons,NA
Detroit Pistons v New York Knicks,Detroit Pistons,New York Knicks,Player Points,Mikal Bridges,Player points - Mikal Bridges 18+ (Match),New York Knicks,17.5,2.2,Betr,Detroit Pistons,NA
Detroit Pistons v New York Knicks,Detroit Pistons,New York Knicks,Player Points,Mikal Bridges,Player points - Mikal Bridges 20+ (Match),New York Knicks,19.5,2.9,Betr,Detroit Pistons,NA
Detroit Pistons v New York Knicks,Detroit Pistons,New York Knicks,Player Points,Jalen Brunson,Player points - Jalen Brunson 20+ (Match),New York Knicks,19.5,1.07,Betr,Detroit Pistons,NA
Detroit Pistons v New York Knicks,Detroit Pistons,New York Knicks,Player Points,Jalen Brunson,Player points - Jalen Brunson 25+ (Match),New York Knicks,24.5,1.28,Betr,Detroit Pistons,NA
Detroit Pistons v New York Knicks,Detroit Pistons,New York Knicks,Player Points,Jalen Brunson,Player points - Jalen Brunson 30+ (Match),New York Knicks,29.5,1.8,Betr,Detroit Pistons,NA
Detroit Pistons v New York Knicks,Detroit Pistons,New York Knicks,Player Points,Jalen Brunson,Player points - Jalen Brunson 35+ (Match),New York Knicks,34.5,3,Betr,Detroit Pistons,NA
Detroit Pistons v New York Knicks,Detroit Pistons,New York Knicks,Player Points,Jalen Brunson,Player points - Jalen Brunson 40+ (Match),New York Knicks,39.5,6,Betr,Detroit Pistons,NA
Detroit Pistons v New York Knicks,Detroit Pistons,New York Knicks,Player Points,Josh Hart,Player points - Josh Hart 10+ (Match),New York Knicks,9.5,1.42,Betr,Detroit Pistons,NA
Detroit Pistons v New York Knicks,Detroit Pistons,New York Knicks,Player Points,Josh Hart,Player points - Josh Hart 12+ (Match),New York Knicks,11.5,1.77,Betr,Detroit Pistons,NA
Detroit Pistons v New York Knicks,Detroit Pistons,New York Knicks,Player Points,Josh Hart,Player points - Josh Hart 15+ (Match),New York Knicks,14.5,2.9,Betr,Detroit Pistons,NA
Detroit Pistons v New York Knicks,Detroit Pistons,New York Knicks,Player Points,Josh Hart,Player points - Josh Hart 18+ (Match),New York Knicks,17.5,5.4,Betr,Detroit Pistons,NA
Detroit Pistons v New York Knicks,Detroit Pistons,New York Knicks,Player Points,Josh Hart,Player points - Josh Hart 8+ (Match),New York Knicks,7.5,1.2,Betr,Detroit Pistons,NA
Detroit Pistons v New York Knicks,Detroit Pistons,New York Knicks,Player Points,Karl-Anthony Towns,Player points - K. Towns 18+ (Match),New York Knicks,17.5,1.18,Betr,Detroit Pistons,NA
Detroit Pistons v New York Knicks,Detroit Pistons,New York Knicks,Player Points,Karl-Anthony Towns,Player points - K. Towns 20+ (Match),New York Knicks,19.5,1.31,Betr,Detroit Pistons,NA
Detroit Pistons v New York Knicks,Detroit Pistons,New York Knicks,Player Points,Karl-Anthony Towns,Player points - K. Towns 25+ (Match),New York Knicks,24.5,2.05,Betr,Detroit Pistons,NA
Detroit Pistons v New York Knicks,Detroit Pistons,New York Knicks,Player Points,Karl-Anthony Towns,Player points - K. Towns 30+ (Match),New York Knicks,29.5,4.1,Betr,Detroit Pistons,NA
Detroit Pistons v New York Knicks,Detroit Pistons,New York Knicks,Player Points,Karl-Anthony Towns,Player points - K. Towns 35+ (Match),New York Knicks,34.5,9.5,Betr,Detroit Pistons,NA
Orlando Magic v Boston Celtics,Orlando Magic,Boston Celtics,Player Points,Paolo Banchero,NA,Orlando Magic,26.5,1.56,Betr,Boston Celtics,2.25
Orlando Magic v Boston Celtics,Orlando Magic,Boston Celtics,Player Points,Paolo Banchero,NA,Orlando Magic,27.5,1.74,Betr,Boston Celtics,2
Orlando Magic v Boston Celtics,Orlando Magic,Boston Celtics,Player Points,Paolo Banchero,NA,Orlando Magic,28.5,1.91,Betr,Boston Celtics,1.83
Orlando Magic v Boston Celtics,Orlando Magic,Boston Celtics,Player Points,Paolo Banchero,NA,Orlando Magic,29.5,2.1,Betr,Boston Celtics,1.69
Orlando Magic v Boston Celtics,Orlando Magic,Boston Celtics,Player Points,Franz Wagner,NA,Orlando Magic,22.5,1.54,Betr,Boston Celtics,2.4
Orlando Magic v Boston Celtics,Orlando Magic,Boston Celtics,Player Points,Franz Wagner,NA,Orlando Magic,23.5,1.67,Betr,Boston Celtics,2.1
Orlando Magic v Boston Celtics,Orlando Magic,Boston Celtics,Player Points,Payton Pritchard,NA,Boston Celtics,13.5,1.87,Betr,Orlando Magic,1.87
Orlando Magic v Boston Celtics,Orlando Magic,Boston Celtics,Player Points,Payton Pritchard,NA,Boston Celtics,14.5,2.15,Betr,Orlando Magic,1.67
Orlando Magic v Boston Celtics,Orlando Magic,Boston Celtics,Player Points,Payton Pritchard,NA,Boston Celtics,15.5,2.5,Betr,Orlando Magic,1.5
Orlando Magic v Boston Celtics,Orlando Magic,Boston Celtics,Player Points,Payton Pritchard,NA,Boston Celtics,16.5,2.9,Betr,Orlando Magic,1.37
Orlando Magic v Boston Celtics,Orlando Magic,Boston Celtics,Player Points,Payton Pritchard,NA,Boston Celtics,17.5,3.5,Betr,Orlando Magic,1.28
Orlando Magic v Boston Celtics,Orlando Magic,Boston Celtics,Player Points,Jaylen Brown,NA,Boston Celtics,28.5,3.3,Betr,Orlando Magic,1.31
Orlando Magic v Boston Celtics,Orlando Magic,Boston Celtics,Player Points,Jrue Holiday,NA,Boston Celtics,9.5,1.61,Betr,Orlando Magic,2.25
Orlando Magic v Boston Celtics,Orlando Magic,Boston Celtics,Player Points,Jrue Holiday,NA,Boston Celtics,10.5,1.83,Betr,Orlando Magic,1.91
Orlando Magic v Boston Celtics,Orlando Magic,Boston Celtics,Player Points,Jrue Holiday,NA,Boston Celtics,11.5,2.15,Betr,Orlando Magic,1.67
Orlando Magic v Boston Celtics,Orlando Magic,Boston Celtics,Player Points,Jrue Holiday,NA,Boston Celtics,12.5,2.55,Betr,Orlando Magic,1.45
Orlando Magic v Boston Celtics,Orlando Magic,Boston Celtics,Player Points,Jrue Holiday,NA,Boston Celtics,13.5,3.1,Betr,Orlando Magic,1.34
Orlando Magic v Boston Celtics,Orlando Magic,Boston Celtics,Player Points,Derrick White,NA,Boston Celtics,18.5,2.35,Betr,Orlando Magic,1.56
Orlando Magic v Boston Celtics,Orlando Magic,Boston Celtics,Player Points,Derrick White,NA,Boston Celtics,19.5,2.65,Betr,Orlando Magic,1.45
Orlando Magic v Boston Celtics,Orlando Magic,Boston Celtics,Player Points,NA,NA,NA,18.5,1.71,Betr,NA,2.05
Orlando Magic v Boston Celtics,Orlando Magic,Boston Celtics,Player Points,Paolo Banchero,NA,Orlando Magic,30.5,2.35,Betr,Boston Celtics,1.56
Orlando Magic v Boston Celtics,Orlando Magic,Boston Celtics,Player Points,Jaylen Brown,NA,Boston Celtics,26.5,2.45,Betr,Orlando Magic,1.51
Orlando Magic v Boston Celtics,Orlando Magic,Boston Celtics,Player Points,Jaylen Brown,NA,Boston Celtics,27.5,2.8,Betr,Orlando Magic,1.4
Orlando Magic v Boston Celtics,Orlando Magic,Boston Celtics,Player Points,NA,NA,NA,20.5,2.15,Betr,NA,1.65
Orlando Magic v Boston Celtics,Orlando Magic,Boston Celtics,Player Points,NA,NA,NA,21.5,2.45,Betr,NA,1.51
Orlando Magic v Boston Celtics,Orlando Magic,Boston Celtics,Player Points,NA,NA,NA,22.5,2.9,Betr,NA,1.38
Orlando Magic v Boston Celtics,Orlando Magic,Boston Celtics,Player Points,Derrick White,NA,Boston Celtics,15.5,1.62,Betr,Orlando Magic,2.15
Orlando Magic v Boston Celtics,Orlando Magic,Boston Celtics,Player Points,Derrick White,NA,Boston Celtics,16.5,1.8,Betr,Orlando Magic,1.91
Orlando Magic v Boston Celtics,Orlando Magic,Boston Celtics,Player Points,Derrick White,NA,Boston Celtics,17.5,2.05,Betr,Orlando Magic,1.71
Orlando Magic v Boston Celtics,Orlando Magic,Boston Celtics,Player Points,Franz Wagner,NA,Orlando Magic,24.5,1.83,Betr,Boston Celtics,1.91
Orlando Magic v Boston Celtics,Orlando Magic,Boston Celtics,Player Points,Franz Wagner,NA,Orlando Magic,25.5,2.05,Betr,Boston Celtics,1.71
Orlando Magic v Boston Celtics,Orlando Magic,Boston Celtics,Player Points,Franz Wagner,NA,Orlando Magic,26.5,2.3,Betr,Boston Celtics,1.56
Orlando Magic v Boston Celtics,Orlando Magic,Boston Celtics,Player Points,Jaylen Brown,NA,Boston Celtics,24.5,1.95,Betr,Orlando Magic,1.8
Orlando Magic v Boston Celtics,Orlando Magic,Boston Celtics,Player Points,Jaylen Brown,NA,Boston Celtics,25.5,2.2,Betr,Orlando Magic,1.61
Orlando Magic v Boston Celtics,Orlando Magic,Boston Celtics,Player Points,NA,NA,NA,19.5,1.91,Betr,NA,1.83
Milwaukee Bucks v Indiana Pacers,Milwaukee Bucks,Indiana Pacers,Player Points,Kyle Kuzma,NA,Milwaukee Bucks,8.5,1.4,Betr,Indiana Pacers,2.8
Milwaukee Bucks v Indiana Pacers,Milwaukee Bucks,Indiana Pacers,Player Points,Kyle Kuzma,NA,Milwaukee Bucks,9.5,1.56,Betr,Indiana Pacers,2.3
Milwaukee Bucks v Indiana Pacers,Milwaukee Bucks,Indiana Pacers,Player Points,Kyle Kuzma,NA,Milwaukee Bucks,10.5,1.8,Betr,Indiana Pacers,1.95
Milwaukee Bucks v Indiana Pacers,Milwaukee Bucks,Indiana Pacers,Player Points,Kyle Kuzma,NA,Milwaukee Bucks,11.5,2.05,Betr,Indiana Pacers,1.71
Milwaukee Bucks v Indiana Pacers,Milwaukee Bucks,Indiana Pacers,Player Points,Kyle Kuzma,NA,Milwaukee Bucks,12.5,2.45,Betr,Indiana Pacers,1.51
Milwaukee Bucks v Indiana Pacers,Milwaukee Bucks,Indiana Pacers,Player Points,Damian Lillard,NA,Milwaukee Bucks,21.5,1.45,Betr,Indiana Pacers,2.3
Milwaukee Bucks v Indiana Pacers,Milwaukee Bucks,Indiana Pacers,Player Points,Andrew Nembhard,NA,Indiana Pacers,9.5,1.61,Betr,Milwaukee Bucks,2.25
Milwaukee Bucks v Indiana Pacers,Milwaukee Bucks,Indiana Pacers,Player Points,Andrew Nembhard,NA,Indiana Pacers,10.5,1.83,Betr,Milwaukee Bucks,1.91
Milwaukee Bucks v Indiana Pacers,Milwaukee Bucks,Indiana Pacers,Player Points,Andrew Nembhard,NA,Indiana Pacers,11.5,2.15,Betr,Milwaukee Bucks,1.67
Milwaukee Bucks v Indiana Pacers,Milwaukee Bucks,Indiana Pacers,Player Points,Brook Lopez,NA,Milwaukee Bucks,10.5,2.55,Betr,Indiana Pacers,1.45
Milwaukee Bucks v Indiana Pacers,Milwaukee Bucks,Indiana Pacers,Player Points,Damian Lillard,NA,Milwaukee Bucks,24.5,2.1,Betr,Indiana Pacers,1.67
Milwaukee Bucks v Indiana Pacers,Milwaukee Bucks,Indiana Pacers,Player Points,Damian Lillard,NA,Milwaukee Bucks,25.5,2.4,Betr,Indiana Pacers,1.54
Milwaukee Bucks v Indiana Pacers,Milwaukee Bucks,Indiana Pacers,Player Points,Bennedict Mathurin,NA,Indiana Pacers,11.5,1.74,Betr,Milwaukee Bucks,2.05
Milwaukee Bucks v Indiana Pacers,Milwaukee Bucks,Indiana Pacers,Player Points,Bennedict Mathurin,NA,Indiana Pacers,12.5,2,Betr,Milwaukee Bucks,1.77
Milwaukee Bucks v Indiana Pacers,Milwaukee Bucks,Indiana Pacers,Player Points,Bennedict Mathurin,NA,Indiana Pacers,13.5,2.35,Betr,Milwaukee Bucks,1.56
Milwaukee Bucks v Indiana Pacers,Milwaukee Bucks,Indiana Pacers,Player Points,Bennedict Mathurin,NA,Indiana Pacers,14.5,2.8,Betr,Milwaukee Bucks,1.4
Milwaukee Bucks v Indiana Pacers,Milwaukee Bucks,Indiana Pacers,Player Points,Andrew Nembhard,NA,Indiana Pacers,7.5,1.28,Betr,Milwaukee Bucks,3.5
Milwaukee Bucks v Indiana Pacers,Milwaukee Bucks,Indiana Pacers,Player Points,Andrew Nembhard,NA,Indiana Pacers,8.5,1.42,Betr,Milwaukee Bucks,2.7
Milwaukee Bucks v Indiana Pacers,Milwaukee Bucks,Indiana Pacers,Player Points,Gary Trent Jr.,NA,Milwaukee Bucks,7.5,1.54,Betr,Indiana Pacers,2.35
Milwaukee Bucks v Indiana Pacers,Milwaukee Bucks,Indiana Pacers,Player Points,Gary Trent Jr.,NA,Milwaukee Bucks,8.5,1.77,Betr,Indiana Pacers,2
Milwaukee Bucks v Indiana Pacers,Milwaukee Bucks,Indiana Pacers,Player Points,Gary Trent Jr.,NA,Milwaukee Bucks,9.5,2.05,Betr,Indiana Pacers,1.71
Milwaukee Bucks v Indiana Pacers,Milwaukee Bucks,Indiana Pacers,Player Points,Gary Trent Jr.,NA,Milwaukee Bucks,10.5,2.4,Betr,Indiana Pacers,1.54
Milwaukee Bucks v Indiana Pacers,Milwaukee Bucks,Indiana Pacers,Player Points,Gary Trent Jr.,NA,Milwaukee Bucks,11.5,2.9,Betr,Indiana Pacers,1.38
Milwaukee Bucks v Indiana Pacers,Milwaukee Bucks,Indiana Pacers,Player Points,Bennedict Mathurin,NA,Indiana Pacers,10.5,1.53,Betr,Milwaukee Bucks,2.4
Milwaukee Bucks v Indiana Pacers,Milwaukee Bucks,Indiana Pacers,Player Points,Brook Lopez,NA,Milwaukee Bucks,9.5,2.15,Betr,Indiana Pacers,1.67
Milwaukee Bucks v Indiana Pacers,Milwaukee Bucks,Indiana Pacers,Player Points,Bobby Portis,NA,Milwaukee Bucks,12.5,1.56,Betr,Indiana Pacers,2.35
Milwaukee Bucks v Indiana Pacers,Milwaukee Bucks,Indiana Pacers,Player Points,Bobby Portis,NA,Milwaukee Bucks,13.5,1.77,Betr,Indiana Pacers,1.92
Milwaukee Bucks v Indiana Pacers,Milwaukee Bucks,Indiana Pacers,Player Points,Bobby Portis,NA,Milwaukee Bucks,14.5,2,Betr,Indiana Pacers,1.67
Milwaukee Bucks v Indiana Pacers,Milwaukee Bucks,Indiana Pacers,Player Points,Bobby Portis,NA,Milwaukee Bucks,15.5,2.35,Betr,Indiana Pacers,1.56
Milwaukee Bucks v Indiana Pacers,Milwaukee Bucks,Indiana Pacers,Player Points,Bobby Portis,NA,Milwaukee Bucks,16.5,2.7,Betr,Indiana Pacers,1.43
Milwaukee Bucks v Indiana Pacers,Milwaukee Bucks,Indiana Pacers,Player Points,Giannis Antetokounmpo,NA,Milwaukee Bucks,33.5,1.87,Betr,Indiana Pacers,1.83
Milwaukee Bucks v Indiana Pacers,Milwaukee Bucks,Indiana Pacers,Player Points,Giannis Antetokounmpo,NA,Milwaukee Bucks,34.5,2.1,Betr,Indiana Pacers,1.71
Milwaukee Bucks v Indiana Pacers,Milwaukee Bucks,Indiana Pacers,Player Points,Giannis Antetokounmpo,NA,Milwaukee Bucks,35.5,2.3,Betr,Indiana Pacers,1.56
Milwaukee Bucks v Indiana Pacers,Milwaukee Bucks,Indiana Pacers,Player Points,Brook Lopez,NA,Milwaukee Bucks,6.5,1.38,Betr,Indiana Pacers,2.9
Milwaukee Bucks v Indiana Pacers,Milwaukee Bucks,Indiana Pacers,Player Points,Brook Lopez,NA,Milwaukee Bucks,7.5,1.56,Betr,Indiana Pacers,2.3
Milwaukee Bucks v Indiana Pacers,Milwaukee Bucks,Indiana Pacers,Player Points,Brook Lopez,NA,Milwaukee Bucks,8.5,1.8,Betr,Indiana Pacers,1.91
Milwaukee Bucks v Indiana Pacers,Milwaukee Bucks,Indiana Pacers,Player Points,Myles Turner,NA,Indiana Pacers,13.5,1.54,Betr,Milwaukee Bucks,2.4
Milwaukee Bucks v Indiana Pacers,Milwaukee Bucks,Indiana Pacers,Player Points,Myles Turner,NA,Indiana Pacers,14.5,1.71,Betr,Milwaukee Bucks,2.05
Milwaukee Bucks v Indiana Pacers,Milwaukee Bucks,Indiana Pacers,Player Points,Myles Turner,NA,Indiana Pacers,15.5,1.95,Betr,Milwaukee Bucks,1.8
Milwaukee Bucks v Indiana Pacers,Milwaukee Bucks,Indiana Pacers,Player Points,Myles Turner,NA,Indiana Pacers,16.5,2.25,Betr,Milwaukee Bucks,1.61
Milwaukee Bucks v Indiana Pacers,Milwaukee Bucks,Indiana Pacers,Player Points,Giannis Antetokounmpo,NA,Milwaukee Bucks,31.5,1.61,Betr,Indiana Pacers,2.2
Milwaukee Bucks v Indiana Pacers,Milwaukee Bucks,Indiana Pacers,Player Points,Giannis Antetokounmpo,NA,Milwaukee Bucks,32.5,1.74,Betr,Indiana Pacers,2
Milwaukee Bucks v Indiana Pacers,Milwaukee Bucks,Indiana Pacers,Player Points,Pascal Siakam,NA,Indiana Pacers,17.5,1.45,Betr,Milwaukee Bucks,2.65
Milwaukee Bucks v Indiana Pacers,Milwaukee Bucks,Indiana Pacers,Player Points,Pascal Siakam,NA,Indiana Pacers,18.5,1.56,Betr,Milwaukee Bucks,2.3
Milwaukee Bucks v Indiana Pacers,Milwaukee Bucks,Indiana Pacers,Player Points,Pascal Siakam,NA,Indiana Pacers,19.5,1.77,Betr,Milwaukee Bucks,1.92
Milwaukee Bucks v Indiana Pacers,Milwaukee Bucks,Indiana Pacers,Player Points,Pascal Siakam,NA,Indiana Pacers,20.5,2,Betr,Milwaukee Bucks,1.77
Milwaukee Bucks v Indiana Pacers,Milwaukee Bucks,Indiana Pacers,Player Points,Pascal Siakam,NA,Indiana Pacers,21.5,2.25,Betr,Milwaukee Bucks,1.61
Milwaukee Bucks v Indiana Pacers,Milwaukee Bucks,Indiana Pacers,Player Points,Myles Turner,NA,Indiana Pacers,12.5,1.4,Betr,Milwaukee Bucks,2.85
Milwaukee Bucks v Indiana Pacers,Milwaukee Bucks,Indiana Pacers,Player Points,Tyrese Haliburton,NA,Indiana Pacers,21.5,2.35,Betr,Milwaukee Bucks,1.56
Milwaukee Bucks v Indiana Pacers,Milwaukee Bucks,Indiana Pacers,Player Points,Aaron Nesmith,NA,Indiana Pacers,8.5,1.38,Betr,Milwaukee Bucks,2.85
Milwaukee Bucks v Indiana Pacers,Milwaukee Bucks,Indiana Pacers,Player Points,Aaron Nesmith,NA,Indiana Pacers,9.5,1.56,Betr,Milwaukee Bucks,2.35
Milwaukee Bucks v Indiana Pacers,Milwaukee Bucks,Indiana Pacers,Player Points,Aaron Nesmith,NA,Indiana Pacers,10.5,1.77,Betr,Milwaukee Bucks,1.95
Milwaukee Bucks v Indiana Pacers,Milwaukee Bucks,Indiana Pacers,Player Points,Aaron Nesmith,NA,Indiana Pacers,11.5,2.05,Betr,Milwaukee Bucks,1.71
Milwaukee Bucks v Indiana Pacers,Milwaukee Bucks,Indiana Pacers,Player Points,Aaron Nesmith,NA,Indiana Pacers,12.5,2.4,Betr,Milwaukee Bucks,1.54
Milwaukee Bucks v Indiana Pacers,Milwaukee Bucks,Indiana Pacers,Player Points,Damian Lillard,NA,Milwaukee Bucks,22.5,1.74,Betr,Indiana Pacers,2
Milwaukee Bucks v Indiana Pacers,Milwaukee Bucks,Indiana Pacers,Player Points,Damian Lillard,NA,Milwaukee Bucks,23.5,1.91,Betr,Indiana Pacers,1.83
Milwaukee Bucks v Indiana Pacers,Milwaukee Bucks,Indiana Pacers,Player Points,Tyrese Haliburton,NA,Indiana Pacers,17.5,1.53,Betr,Milwaukee Bucks,2.45
Milwaukee Bucks v Indiana Pacers,Milwaukee Bucks,Indiana Pacers,Player Points,Tyrese Haliburton,NA,Indiana Pacers,18.5,1.67,Betr,Milwaukee Bucks,2.1
Milwaukee Bucks v Indiana Pacers,Milwaukee Bucks,Indiana Pacers,Player Points,Tyrese Haliburton,NA,Indiana Pacers,19.5,1.83,Betr,Milwaukee Bucks,1.87
Milwaukee Bucks v Indiana Pacers,Milwaukee Bucks,Indiana Pacers,Player Points,Tyrese Haliburton,NA,Indiana Pacers,20.5,2.05,Betr,Milwaukee Bucks,1.71
Minnesota Timberwolves v Los Angeles Lakers,Minnesota Timberwolves,Los Angeles Lakers,Player Points,Anthony Edwards,NA,Minnesota Timberwolves,24.5,1.56,Betr,Los Angeles Lakers,2.2
Minnesota Timberwolves v Los Angeles Lakers,Minnesota Timberwolves,Los Angeles Lakers,Player Points,Anthony Edwards,NA,Minnesota Timberwolves,25.5,1.67,Betr,Los Angeles Lakers,2.1
Minnesota Timberwolves v Los Angeles Lakers,Minnesota Timberwolves,Los Angeles Lakers,Player Points,Anthony Edwards,NA,Minnesota Timberwolves,26.5,1.83,Betr,Los Angeles Lakers,1.91
Minnesota Timberwolves v Los Angeles Lakers,Minnesota Timberwolves,Los Angeles Lakers,Player Points,Anthony Edwards,NA,Minnesota Timberwolves,27.5,2,Betr,Los Angeles Lakers,1.74
Minnesota Timberwolves v Los Angeles Lakers,Minnesota Timberwolves,Los Angeles Lakers,Player Points,Anthony Edwards,NA,Minnesota Timberwolves,28.5,2.25,Betr,Los Angeles Lakers,1.61
Minnesota Timberwolves v Los Angeles Lakers,Minnesota Timberwolves,Los Angeles Lakers,Player Points,NA,NA,NA,27.5,1.43,Betr,NA,2.7
Minnesota Timberwolves v Los Angeles Lakers,Minnesota Timberwolves,Los Angeles Lakers,Player Points,Naz Reid,NA,Minnesota Timberwolves,14.5,2.9,Betr,Los Angeles Lakers,1.38
Minnesota Timberwolves v Los Angeles Lakers,Minnesota Timberwolves,Los Angeles Lakers,Player Points,Austin Reaves,NA,Los Angeles Lakers,15.5,1.42,Betr,Minnesota Timberwolves,2.8
Minnesota Timberwolves v Los Angeles Lakers,Minnesota Timberwolves,Los Angeles Lakers,Player Points,Donte DiVincenzo,NA,Minnesota Timberwolves,12.5,3.1,Betr,Los Angeles Lakers,1.34
Minnesota Timberwolves v Los Angeles Lakers,Minnesota Timberwolves,Los Angeles Lakers,Player Points,Donte DiVincenzo,NA,Minnesota Timberwolves,10.5,2.2,Betr,Los Angeles Lakers,1.61
Minnesota Timberwolves v Los Angeles Lakers,Minnesota Timberwolves,Los Angeles Lakers,Player Points,Donte DiVincenzo,NA,Minnesota Timberwolves,11.5,2.6,Betr,Los Angeles Lakers,1.45
Minnesota Timberwolves v Los Angeles Lakers,Minnesota Timberwolves,Los Angeles Lakers,Player Points,Naz Reid,NA,Minnesota Timberwolves,10.5,1.61,Betr,Los Angeles Lakers,2.2
Minnesota Timberwolves v Los Angeles Lakers,Minnesota Timberwolves,Los Angeles Lakers,Player Points,Naz Reid,NA,Minnesota Timberwolves,11.5,1.8,Betr,Los Angeles Lakers,1.95
Minnesota Timberwolves v Los Angeles Lakers,Minnesota Timberwolves,Los Angeles Lakers,Player Points,Naz Reid,NA,Minnesota Timberwolves,12.5,2.05,Betr,Los Angeles Lakers,1.71
Minnesota Timberwolves v Los Angeles Lakers,Minnesota Timberwolves,Los Angeles Lakers,Player Points,Naz Reid,NA,Minnesota Timberwolves,13.5,2.45,Betr,Los Angeles Lakers,1.53
Minnesota Timberwolves v Los Angeles Lakers,Minnesota Timberwolves,Los Angeles Lakers,Player Points,Austin Reaves,NA,Los Angeles Lakers,16.5,1.54,Betr,Minnesota Timberwolves,2.4
Minnesota Timberwolves v Los Angeles Lakers,Minnesota Timberwolves,Los Angeles Lakers,Player Points,Austin Reaves,NA,Los Angeles Lakers,17.5,1.69,Betr,Minnesota Timberwolves,2.1
Minnesota Timberwolves v Los Angeles Lakers,Minnesota Timberwolves,Los Angeles Lakers,Player Points,Austin Reaves,NA,Los Angeles Lakers,18.5,1.87,Betr,Minnesota Timberwolves,1.87
Minnesota Timberwolves v Los Angeles Lakers,Minnesota Timberwolves,Los Angeles Lakers,Player Points,Austin Reaves,NA,Los Angeles Lakers,19.5,2.1,Betr,Minnesota Timberwolves,1.69
Minnesota Timberwolves v Los Angeles Lakers,Minnesota Timberwolves,Los Angeles Lakers,Player Points,Donte DiVincenzo,NA,Minnesota Timberwolves,8.5,1.67,Betr,Los Angeles Lakers,2.15
Minnesota Timberwolves v Los Angeles Lakers,Minnesota Timberwolves,Los Angeles Lakers,Player Points,Donte DiVincenzo,NA,Minnesota Timberwolves,9.5,1.91,Betr,Los Angeles Lakers,1.75
Minnesota Timberwolves v Los Angeles Lakers,Minnesota Timberwolves,Los Angeles Lakers,Player Points,Julius Randle,NA,Minnesota Timberwolves,20.5,2.4,Betr,Los Angeles Lakers,1.54
Minnesota Timberwolves v Los Angeles Lakers,Minnesota Timberwolves,Los Angeles Lakers,Player Points,Rui Hachimura,NA,Los Angeles Lakers,8.5,1.36,Betr,Minnesota Timberwolves,3
Minnesota Timberwolves v Los Angeles Lakers,Minnesota Timberwolves,Los Angeles Lakers,Player Points,Rui Hachimura,NA,Los Angeles Lakers,9.5,1.51,Betr,Minnesota Timberwolves,2.5
Minnesota Timberwolves v Los Angeles Lakers,Minnesota Timberwolves,Los Angeles Lakers,Player Points,Rui Hachimura,NA,Los Angeles Lakers,10.5,1.71,Betr,Minnesota Timberwolves,2.05
Minnesota Timberwolves v Los Angeles Lakers,Minnesota Timberwolves,Los Angeles Lakers,Player Points,Rui Hachimura,NA,Los Angeles Lakers,11.5,1.95,Betr,Minnesota Timberwolves,1.8
Minnesota Timberwolves v Los Angeles Lakers,Minnesota Timberwolves,Los Angeles Lakers,Player Points,Rui Hachimura,NA,Los Angeles Lakers,12.5,2.25,Betr,Minnesota Timberwolves,1.56
Minnesota Timberwolves v Los Angeles Lakers,Minnesota Timberwolves,Los Angeles Lakers,Player Points,Jaden McDaniels,NA,Minnesota Timberwolves,12.5,1.91,Betr,Los Angeles Lakers,1.83
Minnesota Timberwolves v Los Angeles Lakers,Minnesota Timberwolves,Los Angeles Lakers,Player Points,Jaden McDaniels,NA,Minnesota Timberwolves,13.5,2.2,Betr,Los Angeles Lakers,1.61
Minnesota Timberwolves v Los Angeles Lakers,Minnesota Timberwolves,Los Angeles Lakers,Player Points,Julius Randle,NA,Minnesota Timberwolves,16.5,1.51,Betr,Los Angeles Lakers,2.45
Minnesota Timberwolves v Los Angeles Lakers,Minnesota Timberwolves,Los Angeles Lakers,Player Points,Julius Randle,NA,Minnesota Timberwolves,17.5,1.67,Betr,Los Angeles Lakers,2.15
Minnesota Timberwolves v Los Angeles Lakers,Minnesota Timberwolves,Los Angeles Lakers,Player Points,Julius Randle,NA,Minnesota Timberwolves,18.5,1.83,Betr,Los Angeles Lakers,1.87
Minnesota Timberwolves v Los Angeles Lakers,Minnesota Timberwolves,Los Angeles Lakers,Player Points,Julius Randle,NA,Minnesota Timberwolves,19.5,2.05,Betr,Los Angeles Lakers,1.62
Minnesota Timberwolves v Los Angeles Lakers,Minnesota Timberwolves,Los Angeles Lakers,Player Points,LeBron James,NA,Los Angeles Lakers,22.5,1.74,Betr,Minnesota Timberwolves,2
Minnesota Timberwolves v Los Angeles Lakers,Minnesota Timberwolves,Los Angeles Lakers,Player Points,LeBron James,NA,Los Angeles Lakers,23.5,1.95,Betr,Minnesota Timberwolves,1.8
Minnesota Timberwolves v Los Angeles Lakers,Minnesota Timberwolves,Los Angeles Lakers,Player Points,LeBron James,NA,Los Angeles Lakers,19.5,1.34,Betr,Minnesota Timberwolves,2.8
Minnesota Timberwolves v Los Angeles Lakers,Minnesota Timberwolves,Los Angeles Lakers,Player Points,Jaden McDaniels,NA,Minnesota Timberwolves,9.5,1.34,Betr,Los Angeles Lakers,3.1
Minnesota Timberwolves v Los Angeles Lakers,Minnesota Timberwolves,Los Angeles Lakers,Player Points,Jaden McDaniels,NA,Minnesota Timberwolves,10.5,1.5,Betr,Los Angeles Lakers,2.5
Minnesota Timberwolves v Los Angeles Lakers,Minnesota Timberwolves,Los Angeles Lakers,Player Points,Jaden McDaniels,NA,Minnesota Timberwolves,11.5,1.69,Betr,Los Angeles Lakers,2.1
Minnesota Timberwolves v Los Angeles Lakers,Minnesota Timberwolves,Los Angeles Lakers,Player Points,NA,NA,NA,28.5,1.53,Betr,NA,2.4
Minnesota Timberwolves v Los Angeles Lakers,Minnesota Timberwolves,Los Angeles Lakers,Player Points,NA,NA,NA,29.5,1.61,Betr,NA,2.2
Minnesota Timberwolves v Los Angeles Lakers,Minnesota Timberwolves,Los Angeles Lakers,Player Points,NA,NA,NA,30.5,1.77,Betr,NA,1.95
Minnesota Timberwolves v Los Angeles Lakers,Minnesota Timberwolves,Los Angeles Lakers,Player Points,NA,NA,NA,31.5,1.95,Betr,NA,1.8
Minnesota Timberwolves v Los Angeles Lakers,Minnesota Timberwolves,Los Angeles Lakers,Player Points,LeBron James,NA,Los Angeles Lakers,20.5,1.45,Betr,Minnesota Timberwolves,2.6
Minnesota Timberwolves v Los Angeles Lakers,Minnesota Timberwolves,Los Angeles Lakers,Player Points,LeBron James,NA,Los Angeles Lakers,21.5,1.56,Betr,Minnesota Timberwolves,2.3
Miami Heat v Cleveland Cavaliers,Miami Heat,Cleveland Cavaliers,Player Points,Bam Adebayo,NA,Miami Heat,16.5,1.43,Betr,Cleveland Cavaliers,2.7
Miami Heat v Cleveland Cavaliers,Miami Heat,Cleveland Cavaliers,Player Points,Bam Adebayo,NA,Miami Heat,17.5,1.56,Betr,Cleveland Cavaliers,2.3
Miami Heat v Cleveland Cavaliers,Miami Heat,Cleveland Cavaliers,Player Points,Bam Adebayo,NA,Miami Heat,18.5,1.74,Betr,Cleveland Cavaliers,2.05
Miami Heat v Cleveland Cavaliers,Miami Heat,Cleveland Cavaliers,Player Points,Bam Adebayo,NA,Miami Heat,19.5,1.95,Betr,Cleveland Cavaliers,1.8
Miami Heat v Cleveland Cavaliers,Miami Heat,Cleveland Cavaliers,Player Points,Bam Adebayo,NA,Miami Heat,20.5,2.2,Betr,Cleveland Cavaliers,1.61
Miami Heat v Cleveland Cavaliers,Miami Heat,Cleveland Cavaliers,Player Points,Tyler Herro,NA,Miami Heat,24.5,1.71,Betr,Cleveland Cavaliers,2.05
Miami Heat v Cleveland Cavaliers,Miami Heat,Cleveland Cavaliers,Player Points,Ty Jerome,NA,Cleveland Cavaliers,11.5,2.15,Betr,Miami Heat,1.67
Miami Heat v Cleveland Cavaliers,Miami Heat,Cleveland Cavaliers,Player Points,Ty Jerome,NA,Cleveland Cavaliers,12.5,2.5,Betr,Miami Heat,1.5
Miami Heat v Cleveland Cavaliers,Miami Heat,Cleveland Cavaliers,Player Points,Ty Jerome,NA,Cleveland Cavaliers,13.5,3,Betr,Miami Heat,1.37
Miami Heat v Cleveland Cavaliers,Miami Heat,Cleveland Cavaliers,Player Points,De'Andre Hunter,NA,Cleveland Cavaliers,9.5,1.87,Betr,Miami Heat,1.87
Miami Heat v Cleveland Cavaliers,Miami Heat,Cleveland Cavaliers,Player Points,De'Andre Hunter,NA,Cleveland Cavaliers,10.5,2.2,Betr,Miami Heat,1.61
Miami Heat v Cleveland Cavaliers,Miami Heat,Cleveland Cavaliers,Player Points,De'Andre Hunter,NA,Cleveland Cavaliers,11.5,2.65,Betr,Miami Heat,1.45
Miami Heat v Cleveland Cavaliers,Miami Heat,Cleveland Cavaliers,Player Points,De'Andre Hunter,NA,Cleveland Cavaliers,12.5,3.2,Betr,Miami Heat,1.33
Miami Heat v Cleveland Cavaliers,Miami Heat,Cleveland Cavaliers,Player Points,Ty Jerome,NA,Cleveland Cavaliers,9.5,1.61,Betr,Miami Heat,2.25
Miami Heat v Cleveland Cavaliers,Miami Heat,Cleveland Cavaliers,Player Points,Ty Jerome,NA,Cleveland Cavaliers,10.5,1.83,Betr,Miami Heat,1.91
Miami Heat v Cleveland Cavaliers,Miami Heat,Cleveland Cavaliers,Player Points,Evan Mobley,NA,Cleveland Cavaliers,17.5,2.1,Betr,Miami Heat,1.69
Miami Heat v Cleveland Cavaliers,Miami Heat,Cleveland Cavaliers,Player Points,Evan Mobley,NA,Cleveland Cavaliers,18.5,2.45,Betr,Miami Heat,1.53
Miami Heat v Cleveland Cavaliers,Miami Heat,Cleveland Cavaliers,Player Points,Tyler Herro,NA,Miami Heat,23.5,1.56,Betr,Cleveland Cavaliers,2.3
Miami Heat v Cleveland Cavaliers,Miami Heat,Cleveland Cavaliers,Player Points,NA,NA,NA,23.5,1.61,Betr,NA,2.2
Miami Heat v Cleveland Cavaliers,Miami Heat,Cleveland Cavaliers,Player Points,Andrew Wiggins,NA,Miami Heat,13.5,1.42,Betr,Cleveland Cavaliers,2.7
Miami Heat v Cleveland Cavaliers,Miami Heat,Cleveland Cavaliers,Player Points,De'Andre Hunter,NA,Cleveland Cavaliers,8.5,1.61,Betr,Miami Heat,2.2
Miami Heat v Cleveland Cavaliers,Miami Heat,Cleveland Cavaliers,Player Points,NA,NA,NA,25.5,1.95,Betr,NA,1.8
Miami Heat v Cleveland Cavaliers,Miami Heat,Cleveland Cavaliers,Player Points,NA,NA,NA,26.5,2.15,Betr,NA,1.65
Miami Heat v Cleveland Cavaliers,Miami Heat,Cleveland Cavaliers,Player Points,NA,NA,NA,27.5,2.4,Betr,NA,1.54
Miami Heat v Cleveland Cavaliers,Miami Heat,Cleveland Cavaliers,Player Points,Evan Mobley,NA,Cleveland Cavaliers,14.5,1.45,Betr,Miami Heat,2.5
Miami Heat v Cleveland Cavaliers,Miami Heat,Cleveland Cavaliers,Player Points,Evan Mobley,NA,Cleveland Cavaliers,15.5,1.67,Betr,Miami Heat,2.15
Miami Heat v Cleveland Cavaliers,Miami Heat,Cleveland Cavaliers,Player Points,Evan Mobley,NA,Cleveland Cavaliers,16.5,1.87,Betr,Miami Heat,1.87
Miami Heat v Cleveland Cavaliers,Miami Heat,Cleveland Cavaliers,Player Points,Darius Garland,NA,Cleveland Cavaliers,17.5,1.61,Betr,Miami Heat,2.2
Miami Heat v Cleveland Cavaliers,Miami Heat,Cleveland Cavaliers,Player Points,Darius Garland,NA,Cleveland Cavaliers,18.5,1.83,Betr,Miami Heat,1.91
Miami Heat v Cleveland Cavaliers,Miami Heat,Cleveland Cavaliers,Player Points,Darius Garland,NA,Cleveland Cavaliers,19.5,2.05,Betr,Miami Heat,1.74
Miami Heat v Cleveland Cavaliers,Miami Heat,Cleveland Cavaliers,Player Points,Darius Garland,NA,Cleveland Cavaliers,20.5,2.3,Betr,Miami Heat,1.56
Miami Heat v Cleveland Cavaliers,Miami Heat,Cleveland Cavaliers,Player Points,Darius Garland,NA,Cleveland Cavaliers,21.5,2.65,Betr,Miami Heat,1.45
Miami Heat v Cleveland Cavaliers,Miami Heat,Cleveland Cavaliers,Player Points,NA,NA,NA,24.5,1.77,Betr,NA,2
Miami Heat v Cleveland Cavaliers,Miami Heat,Cleveland Cavaliers,Player Points,Davion Mitchell,NA,Miami Heat,12.5,2.25,Betr,Cleveland Cavaliers,1.61
Miami Heat v Cleveland Cavaliers,Miami Heat,Cleveland Cavaliers,Player Points,Davion Mitchell,NA,Miami Heat,13.5,2.7,Betr,Cleveland Cavaliers,1.43
Miami Heat v Cleveland Cavaliers,Miami Heat,Cleveland Cavaliers,Player Points,Andrew Wiggins,NA,Miami Heat,14.5,1.56,Betr,Cleveland Cavaliers,2.35
Miami Heat v Cleveland Cavaliers,Miami Heat,Cleveland Cavaliers,Player Points,Andrew Wiggins,NA,Miami Heat,15.5,1.74,Betr,Cleveland Cavaliers,2
Miami Heat v Cleveland Cavaliers,Miami Heat,Cleveland Cavaliers,Player Points,Andrew Wiggins,NA,Miami Heat,16.5,1.95,Betr,Cleveland Cavaliers,1.8
Miami Heat v Cleveland Cavaliers,Miami Heat,Cleveland Cavaliers,Player Points,Andrew Wiggins,NA,Miami Heat,17.5,2.25,Betr,Cleveland Cavaliers,1.61
Miami Heat v Cleveland Cavaliers,Miami Heat,Cleveland Cavaliers,Player Points,Tyler Herro,NA,Miami Heat,25.5,1.87,Betr,Cleveland Cavaliers,1.83
Miami Heat v Cleveland Cavaliers,Miami Heat,Cleveland Cavaliers,Player Points,Tyler Herro,NA,Miami Heat,26.5,2.1,Betr,Cleveland Cavaliers,1.71
Miami Heat v Cleveland Cavaliers,Miami Heat,Cleveland Cavaliers,Player Points,Tyler Herro,NA,Miami Heat,27.5,2.35,Betr,Cleveland Cavaliers,1.56
Miami Heat v Cleveland Cavaliers,Miami Heat,Cleveland Cavaliers,Player Points,Davion Mitchell,NA,Miami Heat,9.5,1.45,Betr,Cleveland Cavaliers,2.55
Miami Heat v Cleveland Cavaliers,Miami Heat,Cleveland Cavaliers,Player Points,Davion Mitchell,NA,Miami Heat,10.5,1.69,Betr,Cleveland Cavaliers,2.1
Miami Heat v Cleveland Cavaliers,Miami Heat,Cleveland Cavaliers,Player Points,Davion Mitchell,NA,Miami Heat,11.5,1.91,Betr,Cleveland Cavaliers,1.83
Golden State Warriors v Houston Rockets,Golden State Warriors,Houston Rockets,Player Points,Stephen Curry,NA,Golden State Warriors,26.5,1.71,Betr,Houston Rockets,2.05
Golden State Warriors v Houston Rockets,Golden State Warriors,Houston Rockets,Player Points,Stephen Curry,NA,Golden State Warriors,27.5,1.87,Betr,Houston Rockets,1.87
Golden State Warriors v Houston Rockets,Golden State Warriors,Houston Rockets,Player Points,Stephen Curry,NA,Golden State Warriors,28.5,2.05,Betr,Houston Rockets,1.71
Golden State Warriors v Houston Rockets,Golden State Warriors,Houston Rockets,Player Points,Stephen Curry,NA,Golden State Warriors,29.5,2.3,Betr,Houston Rockets,1.45
Golden State Warriors v Houston Rockets,Golden State Warriors,Houston Rockets,Player Points,Moses Moody,NA,Golden State Warriors,8.5,1.65,Betr,Houston Rockets,2.15
Golden State Warriors v Houston Rockets,Golden State Warriors,Houston Rockets,Player Points,Moses Moody,NA,Golden State Warriors,9.5,1.91,Betr,Houston Rockets,1.83
Golden State Warriors v Houston Rockets,Golden State Warriors,Houston Rockets,Player Points,Tari Eason,NA,Houston Rockets,10.5,2.65,Betr,Golden State Warriors,1.45
Golden State Warriors v Houston Rockets,Golden State Warriors,Houston Rockets,Player Points,Dillon Brooks,NA,Houston Rockets,13.5,2.55,Betr,Golden State Warriors,1.45
Golden State Warriors v Houston Rockets,Golden State Warriors,Houston Rockets,Player Points,Tari Eason,NA,Houston Rockets,11.5,3.25,Betr,Golden State Warriors,1.31
Golden State Warriors v Houston Rockets,Golden State Warriors,Houston Rockets,Player Points,Dillon Brooks,NA,Houston Rockets,11.5,1.83,Betr,Golden State Warriors,1.87
Golden State Warriors v Houston Rockets,Golden State Warriors,Houston Rockets,Player Points,Dillon Brooks,NA,Houston Rockets,12.5,2.15,Betr,Golden State Warriors,1.67
Golden State Warriors v Houston Rockets,Golden State Warriors,Houston Rockets,Player Points,Moses Moody,NA,Golden State Warriors,6.5,1.31,Betr,Houston Rockets,3.25
Golden State Warriors v Houston Rockets,Golden State Warriors,Houston Rockets,Player Points,Tari Eason,NA,Houston Rockets,7.5,1.56,Betr,Golden State Warriors,2.35
Golden State Warriors v Houston Rockets,Golden State Warriors,Houston Rockets,Player Points,Tari Eason,NA,Houston Rockets,8.5,1.8,Betr,Golden State Warriors,1.95
Golden State Warriors v Houston Rockets,Golden State Warriors,Houston Rockets,Player Points,Tari Eason,NA,Houston Rockets,9.5,2.1,Betr,Golden State Warriors,1.67
Golden State Warriors v Houston Rockets,Golden State Warriors,Houston Rockets,Player Points,Stephen Curry,NA,Golden State Warriors,25.5,1.56,Betr,Houston Rockets,2.3
Golden State Warriors v Houston Rockets,Golden State Warriors,Houston Rockets,Player Points,Moses Moody,NA,Golden State Warriors,7.5,1.45,Betr,Houston Rockets,2.65
Golden State Warriors v Houston Rockets,Golden State Warriors,Houston Rockets,Player Points,Alperen Sengun,NA,Houston Rockets,16.5,1.38,Betr,Golden State Warriors,2.9
Golden State Warriors v Houston Rockets,Golden State Warriors,Houston Rockets,Player Points,Fred VanVleet,NA,Houston Rockets,10.5,1.45,Betr,Golden State Warriors,2.55
Golden State Warriors v Houston Rockets,Golden State Warriors,Houston Rockets,Player Points,Dillon Brooks,NA,Houston Rockets,9.5,1.45,Betr,Golden State Warriors,2.6
Golden State Warriors v Houston Rockets,Golden State Warriors,Houston Rockets,Player Points,Dillon Brooks,NA,Houston Rockets,10.5,1.61,Betr,Golden State Warriors,2.2
Golden State Warriors v Houston Rockets,Golden State Warriors,Houston Rockets,Player Points,NA,NA,NA,14.5,2.45,Betr,NA,1.51
Golden State Warriors v Houston Rockets,Golden State Warriors,Houston Rockets,Player Points,Fred VanVleet,NA,Houston Rockets,11.5,1.61,Betr,Golden State Warriors,2.2
Golden State Warriors v Houston Rockets,Golden State Warriors,Houston Rockets,Player Points,Fred VanVleet,NA,Houston Rockets,12.5,1.83,Betr,Golden State Warriors,1.87
Golden State Warriors v Houston Rockets,Golden State Warriors,Houston Rockets,Player Points,Fred VanVleet,NA,Houston Rockets,13.5,2.1,Betr,Golden State Warriors,1.69
Golden State Warriors v Houston Rockets,Golden State Warriors,Houston Rockets,Player Points,Fred VanVleet,NA,Houston Rockets,14.5,2.45,Betr,Golden State Warriors,1.51
Golden State Warriors v Houston Rockets,Golden State Warriors,Houston Rockets,Player Points,Javonte Green,NA,New Orleans Pelicans,18.5,1.54,Betr,Golden State Warriors,2.4
Golden State Warriors v Houston Rockets,Golden State Warriors,Houston Rockets,Player Points,Jalen Green,NA,Houston Rockets,18.5,1.54,Betr,Golden State Warriors,2.4
Golden State Warriors v Houston Rockets,Golden State Warriors,Houston Rockets,Player Points,Alperen Sengun,NA,Houston Rockets,19.5,1.8,Betr,Golden State Warriors,1.95
Golden State Warriors v Houston Rockets,Golden State Warriors,Houston Rockets,Player Points,Alperen Sengun,NA,Houston Rockets,20.5,2,Betr,Golden State Warriors,1.74
Golden State Warriors v Houston Rockets,Golden State Warriors,Houston Rockets,Player Points,NA,NA,NA,10.5,1.45,Betr,NA,2.65
Golden State Warriors v Houston Rockets,Golden State Warriors,Houston Rockets,Player Points,NA,NA,NA,11.5,1.61,Betr,NA,2.25
Golden State Warriors v Houston Rockets,Golden State Warriors,Houston Rockets,Player Points,NA,NA,NA,12.5,1.8,Betr,NA,1.95
Golden State Warriors v Houston Rockets,Golden State Warriors,Houston Rockets,Player Points,NA,NA,NA,13.5,2.1,Betr,NA,1.69
Golden State Warriors v Houston Rockets,Golden State Warriors,Houston Rockets,Player Points,Javonte Green,NA,New Orleans Pelicans,19.5,1.69,Betr,Golden State Warriors,2.1
Golden State Warriors v Houston Rockets,Golden State Warriors,Houston Rockets,Player Points,Jalen Green,NA,Houston Rockets,19.5,1.69,Betr,Golden State Warriors,2.1
Golden State Warriors v Houston Rockets,Golden State Warriors,Houston Rockets,Player Points,Javonte Green,NA,New Orleans Pelicans,20.5,1.87,Betr,Golden State Warriors,1.87
Golden State Warriors v Houston Rockets,Golden State Warriors,Houston Rockets,Player Points,Jalen Green,NA,Houston Rockets,20.5,1.87,Betr,Golden State Warriors,1.87
Golden State Warriors v Houston Rockets,Golden State Warriors,Houston Rockets,Player Points,Javonte Green,NA,New Orleans Pelicans,21.5,2.1,Betr,Golden State Warriors,1.69
Golden State Warriors v Houston Rockets,Golden State Warriors,Houston Rockets,Player Points,Jalen Green,NA,Houston Rockets,21.5,2.1,Betr,Golden State Warriors,1.69
Golden State Warriors v Houston Rockets,Golden State Warriors,Houston Rockets,Player Points,Javonte Green,NA,New Orleans Pelicans,22.5,2.4,Betr,Golden State Warriors,1.54
Golden State Warriors v Houston Rockets,Golden State Warriors,Houston Rockets,Player Points,Jalen Green,NA,Houston Rockets,22.5,2.4,Betr,Golden State Warriors,1.54
Golden State Warriors v Houston Rockets,Golden State Warriors,Houston Rockets,Player Points,Alperen Sengun,NA,Houston Rockets,17.5,1.5,Betr,Golden State Warriors,2.5
Golden State Warriors v Houston Rockets,Golden State Warriors,Houston Rockets,Player Points,Alperen Sengun,NA,Houston Rockets,18.5,1.61,Betr,Golden State Warriors,2.2
Golden State Warriors v Houston Rockets,Golden State Warriors,Houston Rockets,Player Points,Moses Moody,NA,Golden State Warriors,10.5,2.2,Betr,Houston Rockets,1.61
Golden State Warriors v Houston Rockets,Golden State Warriors,Houston Rockets,Player Points,Brandin Podziemski,NA,Golden State Warriors,11.5,1.45,Betr,Houston Rockets,2.55
Golden State Warriors v Houston Rockets,Golden State Warriors,Houston Rockets,Player Points,Brandin Podziemski,NA,Golden State Warriors,12.5,1.65,Betr,Houston Rockets,2.15
Golden State Warriors v Houston Rockets,Golden State Warriors,Houston Rockets,Player Points,Brandin Podziemski,NA,Golden State Warriors,13.5,1.83,Betr,Houston Rockets,1.91
Golden State Warriors v Houston Rockets,Golden State Warriors,Houston Rockets,Player Points,Brandin Podziemski,NA,Golden State Warriors,14.5,2.1,Betr,Houston Rockets,1.62
Golden State Warriors v Houston Rockets,Golden State Warriors,Houston Rockets,Player Points,Brandin Podziemski,NA,Golden State Warriors,15.5,2.5,Betr,Houston Rockets,1.51
Detroit Pistons v New York Knicks,Detroit Pistons,New York Knicks,Player Points,Malik Beasley,NA,Detroit Pistons,13.5,1.8,Betr,New York Knicks,1.95
Detroit Pistons v New York Knicks,Detroit Pistons,New York Knicks,Player Points,Malik Beasley,NA,Detroit Pistons,14.5,2,Betr,New York Knicks,1.74
Detroit Pistons v New York Knicks,Detroit Pistons,New York Knicks,Player Points,Malik Beasley,NA,Detroit Pistons,15.5,2.3,Betr,New York Knicks,1.56
Detroit Pistons v New York Knicks,Detroit Pistons,New York Knicks,Player Points,Malik Beasley,NA,Detroit Pistons,16.5,2.6,Betr,New York Knicks,1.45
Detroit Pistons v New York Knicks,Detroit Pistons,New York Knicks,Player Points,Malik Beasley,NA,Detroit Pistons,17.5,3,Betr,New York Knicks,1.36
Detroit Pistons v New York Knicks,Detroit Pistons,New York Knicks,Player Points,Cade Cunningham,NA,Detroit Pistons,25.5,1.51,Betr,New York Knicks,2.45
Detroit Pistons v New York Knicks,Detroit Pistons,New York Knicks,Player Points,Karl-Anthony Towns,NA,New York Knicks,22.5,1.67,Betr,Detroit Pistons,2.15
Detroit Pistons v New York Knicks,Detroit Pistons,New York Knicks,Player Points,Karl-Anthony Towns,NA,New York Knicks,23.5,1.83,Betr,Detroit Pistons,1.91
Detroit Pistons v New York Knicks,Detroit Pistons,New York Knicks,Player Points,Karl-Anthony Towns,NA,New York Knicks,24.5,2.05,Betr,Detroit Pistons,1.74
Detroit Pistons v New York Knicks,Detroit Pistons,New York Knicks,Player Points,Jalen Brunson,NA,New York Knicks,28.5,1.65,Betr,Detroit Pistons,2.15
Detroit Pistons v New York Knicks,Detroit Pistons,New York Knicks,Player Points,Jalen Brunson,NA,New York Knicks,29.5,1.8,Betr,Detroit Pistons,1.95
Detroit Pistons v New York Knicks,Detroit Pistons,New York Knicks,Player Points,Jalen Brunson,NA,New York Knicks,30.5,1.95,Betr,Detroit Pistons,1.8
Detroit Pistons v New York Knicks,Detroit Pistons,New York Knicks,Player Points,Jalen Brunson,NA,New York Knicks,31.5,2.15,Betr,Detroit Pistons,1.65
Detroit Pistons v New York Knicks,Detroit Pistons,New York Knicks,Player Points,Karl-Anthony Towns,NA,New York Knicks,20.5,1.42,Betr,Detroit Pistons,2.7
Detroit Pistons v New York Knicks,Detroit Pistons,New York Knicks,Player Points,Karl-Anthony Towns,NA,New York Knicks,21.5,1.53,Betr,Detroit Pistons,2.4
Detroit Pistons v New York Knicks,Detroit Pistons,New York Knicks,Player Points,Mikal Bridges,NA,New York Knicks,13.5,1.4,Betr,Detroit Pistons,2.85
Detroit Pistons v New York Knicks,Detroit Pistons,New York Knicks,Player Points,Mikal Bridges,NA,New York Knicks,14.5,1.54,Betr,Detroit Pistons,2.4
Detroit Pistons v New York Knicks,Detroit Pistons,New York Knicks,Player Points,Mikal Bridges,NA,New York Knicks,15.5,1.71,Betr,Detroit Pistons,2.05
Detroit Pistons v New York Knicks,Detroit Pistons,New York Knicks,Player Points,Mikal Bridges,NA,New York Knicks,16.5,1.91,Betr,Detroit Pistons,1.83
Detroit Pistons v New York Knicks,Detroit Pistons,New York Knicks,Player Points,Mikal Bridges,NA,New York Knicks,17.5,2.2,Betr,Detroit Pistons,1.61
Detroit Pistons v New York Knicks,Detroit Pistons,New York Knicks,Player Points,Jalen Brunson,NA,New York Knicks,27.5,1.54,Betr,Detroit Pistons,2.4
Detroit Pistons v New York Knicks,Detroit Pistons,New York Knicks,Player Points,Ausar Thompson,NA,Detroit Pistons,10.5,2.3,Betr,New York Knicks,1.56
Detroit Pistons v New York Knicks,Detroit Pistons,New York Knicks,Player Points,OG Anunoby,NA,New York Knicks,15.5,1.54,Betr,Detroit Pistons,2.4
Detroit Pistons v New York Knicks,Detroit Pistons,New York Knicks,Player Points,OG Anunoby,NA,New York Knicks,16.5,1.69,Betr,Detroit Pistons,2.1
Detroit Pistons v New York Knicks,Detroit Pistons,New York Knicks,Player Points,OG Anunoby,NA,New York Knicks,17.5,1.91,Betr,Detroit Pistons,1.83
Detroit Pistons v New York Knicks,Detroit Pistons,New York Knicks,Player Points,OG Anunoby,NA,New York Knicks,18.5,2.15,Betr,Detroit Pistons,1.67
Detroit Pistons v New York Knicks,Detroit Pistons,New York Knicks,Player Points,OG Anunoby,NA,New York Knicks,19.5,2.45,Betr,Detroit Pistons,1.53
Detroit Pistons v New York Knicks,Detroit Pistons,New York Knicks,Player Points,Tobias Harris,NA,Detroit Pistons,15.5,2.15,Betr,New York Knicks,1.65
Detroit Pistons v New York Knicks,Detroit Pistons,New York Knicks,Player Points,Tobias Harris,NA,Detroit Pistons,16.5,2.5,Betr,New York Knicks,1.5
Detroit Pistons v New York Knicks,Detroit Pistons,New York Knicks,Player Points,Ausar Thompson,NA,Detroit Pistons,6.5,1.3,Betr,New York Knicks,3.4
Detroit Pistons v New York Knicks,Detroit Pistons,New York Knicks,Player Points,Ausar Thompson,NA,Detroit Pistons,7.5,1.45,Betr,New York Knicks,2.65
Detroit Pistons v New York Knicks,Detroit Pistons,New York Knicks,Player Points,Ausar Thompson,NA,Detroit Pistons,8.5,1.65,Betr,New York Knicks,2.15
Detroit Pistons v New York Knicks,Detroit Pistons,New York Knicks,Player Points,Ausar Thompson,NA,Detroit Pistons,9.5,1.91,Betr,New York Knicks,1.83
Detroit Pistons v New York Knicks,Detroit Pistons,New York Knicks,Player Points,Tim Hardaway Jr.,NA,Detroit Pistons,9.5,1.74,Betr,New York Knicks,2.05
Detroit Pistons v New York Knicks,Detroit Pistons,New York Knicks,Player Points,Tim Hardaway Jr.,NA,Detroit Pistons,10.5,1.95,Betr,New York Knicks,1.77
Detroit Pistons v New York Knicks,Detroit Pistons,New York Knicks,Player Points,Tim Hardaway Jr.,NA,Detroit Pistons,11.5,2.3,Betr,New York Knicks,1.56
Detroit Pistons v New York Knicks,Detroit Pistons,New York Knicks,Player Points,Tobias Harris,NA,Detroit Pistons,12.5,1.5,Betr,New York Knicks,2.5
Detroit Pistons v New York Knicks,Detroit Pistons,New York Knicks,Player Points,Tobias Harris,NA,Detroit Pistons,13.5,1.67,Betr,New York Knicks,2.15
Detroit Pistons v New York Knicks,Detroit Pistons,New York Knicks,Player Points,Tobias Harris,NA,Detroit Pistons,14.5,1.87,Betr,New York Knicks,1.87
Detroit Pistons v New York Knicks,Detroit Pistons,New York Knicks,Player Points,Cade Cunningham,NA,Detroit Pistons,26.5,1.61,Betr,New York Knicks,2.2
Detroit Pistons v New York Knicks,Detroit Pistons,New York Knicks,Player Points,Cade Cunningham,NA,Detroit Pistons,27.5,1.8,Betr,New York Knicks,1.95
Detroit Pistons v New York Knicks,Detroit Pistons,New York Knicks,Player Points,Cade Cunningham,NA,Detroit Pistons,28.5,1.95,Betr,New York Knicks,1.77
Detroit Pistons v New York Knicks,Detroit Pistons,New York Knicks,Player Points,Cade Cunningham,NA,Detroit Pistons,29.5,2.2,Betr,New York Knicks,1.61
Detroit Pistons v New York Knicks,Detroit Pistons,New York Knicks,Player Points,Tim Hardaway Jr.,NA,Detroit Pistons,7.5,1.36,Betr,New York Knicks,3
Detroit Pistons v New York Knicks,Detroit Pistons,New York Knicks,Player Points,Tim Hardaway Jr.,NA,Detroit Pistons,8.5,1.51,Betr,New York Knicks,2.45
