match,home_team,away_team,market_name,player_name,player_team,opposition_team,line,over_price,under_price,agency
Miami Heat v Atlanta Hawks,Miami Heat,Atlanta Hawks,Player Points,Buddy Hield,Atlanta Hawks,Miami Heat,11.5,1.15,NA,Neds
Miami Heat v Atlanta Hawks,Miami Heat,Atlanta Hawks,Player Points,Keaton Wallace,Atlanta Hawks,Miami Heat,11.5,1.72,NA,Neds
Miami Heat v Atlanta Hawks,Miami Heat,Atlanta Hawks,Player Points,Davion Mitchell,Miami Heat,Atlanta Hawks,11.5,1.94,NA,Neds
Miami Heat v Atlanta Hawks,Miami Heat,Atlanta Hawks,Player Points,Corey Kispert,Atlanta Hawks,Miami Heat,11.5,1.11,NA,Neds
Miami Heat v Atlanta Hawks,Miami Heat,Atlanta Hawks,Player Points,Tony Bradley,NA,NA,11.5,1.72,NA,Neds
Miami Heat v Atlanta Hawks,Miami Heat,Atlanta Hawks,Player Points,Norman Powell,Miami Heat,Atlanta Hawks,11.5,1.15,NA,Neds
Miami Heat v Atlanta Hawks,Miami Heat,Atlanta Hawks,Player Points,Kel'el Ware,Miami Heat,Atlanta Hawks,11.5,1.72,NA,Neds
Miami Heat v Atlanta Hawks,Miami Heat,Atlanta Hawks,Player Points,Asa Newell,Atlanta Hawks,Miami Heat,11.5,1.72,NA,Neds
Miami Heat v Atlanta Hawks,Miami Heat,Atlanta Hawks,Player Points,Zaccharie Risacher,Atlanta Hawks,Miami Heat,11.5,1.44,NA,Neds
Miami Heat v Atlanta Hawks,Miami Heat,Atlanta Hawks,Player Points,Andrew Wiggins,Miami Heat,Atlanta Hawks,11.5,1.11,NA,Neds
Miami Heat v Atlanta Hawks,Miami Heat,Atlanta Hawks,Player Points,Mouhamed Gueye,Atlanta Hawks,Miami Heat,11.5,2.7,NA,Neds
Oklahoma City Thunder v Phoenix Suns,Oklahoma City Thunder,Phoenix Suns,Player Points,Kenrich Williams,Oklahoma City Thunder,Phoenix Suns,21.5,3.9,NA,Neds
Oklahoma City Thunder v Phoenix Suns,Oklahoma City Thunder,Phoenix Suns,Player Points,Nikola Topic,NA,NA,21.5,3.9,NA,Neds
Oklahoma City Thunder v Phoenix Suns,Oklahoma City Thunder,Phoenix Suns,Player Points,Jalen Green,Phoenix Suns,Oklahoma City Thunder,21.5,2.25,NA,Neds
Oklahoma City Thunder v Phoenix Suns,Oklahoma City Thunder,Phoenix Suns,Player Points,Jared McCain,Oklahoma City Thunder,Phoenix Suns,21.5,2.25,NA,Neds
Oklahoma City Thunder v Phoenix Suns,Oklahoma City Thunder,Phoenix Suns,Player Points,Collin Gillespie,Phoenix Suns,Oklahoma City Thunder,21.5,4.2,NA,Neds
Oklahoma City Thunder v Phoenix Suns,Oklahoma City Thunder,Phoenix Suns,Player Points,Aaron Wiggins,Oklahoma City Thunder,Phoenix Suns,21.5,2.25,NA,Neds
Los Angeles Lakers v Utah Jazz,Los Angeles Lakers,Utah Jazz,Player Points,Cody Williams,Utah Jazz,Los Angeles Lakers,13.5,1.5,NA,Neds
Los Angeles Lakers v Utah Jazz,Los Angeles Lakers,Utah Jazz,Player Points,Deandre Ayton,Los Angeles Lakers,Utah Jazz,13.5,1.5,NA,Neds
Los Angeles Lakers v Utah Jazz,Los Angeles Lakers,Utah Jazz,Player Points,Rui Hachimura,Los Angeles Lakers,Utah Jazz,13.5,1.62,NA,Neds
Los Angeles Lakers v Utah Jazz,Los Angeles Lakers,Utah Jazz,Player Points,Jake LaRavia,Los Angeles Lakers,Utah Jazz,13.5,2.35,NA,Neds
Los Angeles Lakers v Utah Jazz,Los Angeles Lakers,Utah Jazz,Player Points,Brice Sensabaugh,Utah Jazz,Los Angeles Lakers,13.5,1.11,NA,Neds
Los Angeles Lakers v Utah Jazz,Los Angeles Lakers,Utah Jazz,Player Points,Oscar Tshiebwe,Utah Jazz,Los Angeles Lakers,13.5,2.85,NA,Neds
Los Angeles Lakers v Utah Jazz,Los Angeles Lakers,Utah Jazz,Player Points,Kennedy Chandler,NA,NA,13.5,1.3599999999999999,NA,Neds
Los Angeles Lakers v Utah Jazz,Los Angeles Lakers,Utah Jazz,Player Points,Ace Bailey,Utah Jazz,Los Angeles Lakers,13.5,1.22,NA,Neds
Los Angeles Lakers v Utah Jazz,Los Angeles Lakers,Utah Jazz,Player Points,Luke Kennard,Los Angeles Lakers,Utah Jazz,13.5,1.5,NA,Neds
Miami Heat v Atlanta Hawks,Miami Heat,Atlanta Hawks,Player Points,Bam Adebayo,Miami Heat,Atlanta Hawks,34.5,7.25,NA,Neds
Miami Heat v Atlanta Hawks,Miami Heat,Atlanta Hawks,Player Points,Tyler Herro,Miami Heat,Atlanta Hawks,34.5,7.25,NA,Neds
Philadelphia 76ers v Milwaukee Bucks,Philadelphia 76ers,Milwaukee Bucks,Player Points,Quentin Grimes,Philadelphia 76ers,Milwaukee Bucks,14.5,2.9,NA,Neds
Philadelphia 76ers v Milwaukee Bucks,Philadelphia 76ers,Milwaukee Bucks,Player Points,Jericho Sims,Milwaukee Bucks,Philadelphia 76ers,14.5,4.4,NA,Neds
Philadelphia 76ers v Milwaukee Bucks,Philadelphia 76ers,Milwaukee Bucks,Player Points,Cormac Ryan,NA,NA,14.5,1.26,NA,Neds
Philadelphia 76ers v Milwaukee Bucks,Philadelphia 76ers,Milwaukee Bucks,Player Points,VJ Edgecombe,Philadelphia 76ers,Milwaukee Bucks,14.5,1.4,NA,Neds
Philadelphia 76ers v Milwaukee Bucks,Philadelphia 76ers,Milwaukee Bucks,Player Points,Kelly Oubre Jr.,Philadelphia 76ers,Milwaukee Bucks,14.5,1.83,1.85,Neds
Philadelphia 76ers v Milwaukee Bucks,Philadelphia 76ers,Milwaukee Bucks,Player Points,AJ Green,Milwaukee Bucks,Philadelphia 76ers,14.5,1.28,NA,Neds
Philadelphia 76ers v Milwaukee Bucks,Philadelphia 76ers,Milwaukee Bucks,Player Points,Ousmane Dieng,Milwaukee Bucks,Philadelphia 76ers,14.5,1.28,NA,Neds
Philadelphia 76ers v Milwaukee Bucks,Philadelphia 76ers,Milwaukee Bucks,Player Points,Paul George,Philadelphia 76ers,Milwaukee Bucks,14.5,1.26,NA,Neds
Philadelphia 76ers v Milwaukee Bucks,Philadelphia 76ers,Milwaukee Bucks,Player Points,Taurean Prince,Milwaukee Bucks,Philadelphia 76ers,14.5,1.85,NA,Neds
Los Angeles Lakers v Utah Jazz,Los Angeles Lakers,Utah Jazz,Player Points,Luke Kennard,Los Angeles Lakers,Utah Jazz,14.5,1.6400000000000001,NA,Neds
Los Angeles Lakers v Utah Jazz,Los Angeles Lakers,Utah Jazz,Player Points,Cody Williams,Utah Jazz,Los Angeles Lakers,14.5,1.6400000000000001,NA,Neds
Los Angeles Lakers v Utah Jazz,Los Angeles Lakers,Utah Jazz,Player Points,Jake LaRavia,Los Angeles Lakers,Utah Jazz,14.5,2.75,NA,Neds
Los Angeles Lakers v Utah Jazz,Los Angeles Lakers,Utah Jazz,Player Points,Deandre Ayton,Los Angeles Lakers,Utah Jazz,14.5,1.6400000000000001,NA,Neds
Los Angeles Lakers v Utah Jazz,Los Angeles Lakers,Utah Jazz,Player Points,Brice Sensabaugh,Utah Jazz,Los Angeles Lakers,14.5,1.15,NA,Neds
Los Angeles Lakers v Utah Jazz,Los Angeles Lakers,Utah Jazz,Player Points,Ace Bailey,Utah Jazz,Los Angeles Lakers,14.5,1.28,NA,Neds
Los Angeles Lakers v Utah Jazz,Los Angeles Lakers,Utah Jazz,Player Points,Rui Hachimura,Los Angeles Lakers,Utah Jazz,14.5,1.78,NA,Neds
Los Angeles Lakers v Utah Jazz,Los Angeles Lakers,Utah Jazz,Player Points,Kennedy Chandler,NA,NA,14.5,1.46,NA,Neds
Los Angeles Lakers v Utah Jazz,Los Angeles Lakers,Utah Jazz,Player Points,LeBron James,Los Angeles Lakers,Utah Jazz,14.5,1.01,NA,Neds
Los Angeles Lakers v Utah Jazz,Los Angeles Lakers,Utah Jazz,Player Points,Oscar Tshiebwe,Utah Jazz,Los Angeles Lakers,14.5,3.4,NA,Neds
Miami Heat v Atlanta Hawks,Miami Heat,Atlanta Hawks,Player Points,Kel'el Ware,Miami Heat,Atlanta Hawks,17.5,4.25,NA,Neds
Miami Heat v Atlanta Hawks,Miami Heat,Atlanta Hawks,Player Points,Norman Powell,Miami Heat,Atlanta Hawks,17.5,1.73,NA,Neds
Miami Heat v Atlanta Hawks,Miami Heat,Atlanta Hawks,Player Points,Tyler Herro,Miami Heat,Atlanta Hawks,17.5,1.2,NA,Neds
Miami Heat v Atlanta Hawks,Miami Heat,Atlanta Hawks,Player Points,Buddy Hield,Atlanta Hawks,Miami Heat,17.5,1.73,NA,Neds
Miami Heat v Atlanta Hawks,Miami Heat,Atlanta Hawks,Player Points,Bam Adebayo,Miami Heat,Atlanta Hawks,17.5,1.2,NA,Neds
Miami Heat v Atlanta Hawks,Miami Heat,Atlanta Hawks,Player Points,Davion Mitchell,Miami Heat,Atlanta Hawks,17.5,5.75,NA,Neds
Miami Heat v Atlanta Hawks,Miami Heat,Atlanta Hawks,Player Points,Asa Newell,Atlanta Hawks,Miami Heat,17.5,4.25,NA,Neds
Miami Heat v Atlanta Hawks,Miami Heat,Atlanta Hawks,Player Points,Mouhamed Gueye,Atlanta Hawks,Miami Heat,17.5,12.5,NA,Neds
Miami Heat v Atlanta Hawks,Miami Heat,Atlanta Hawks,Player Points,Corey Kispert,Atlanta Hawks,Miami Heat,17.5,1.6,NA,Neds
Miami Heat v Atlanta Hawks,Miami Heat,Atlanta Hawks,Player Points,Tony Bradley,NA,NA,17.5,4.25,NA,Neds
Miami Heat v Atlanta Hawks,Miami Heat,Atlanta Hawks,Player Points,Zaccharie Risacher,Atlanta Hawks,Miami Heat,17.5,2.85,NA,Neds
Miami Heat v Atlanta Hawks,Miami Heat,Atlanta Hawks,Player Points,Keaton Wallace,Atlanta Hawks,Miami Heat,17.5,4.25,NA,Neds
Miami Heat v Atlanta Hawks,Miami Heat,Atlanta Hawks,Player Points,Andrew Wiggins,Miami Heat,Atlanta Hawks,17.5,1.6,NA,Neds
Indiana Pacers v Detroit Pistons,Indiana Pacers,Detroit Pistons,Player Points,Tobias Harris,Detroit Pistons,Indiana Pacers,15.5,3.7,NA,Neds
Indiana Pacers v Detroit Pistons,Indiana Pacers,Detroit Pistons,Player Points,Quenton Jackson,Indiana Pacers,Detroit Pistons,15.5,1.58,NA,Neds
Indiana Pacers v Detroit Pistons,Indiana Pacers,Detroit Pistons,Player Points,Ethan Thompson,Indiana Pacers,Detroit Pistons,15.5,1.92,NA,Neds
Indiana Pacers v Detroit Pistons,Indiana Pacers,Detroit Pistons,Player Points,Duncan Robinson,Detroit Pistons,Indiana Pacers,15.5,2.15,NA,Neds
Indiana Pacers v Detroit Pistons,Indiana Pacers,Detroit Pistons,Player Points,Ausar Thompson,Detroit Pistons,Indiana Pacers,15.5,4.2,NA,Neds
Indiana Pacers v Detroit Pistons,Indiana Pacers,Detroit Pistons,Player Points,Micah Potter,Indiana Pacers,Detroit Pistons,15.5,1.73,NA,Neds
Indiana Pacers v Detroit Pistons,Indiana Pacers,Detroit Pistons,Player Points,Cade Cunningham,Detroit Pistons,Indiana Pacers,15.5,1.3599999999999999,NA,Neds
Dallas Mavericks v Chicago Bulls,Dallas Mavericks,Chicago Bulls,Player Points,Cooper Flagg,Dallas Mavericks,Chicago Bulls,49.5,9.75,NA,Neds
Oklahoma City Thunder v Phoenix Suns,Oklahoma City Thunder,Phoenix Suns,Player Points,Jalen Green,Phoenix Suns,Oklahoma City Thunder,34.5,26,NA,Neds
Oklahoma City Thunder v Phoenix Suns,Oklahoma City Thunder,Phoenix Suns,Player Points,Jared McCain,Oklahoma City Thunder,Phoenix Suns,34.5,26,NA,Neds
Oklahoma City Thunder v Phoenix Suns,Oklahoma City Thunder,Phoenix Suns,Player Points,Aaron Wiggins,Oklahoma City Thunder,Phoenix Suns,34.5,26,NA,Neds
Oklahoma City Thunder v Phoenix Suns,Oklahoma City Thunder,Phoenix Suns,Player Points,Mark Williams,Phoenix Suns,Oklahoma City Thunder,14.5,3.4,NA,Neds
Oklahoma City Thunder v Phoenix Suns,Oklahoma City Thunder,Phoenix Suns,Player Points,Jordan Goodwin,Phoenix Suns,Oklahoma City Thunder,14.5,3.35,NA,Neds
Oklahoma City Thunder v Phoenix Suns,Oklahoma City Thunder,Phoenix Suns,Player Points,Kenrich Williams,Oklahoma City Thunder,Phoenix Suns,14.5,1.6,NA,Neds
Oklahoma City Thunder v Phoenix Suns,Oklahoma City Thunder,Phoenix Suns,Player Points,Collin Gillespie,Phoenix Suns,Oklahoma City Thunder,14.5,1.6400000000000001,NA,Neds
Oklahoma City Thunder v Phoenix Suns,Oklahoma City Thunder,Phoenix Suns,Player Points,Aaron Wiggins,Oklahoma City Thunder,Phoenix Suns,14.5,1.25,NA,Neds
Oklahoma City Thunder v Phoenix Suns,Oklahoma City Thunder,Phoenix Suns,Player Points,Jalen Green,Phoenix Suns,Oklahoma City Thunder,14.5,1.25,NA,Neds
Oklahoma City Thunder v Phoenix Suns,Oklahoma City Thunder,Phoenix Suns,Player Points,Jared McCain,Oklahoma City Thunder,Phoenix Suns,14.5,1.25,NA,Neds
Oklahoma City Thunder v Phoenix Suns,Oklahoma City Thunder,Phoenix Suns,Player Points,Nikola Topic,NA,NA,14.5,1.6,NA,Neds
Portland Trail Blazers v Sacramento Kings,Portland Trail Blazers,Sacramento Kings,Player Points,Maxime Raynaud,Sacramento Kings,Portland Trail Blazers,23.5,6.2,NA,Neds
Portland Trail Blazers v Sacramento Kings,Portland Trail Blazers,Sacramento Kings,Player Points,Toumani Camara,Portland Trail Blazers,Sacramento Kings,23.5,8.5,NA,Neds
Portland Trail Blazers v Sacramento Kings,Portland Trail Blazers,Sacramento Kings,Player Points,Shaedon Sharpe,Portland Trail Blazers,Sacramento Kings,23.5,11.5,NA,Neds
Portland Trail Blazers v Sacramento Kings,Portland Trail Blazers,Sacramento Kings,Player Points,Deni Avdija,Portland Trail Blazers,Sacramento Kings,23.5,1.5699999999999998,NA,Neds
Portland Trail Blazers v Sacramento Kings,Portland Trail Blazers,Sacramento Kings,Player Points,Scoot Henderson,Portland Trail Blazers,Sacramento Kings,23.5,6.2,NA,Neds
Portland Trail Blazers v Sacramento Kings,Portland Trail Blazers,Sacramento Kings,Player Points,Nique Clifford,Sacramento Kings,Portland Trail Blazers,23.5,4.4,NA,Neds
Portland Trail Blazers v Sacramento Kings,Portland Trail Blazers,Sacramento Kings,Player Points,Devin Carter,Sacramento Kings,Portland Trail Blazers,23.5,4.8,NA,Neds
Portland Trail Blazers v Sacramento Kings,Portland Trail Blazers,Sacramento Kings,Player Points,Jrue Holiday,Portland Trail Blazers,Sacramento Kings,23.5,6.2,NA,Neds
Portland Trail Blazers v Sacramento Kings,Portland Trail Blazers,Sacramento Kings,Player Points,Daeqwon Plowden,Sacramento Kings,Portland Trail Blazers,23.5,7,NA,Neds
Boston Celtics v Orlando Magic,Boston Celtics,Orlando Magic,Player Points,Max Shulga,Boston Celtics,Orlando Magic,17.5,2.45,NA,Neds
Boston Celtics v Orlando Magic,Boston Celtics,Orlando Magic,Player Points,Ron Harper Jr.,Boston Celtics,Orlando Magic,17.5,3.15,NA,Neds
Boston Celtics v Orlando Magic,Boston Celtics,Orlando Magic,Player Points,Luka Garza,Boston Celtics,Orlando Magic,17.5,1.8199999999999998,NA,Neds
Boston Celtics v Orlando Magic,Boston Celtics,Orlando Magic,Player Points,Franz Wagner,Orlando Magic,Boston Celtics,17.5,1.85,1.83,Neds
Boston Celtics v Orlando Magic,Boston Celtics,Orlando Magic,Player Points,Paolo Banchero,Orlando Magic,Boston Celtics,17.5,1.44,NA,Neds
Boston Celtics v Orlando Magic,Boston Celtics,Orlando Magic,Player Points,Jordan Walsh,Boston Celtics,Orlando Magic,17.5,8,NA,Neds
Boston Celtics v Orlando Magic,Boston Celtics,Orlando Magic,Player Points,Baylor Scheierman,Boston Celtics,Orlando Magic,17.5,2.75,NA,Neds
Boston Celtics v Orlando Magic,Boston Celtics,Orlando Magic,Player Points,Desmond Bane,Orlando Magic,Boston Celtics,17.5,1.8199999999999998,1.87,Neds
Boston Celtics v Orlando Magic,Boston Celtics,Orlando Magic,Player Points,Wendell Carter Jr.,Orlando Magic,Boston Celtics,17.5,6.75,NA,Neds
Boston Celtics v Orlando Magic,Boston Celtics,Orlando Magic,Player Points,Jalen Suggs,Orlando Magic,Boston Celtics,17.5,4,NA,Neds
Boston Celtics v Orlando Magic,Boston Celtics,Orlando Magic,Player Points,Anthony Black,Orlando Magic,Boston Celtics,17.5,7.25,NA,Neds
Oklahoma City Thunder v Phoenix Suns,Oklahoma City Thunder,Phoenix Suns,Player Points,Kenrich Williams,Oklahoma City Thunder,Phoenix Suns,27.5,14,NA,Neds
Oklahoma City Thunder v Phoenix Suns,Oklahoma City Thunder,Phoenix Suns,Player Points,Collin Gillespie,Phoenix Suns,Oklahoma City Thunder,27.5,16,NA,Neds
Oklahoma City Thunder v Phoenix Suns,Oklahoma City Thunder,Phoenix Suns,Player Points,Aaron Wiggins,Oklahoma City Thunder,Phoenix Suns,27.5,5.4,NA,Neds
Oklahoma City Thunder v Phoenix Suns,Oklahoma City Thunder,Phoenix Suns,Player Points,Nikola Topic,NA,NA,27.5,14,NA,Neds
Oklahoma City Thunder v Phoenix Suns,Oklahoma City Thunder,Phoenix Suns,Player Points,Jalen Green,Phoenix Suns,Oklahoma City Thunder,27.5,5.4,NA,Neds
Oklahoma City Thunder v Phoenix Suns,Oklahoma City Thunder,Phoenix Suns,Player Points,Jared McCain,Oklahoma City Thunder,Phoenix Suns,27.5,5.4,NA,Neds
Toronto Raptors v Brooklyn Nets,Toronto Raptors,Brooklyn Nets,Player Points,Drake Powell,Brooklyn Nets,Toronto Raptors,14.5,5.2,NA,Neds
Toronto Raptors v Brooklyn Nets,Toronto Raptors,Brooklyn Nets,Player Points,Malachi Smith,NA,NA,14.5,1.58,NA,Neds
Toronto Raptors v Brooklyn Nets,Toronto Raptors,Brooklyn Nets,Player Points,Brandon Ingram,Toronto Raptors,Brooklyn Nets,14.5,1.18,NA,Neds
Toronto Raptors v Brooklyn Nets,Toronto Raptors,Brooklyn Nets,Player Points,Immanuel Quickley,Toronto Raptors,Brooklyn Nets,14.5,1.9,NA,Neds
Toronto Raptors v Brooklyn Nets,Toronto Raptors,Brooklyn Nets,Player Points,Scottie Barnes,Toronto Raptors,Brooklyn Nets,14.5,1.28,NA,Neds
Toronto Raptors v Brooklyn Nets,Toronto Raptors,Brooklyn Nets,Player Points,R.J. Barrett,NA,NA,14.5,1.3599999999999999,NA,Neds
Toronto Raptors v Brooklyn Nets,Toronto Raptors,Brooklyn Nets,Player Points,Ben Saraf,Brooklyn Nets,Toronto Raptors,14.5,1.92,NA,Neds
Toronto Raptors v Brooklyn Nets,Toronto Raptors,Brooklyn Nets,Player Points,E.J. Liddell,Brooklyn Nets,Toronto Raptors,14.5,2.55,NA,Neds
Toronto Raptors v Brooklyn Nets,Toronto Raptors,Brooklyn Nets,Player Points,Trevon Scott,NA,NA,14.5,3.9,NA,Neds
Toronto Raptors v Brooklyn Nets,Toronto Raptors,Brooklyn Nets,Player Points,Jakob Poeltl,Toronto Raptors,Brooklyn Nets,14.5,3.05,NA,Neds
Los Angeles Clippers v Golden State Warriors,Los Angeles Clippers,Golden State Warriors,Player Points,Darius Garland,Los Angeles Clippers,Golden State Warriors,34.5,26,NA,Neds
Los Angeles Clippers v Golden State Warriors,Los Angeles Clippers,Golden State Warriors,Player Points,Stephen Curry,Golden State Warriors,Los Angeles Clippers,34.5,6,NA,Neds
Portland Trail Blazers v Sacramento Kings,Portland Trail Blazers,Sacramento Kings,Player Points,Daeqwon Plowden,Sacramento Kings,Portland Trail Blazers,24.5,8.75,NA,Neds
Portland Trail Blazers v Sacramento Kings,Portland Trail Blazers,Sacramento Kings,Player Points,Jrue Holiday,Portland Trail Blazers,Sacramento Kings,24.5,7.75,NA,Neds
Portland Trail Blazers v Sacramento Kings,Portland Trail Blazers,Sacramento Kings,Player Points,Scoot Henderson,Portland Trail Blazers,Sacramento Kings,24.5,7.75,NA,Neds
Portland Trail Blazers v Sacramento Kings,Portland Trail Blazers,Sacramento Kings,Player Points,Deni Avdija,Portland Trail Blazers,Sacramento Kings,24.5,1.6800000000000002,NA,Neds
Portland Trail Blazers v Sacramento Kings,Portland Trail Blazers,Sacramento Kings,Player Points,Devin Carter,Sacramento Kings,Portland Trail Blazers,24.5,6,NA,Neds
Portland Trail Blazers v Sacramento Kings,Portland Trail Blazers,Sacramento Kings,Player Points,Toumani Camara,Portland Trail Blazers,Sacramento Kings,24.5,10.5,NA,Neds
Portland Trail Blazers v Sacramento Kings,Portland Trail Blazers,Sacramento Kings,Player Points,Maxime Raynaud,Sacramento Kings,Portland Trail Blazers,24.5,7.75,NA,Neds
Portland Trail Blazers v Sacramento Kings,Portland Trail Blazers,Sacramento Kings,Player Points,Nique Clifford,Sacramento Kings,Portland Trail Blazers,24.5,5.25,NA,Neds
San Antonio Spurs v Denver Nuggets,San Antonio Spurs,Denver Nuggets,Player Points,Devin Vassell,San Antonio Spurs,Denver Nuggets,23.5,6.4,NA,Neds
San Antonio Spurs v Denver Nuggets,San Antonio Spurs,Denver Nuggets,Player Points,Julian Strawther,Denver Nuggets,San Antonio Spurs,23.5,3.1,NA,Neds
San Antonio Spurs v Denver Nuggets,San Antonio Spurs,Denver Nuggets,Player Points,Stephon Castle,San Antonio Spurs,Denver Nuggets,23.5,2.65,NA,Neds
San Antonio Spurs v Denver Nuggets,San Antonio Spurs,Denver Nuggets,Player Points,Nikola Joki<c4><87>,NA,NA,23.5,2.65,NA,Neds
San Antonio Spurs v Denver Nuggets,San Antonio Spurs,Denver Nuggets,Player Points,De'Aaron Fox,San Antonio Spurs,Denver Nuggets,23.5,3.1,NA,Neds
San Antonio Spurs v Denver Nuggets,San Antonio Spurs,Denver Nuggets,Player Points,Victor Wembanyama,San Antonio Spurs,Denver Nuggets,23.5,1.5,NA,Neds
San Antonio Spurs v Denver Nuggets,San Antonio Spurs,Denver Nuggets,Player Points,Devin Vassell,San Antonio Spurs,Denver Nuggets,11.5,1.32,NA,Neds
San Antonio Spurs v Denver Nuggets,San Antonio Spurs,Denver Nuggets,Player Points,De'Aaron Fox,San Antonio Spurs,Denver Nuggets,11.5,1.11,NA,Neds
San Antonio Spurs v Denver Nuggets,San Antonio Spurs,Denver Nuggets,Player Points,Tyus Jones,Dallas Mavericks,NA,11.5,3,NA,Neds
San Antonio Spurs v Denver Nuggets,San Antonio Spurs,Denver Nuggets,Player Points,Nikola Joki<c4><87>,NA,NA,11.5,1.08,NA,Neds
San Antonio Spurs v Denver Nuggets,San Antonio Spurs,Denver Nuggets,Player Points,Julian Champagnie,San Antonio Spurs,Denver Nuggets,11.5,1.67,NA,Neds
San Antonio Spurs v Denver Nuggets,San Antonio Spurs,Denver Nuggets,Player Points,Stephon Castle,San Antonio Spurs,Denver Nuggets,11.5,1.08,NA,Neds
San Antonio Spurs v Denver Nuggets,San Antonio Spurs,Denver Nuggets,Player Points,Bruce Brown,Denver Nuggets,San Antonio Spurs,11.5,2.15,NA,Neds
San Antonio Spurs v Denver Nuggets,San Antonio Spurs,Denver Nuggets,Player Points,Julian Strawther,Denver Nuggets,San Antonio Spurs,11.5,1.11,NA,Neds
Miami Heat v Atlanta Hawks,Miami Heat,Atlanta Hawks,Player Points,Buddy Hield,Atlanta Hawks,Miami Heat,13.5,1.28,NA,Neds
Miami Heat v Atlanta Hawks,Miami Heat,Atlanta Hawks,Player Points,Andrew Wiggins,Miami Heat,Atlanta Hawks,13.5,1.22,NA,Neds
Miami Heat v Atlanta Hawks,Miami Heat,Atlanta Hawks,Player Points,Asa Newell,Atlanta Hawks,Miami Heat,13.5,2.2,NA,Neds
Miami Heat v Atlanta Hawks,Miami Heat,Atlanta Hawks,Player Points,Norman Powell,Miami Heat,Atlanta Hawks,13.5,1.28,NA,Neds
Miami Heat v Atlanta Hawks,Miami Heat,Atlanta Hawks,Player Points,Davion Mitchell,Miami Heat,Atlanta Hawks,13.5,2.6,NA,Neds
Miami Heat v Atlanta Hawks,Miami Heat,Atlanta Hawks,Player Points,Keaton Wallace,Atlanta Hawks,Miami Heat,13.5,2.2,NA,Neds
Miami Heat v Atlanta Hawks,Miami Heat,Atlanta Hawks,Player Points,Corey Kispert,Atlanta Hawks,Miami Heat,13.5,1.22,NA,Neds
Miami Heat v Atlanta Hawks,Miami Heat,Atlanta Hawks,Player Points,Tony Bradley,NA,NA,13.5,2.2,NA,Neds
Miami Heat v Atlanta Hawks,Miami Heat,Atlanta Hawks,Player Points,Mouhamed Gueye,Atlanta Hawks,Miami Heat,13.5,4.1,NA,Neds
Miami Heat v Atlanta Hawks,Miami Heat,Atlanta Hawks,Player Points,Zaccharie Risacher,Atlanta Hawks,Miami Heat,13.5,1.73,NA,Neds
Miami Heat v Atlanta Hawks,Miami Heat,Atlanta Hawks,Player Points,Bam Adebayo,Miami Heat,Atlanta Hawks,13.5,1.03,NA,Neds
Miami Heat v Atlanta Hawks,Miami Heat,Atlanta Hawks,Player Points,Tyler Herro,Miami Heat,Atlanta Hawks,13.5,1.03,NA,Neds
Miami Heat v Atlanta Hawks,Miami Heat,Atlanta Hawks,Player Points,Kel'el Ware,Miami Heat,Atlanta Hawks,13.5,2.2,NA,Neds
Boston Celtics v Orlando Magic,Boston Celtics,Orlando Magic,Player Points,Wendell Carter Jr.,Orlando Magic,Boston Celtics,11.5,2.1,NA,Neds
Boston Celtics v Orlando Magic,Boston Celtics,Orlando Magic,Player Points,Goga Bitadze,Orlando Magic,Boston Celtics,11.5,5.8,NA,Neds
Boston Celtics v Orlando Magic,Boston Celtics,Orlando Magic,Player Points,Tristan da Silva,Orlando Magic,Boston Celtics,11.5,3.75,NA,Neds
Boston Celtics v Orlando Magic,Boston Celtics,Orlando Magic,Player Points,Paolo Banchero,Orlando Magic,Boston Celtics,11.5,1.06,NA,Neds
Boston Celtics v Orlando Magic,Boston Celtics,Orlando Magic,Player Points,Ron Harper Jr.,Boston Celtics,Orlando Magic,11.5,1.5,NA,Neds
Boston Celtics v Orlando Magic,Boston Celtics,Orlando Magic,Player Points,Anthony Black,Orlando Magic,Boston Celtics,11.5,2.15,NA,Neds
Boston Celtics v Orlando Magic,Boston Celtics,Orlando Magic,Player Points,Jordan Walsh,Boston Celtics,Orlando Magic,11.5,2.25,NA,Neds
Boston Celtics v Orlando Magic,Boston Celtics,Orlando Magic,Player Points,Desmond Bane,Orlando Magic,Boston Celtics,11.5,1.18,NA,Neds
Boston Celtics v Orlando Magic,Boston Celtics,Orlando Magic,Player Points,Max Shulga,Boston Celtics,Orlando Magic,11.5,1.35,NA,Neds
Boston Celtics v Orlando Magic,Boston Celtics,Orlando Magic,Player Points,Baylor Scheierman,Boston Celtics,Orlando Magic,11.5,1.42,NA,Neds
Boston Celtics v Orlando Magic,Boston Celtics,Orlando Magic,Player Points,Jalen Suggs,Orlando Magic,Boston Celtics,11.5,1.67,NA,Neds
Boston Celtics v Orlando Magic,Boston Celtics,Orlando Magic,Player Points,Franz Wagner,Orlando Magic,Boston Celtics,11.5,1.19,NA,Neds
Boston Celtics v Orlando Magic,Boston Celtics,Orlando Magic,Player Points,Luka Garza,Boston Celtics,Orlando Magic,11.5,1.18,NA,Neds
Indiana Pacers v Detroit Pistons,Indiana Pacers,Detroit Pistons,Player Points,Duncan Robinson,Detroit Pistons,Indiana Pacers,17.5,2.85,NA,Neds
Indiana Pacers v Detroit Pistons,Indiana Pacers,Detroit Pistons,Player Points,Cade Cunningham,Detroit Pistons,Indiana Pacers,17.5,1.6,NA,Neds
Indiana Pacers v Detroit Pistons,Indiana Pacers,Detroit Pistons,Player Points,Quenton Jackson,Indiana Pacers,Detroit Pistons,17.5,1.92,NA,Neds
Indiana Pacers v Detroit Pistons,Indiana Pacers,Detroit Pistons,Player Points,Ethan Thompson,Indiana Pacers,Detroit Pistons,17.5,2.45,NA,Neds
Indiana Pacers v Detroit Pistons,Indiana Pacers,Detroit Pistons,Player Points,Micah Potter,Indiana Pacers,Detroit Pistons,17.5,2.15,NA,Neds
Indiana Pacers v Detroit Pistons,Indiana Pacers,Detroit Pistons,Player Points,Ausar Thompson,Detroit Pistons,Indiana Pacers,17.5,6.75,NA,Neds
Indiana Pacers v Detroit Pistons,Indiana Pacers,Detroit Pistons,Player Points,Tobias Harris,Detroit Pistons,Indiana Pacers,17.5,5.75,NA,Neds
Dallas Mavericks v Chicago Bulls,Dallas Mavericks,Chicago Bulls,Player Points,Leonard Miller,Chicago Bulls,Dallas Mavericks,25.5,7.25,NA,Neds
Dallas Mavericks v Chicago Bulls,Dallas Mavericks,Chicago Bulls,Player Points,Klay Thompson,Dallas Mavericks,Chicago Bulls,25.5,17,NA,Neds
Dallas Mavericks v Chicago Bulls,Dallas Mavericks,Chicago Bulls,Player Points,Rob Dillingham,Chicago Bulls,Dallas Mavericks,25.5,13,NA,Neds
Dallas Mavericks v Chicago Bulls,Dallas Mavericks,Chicago Bulls,Player Points,Max Christie,Dallas Mavericks,Chicago Bulls,25.5,13,NA,Neds
Dallas Mavericks v Chicago Bulls,Dallas Mavericks,Chicago Bulls,Player Points,Cooper Flagg,Dallas Mavericks,Chicago Bulls,25.5,1.13,NA,Neds
Dallas Mavericks v Chicago Bulls,Dallas Mavericks,Chicago Bulls,Player Points,Tre Jones,Chicago Bulls,Dallas Mavericks,25.5,3.35,NA,Neds
Dallas Mavericks v Chicago Bulls,Dallas Mavericks,Chicago Bulls,Player Points,Patrick Williams,Chicago Bulls,Dallas Mavericks,25.5,19,NA,Neds
Dallas Mavericks v Chicago Bulls,Dallas Mavericks,Chicago Bulls,Player Points,Collin Sexton,Chicago Bulls,Dallas Mavericks,25.5,2.2,NA,Neds
Houston Rockets v Memphis Grizzlies,Houston Rockets,Memphis Grizzlies,Player Points,Reed Sheppard,Houston Rockets,Memphis Grizzlies,11.5,1.08,NA,Neds
Houston Rockets v Memphis Grizzlies,Houston Rockets,Memphis Grizzlies,Player Points,Tari Eason,Houston Rockets,Memphis Grizzlies,11.5,1.2,NA,Neds
Houston Rockets v Memphis Grizzlies,Houston Rockets,Memphis Grizzlies,Player Points,Aaron Holiday,Houston Rockets,Memphis Grizzlies,11.5,1.15,NA,Neds
Houston Rockets v Memphis Grizzlies,Houston Rockets,Memphis Grizzlies,Player Points,Lucas Williamson,NA,NA,11.5,1.44,NA,Neds
Houston Rockets v Memphis Grizzlies,Houston Rockets,Memphis Grizzlies,Player Points,Dariq Whitehead,NA,NA,11.5,1.72,NA,Neds
Houston Rockets v Memphis Grizzlies,Houston Rockets,Memphis Grizzlies,Player Points,Walter Clayton,NA,NA,11.5,1.2,NA,Neds
Dallas Mavericks v Chicago Bulls,Dallas Mavericks,Chicago Bulls,Player Points,Klay Thompson,Dallas Mavericks,Chicago Bulls,9.5,1.26,NA,Neds
Dallas Mavericks v Chicago Bulls,Dallas Mavericks,Chicago Bulls,Player Points,Patrick Williams,Chicago Bulls,Dallas Mavericks,9.5,1.28,NA,Neds
Dallas Mavericks v Chicago Bulls,Dallas Mavericks,Chicago Bulls,Player Points,Tre Jones,Chicago Bulls,Dallas Mavericks,9.5,1.01,NA,Neds
Dallas Mavericks v Chicago Bulls,Dallas Mavericks,Chicago Bulls,Player Points,Leonard Miller,Chicago Bulls,Dallas Mavericks,9.5,1.11,NA,Neds
Dallas Mavericks v Chicago Bulls,Dallas Mavericks,Chicago Bulls,Player Points,Max Christie,Dallas Mavericks,Chicago Bulls,9.5,1.22,NA,Neds
Dallas Mavericks v Chicago Bulls,Dallas Mavericks,Chicago Bulls,Player Points,Dwight Powell,Dallas Mavericks,Chicago Bulls,9.5,2.9,NA,Neds
Dallas Mavericks v Chicago Bulls,Dallas Mavericks,Chicago Bulls,Player Points,Rob Dillingham,Chicago Bulls,Dallas Mavericks,9.5,1.22,NA,Neds
Dallas Mavericks v Chicago Bulls,Dallas Mavericks,Chicago Bulls,Player Points,Lachlan Olbrich,Chicago Bulls,Dallas Mavericks,9.5,1.8199999999999998,NA,Neds
Dallas Mavericks v Chicago Bulls,Dallas Mavericks,Chicago Bulls,Player Points,Ryan Nembhard,Dallas Mavericks,Chicago Bulls,9.5,1.48,NA,Neds
Dallas Mavericks v Chicago Bulls,Dallas Mavericks,Chicago Bulls,Player Points,Khris Middleton,Dallas Mavericks,Chicago Bulls,9.5,1.72,NA,Neds
Philadelphia 76ers v Milwaukee Bucks,Philadelphia 76ers,Milwaukee Bucks,Player Points,Cormac Ryan,NA,NA,13.5,1.2,NA,Neds
Philadelphia 76ers v Milwaukee Bucks,Philadelphia 76ers,Milwaukee Bucks,Player Points,Kelly Oubre Jr.,Philadelphia 76ers,Milwaukee Bucks,13.5,1.67,NA,Neds
Philadelphia 76ers v Milwaukee Bucks,Philadelphia 76ers,Milwaukee Bucks,Player Points,Ousmane Dieng,Milwaukee Bucks,Philadelphia 76ers,13.5,1.22,NA,Neds
Philadelphia 76ers v Milwaukee Bucks,Philadelphia 76ers,Milwaukee Bucks,Player Points,Taurean Prince,Milwaukee Bucks,Philadelphia 76ers,13.5,1.67,NA,Neds
Philadelphia 76ers v Milwaukee Bucks,Philadelphia 76ers,Milwaukee Bucks,Player Points,VJ Edgecombe,Philadelphia 76ers,Milwaukee Bucks,13.5,1.3,NA,Neds
Philadelphia 76ers v Milwaukee Bucks,Philadelphia 76ers,Milwaukee Bucks,Player Points,AJ Green,Milwaukee Bucks,Philadelphia 76ers,13.5,1.22,NA,Neds
Philadelphia 76ers v Milwaukee Bucks,Philadelphia 76ers,Milwaukee Bucks,Player Points,Paul George,Philadelphia 76ers,Milwaukee Bucks,13.5,1.2,NA,Neds
Philadelphia 76ers v Milwaukee Bucks,Philadelphia 76ers,Milwaukee Bucks,Player Points,Jericho Sims,Milwaukee Bucks,Philadelphia 76ers,13.5,3.5,NA,Neds
Philadelphia 76ers v Milwaukee Bucks,Philadelphia 76ers,Milwaukee Bucks,Player Points,Quentin Grimes,Philadelphia 76ers,Milwaukee Bucks,13.5,2.45,NA,Neds
New York Knicks v Charlotte Hornets,New York Knicks,Charlotte Hornets,Player Points,Jose Alvarado,New York Knicks,Charlotte Hornets,13.5,1.73,NA,Neds
New York Knicks v Charlotte Hornets,New York Knicks,Charlotte Hornets,Player Points,Brandon Miller,Charlotte Hornets,New York Knicks,13.5,1.17,NA,Neds
New York Knicks v Charlotte Hornets,New York Knicks,Charlotte Hornets,Player Points,Kon Knueppel,Charlotte Hornets,New York Knicks,13.5,1.09,NA,Neds
New York Knicks v Charlotte Hornets,New York Knicks,Charlotte Hornets,Player Points,LaMelo Ball,Charlotte Hornets,New York Knicks,13.5,1.09,NA,Neds
New York Knicks v Charlotte Hornets,New York Knicks,Charlotte Hornets,Player Points,Mohamed Diawara,New York Knicks,Charlotte Hornets,13.5,1.73,NA,Neds
New York Knicks v Charlotte Hornets,New York Knicks,Charlotte Hornets,Player Points,Moussa Diabate,NA,NA,13.5,5.6,NA,Neds
New York Knicks v Charlotte Hornets,New York Knicks,Charlotte Hornets,Player Points,Ariel Hukporti,New York Knicks,Charlotte Hornets,13.5,3.15,NA,Neds
New York Knicks v Charlotte Hornets,New York Knicks,Charlotte Hornets,Player Points,Miles McBride,New York Knicks,Charlotte Hornets,13.5,1.92,NA,Neds
New York Knicks v Charlotte Hornets,New York Knicks,Charlotte Hornets,Player Points,Miles Bridges,Charlotte Hornets,New York Knicks,13.5,1.73,NA,Neds
New York Knicks v Charlotte Hornets,New York Knicks,Charlotte Hornets,Player Points,Jordan Clarkson,New York Knicks,Charlotte Hornets,13.5,1.5699999999999998,NA,Neds
Houston Rockets v Memphis Grizzlies,Houston Rockets,Memphis Grizzlies,Player Points,Tari Eason,Houston Rockets,Memphis Grizzlies,15.5,1.58,NA,Neds
Houston Rockets v Memphis Grizzlies,Houston Rockets,Memphis Grizzlies,Player Points,Walter Clayton,NA,NA,15.5,1.58,NA,Neds
Houston Rockets v Memphis Grizzlies,Houston Rockets,Memphis Grizzlies,Player Points,Dariq Whitehead,NA,NA,15.5,3,NA,Neds
Houston Rockets v Memphis Grizzlies,Houston Rockets,Memphis Grizzlies,Player Points,Aaron Holiday,Houston Rockets,Memphis Grizzlies,15.5,1.46,NA,Neds
Houston Rockets v Memphis Grizzlies,Houston Rockets,Memphis Grizzlies,Player Points,Reed Sheppard,Houston Rockets,Memphis Grizzlies,15.5,1.3,NA,Neds
Houston Rockets v Memphis Grizzlies,Houston Rockets,Memphis Grizzlies,Player Points,Lucas Williamson,NA,NA,15.5,2.15,NA,Neds
Minnesota Timberwolves v New Orleans Pelicans,Minnesota Timberwolves,New Orleans Pelicans,Player Points,Terrence Shannon Jr.,Minnesota Timberwolves,New Orleans Pelicans,27.5,3.4,NA,Neds
Minnesota Timberwolves v New Orleans Pelicans,Minnesota Timberwolves,New Orleans Pelicans,Player Points,Jordan Poole,New Orleans Pelicans,Minnesota Timberwolves,27.5,4.8,NA,Neds
Minnesota Timberwolves v New Orleans Pelicans,Minnesota Timberwolves,New Orleans Pelicans,Player Points,Joan Beringer,Minnesota Timberwolves,New Orleans Pelicans,27.5,14,NA,Neds
Minnesota Timberwolves v New Orleans Pelicans,Minnesota Timberwolves,New Orleans Pelicans,Player Points,Jaylen Clark,Minnesota Timberwolves,New Orleans Pelicans,27.5,19,NA,Neds
Minnesota Timberwolves v New Orleans Pelicans,Minnesota Timberwolves,New Orleans Pelicans,Player Points,Jeremiah Fears,New Orleans Pelicans,Minnesota Timberwolves,27.5,1.9,NA,Neds
Minnesota Timberwolves v New Orleans Pelicans,Minnesota Timberwolves,New Orleans Pelicans,Player Points,Derik Queen,New Orleans Pelicans,Minnesota Timberwolves,27.5,6,NA,Neds
Indiana Pacers v Detroit Pistons,Indiana Pacers,Detroit Pistons,Player Points,Quenton Jackson,Indiana Pacers,Detroit Pistons,14.5,1.46,NA,Neds
Indiana Pacers v Detroit Pistons,Indiana Pacers,Detroit Pistons,Player Points,Ausar Thompson,Detroit Pistons,Indiana Pacers,14.5,3.4,NA,Neds
Indiana Pacers v Detroit Pistons,Indiana Pacers,Detroit Pistons,Player Points,Micah Potter,Indiana Pacers,Detroit Pistons,14.5,1.58,NA,Neds
Indiana Pacers v Detroit Pistons,Indiana Pacers,Detroit Pistons,Player Points,Duncan Robinson,Detroit Pistons,Indiana Pacers,14.5,1.92,NA,Neds
Indiana Pacers v Detroit Pistons,Indiana Pacers,Detroit Pistons,Player Points,Tobias Harris,Detroit Pistons,Indiana Pacers,14.5,3.05,NA,Neds
Indiana Pacers v Detroit Pistons,Indiana Pacers,Detroit Pistons,Player Points,Ethan Thompson,Indiana Pacers,Detroit Pistons,14.5,1.73,NA,Neds
Indiana Pacers v Detroit Pistons,Indiana Pacers,Detroit Pistons,Player Points,Cade Cunningham,Detroit Pistons,Indiana Pacers,14.5,1.28,NA,Neds
Indiana Pacers v Detroit Pistons,Indiana Pacers,Detroit Pistons,Player Points,Micah Potter,Indiana Pacers,Detroit Pistons,23.5,5.5,NA,Neds
Indiana Pacers v Detroit Pistons,Indiana Pacers,Detroit Pistons,Player Points,Ethan Thompson,Indiana Pacers,Detroit Pistons,23.5,7,NA,Neds
Indiana Pacers v Detroit Pistons,Indiana Pacers,Detroit Pistons,Player Points,Cade Cunningham,Detroit Pistons,Indiana Pacers,23.5,3.1,NA,Neds
Indiana Pacers v Detroit Pistons,Indiana Pacers,Detroit Pistons,Player Points,Quenton Jackson,Indiana Pacers,Detroit Pistons,23.5,4.4,NA,Neds
Indiana Pacers v Detroit Pistons,Indiana Pacers,Detroit Pistons,Player Points,Duncan Robinson,Detroit Pistons,Indiana Pacers,23.5,9.5,NA,Neds
Los Angeles Clippers v Golden State Warriors,Los Angeles Clippers,Golden State Warriors,Player Points,Darius Garland,Los Angeles Clippers,Golden State Warriors,24.5,3.3,NA,Neds
Los Angeles Clippers v Golden State Warriors,Los Angeles Clippers,Golden State Warriors,Player Points,Stephen Curry,Golden State Warriors,Los Angeles Clippers,24.5,1.75,NA,Neds
Minnesota Timberwolves v New Orleans Pelicans,Minnesota Timberwolves,New Orleans Pelicans,Player Points,Jeremiah Fears,New Orleans Pelicans,Minnesota Timberwolves,44.5,29,NA,Neds
Los Angeles Clippers v Golden State Warriors,Los Angeles Clippers,Golden State Warriors,Player Points,Stephen Curry,Golden State Warriors,Los Angeles Clippers,27.5,2.3,NA,Neds
Los Angeles Clippers v Golden State Warriors,Los Angeles Clippers,Golden State Warriors,Player Points,Darius Garland,Los Angeles Clippers,Golden State Warriors,27.5,5.4,NA,Neds
Miami Heat v Atlanta Hawks,Miami Heat,Atlanta Hawks,Player Points,Keaton Wallace,Atlanta Hawks,Miami Heat,21.5,11.5,NA,Neds
Miami Heat v Atlanta Hawks,Miami Heat,Atlanta Hawks,Player Points,Kel'el Ware,Miami Heat,Atlanta Hawks,21.5,11.5,NA,Neds
Miami Heat v Atlanta Hawks,Miami Heat,Atlanta Hawks,Player Points,Norman Powell,Miami Heat,Atlanta Hawks,21.5,2.7,NA,Neds
Miami Heat v Atlanta Hawks,Miami Heat,Atlanta Hawks,Player Points,Bam Adebayo,Miami Heat,Atlanta Hawks,21.5,1.5,NA,Neds
Miami Heat v Atlanta Hawks,Miami Heat,Atlanta Hawks,Player Points,Tony Bradley,NA,NA,21.5,11.5,NA,Neds
Miami Heat v Atlanta Hawks,Miami Heat,Atlanta Hawks,Player Points,Andrew Wiggins,Miami Heat,Atlanta Hawks,21.5,2.35,NA,Neds
Miami Heat v Atlanta Hawks,Miami Heat,Atlanta Hawks,Player Points,Corey Kispert,Atlanta Hawks,Miami Heat,21.5,2.35,NA,Neds
Miami Heat v Atlanta Hawks,Miami Heat,Atlanta Hawks,Player Points,Tyler Herro,Miami Heat,Atlanta Hawks,21.5,1.5,NA,Neds
Miami Heat v Atlanta Hawks,Miami Heat,Atlanta Hawks,Player Points,Asa Newell,Atlanta Hawks,Miami Heat,21.5,11.5,NA,Neds
Miami Heat v Atlanta Hawks,Miami Heat,Atlanta Hawks,Player Points,Buddy Hield,Atlanta Hawks,Miami Heat,21.5,2.7,NA,Neds
Miami Heat v Atlanta Hawks,Miami Heat,Atlanta Hawks,Player Points,Zaccharie Risacher,Atlanta Hawks,Miami Heat,21.5,6,NA,Neds
Los Angeles Lakers v Utah Jazz,Los Angeles Lakers,Utah Jazz,Player Points,Kennedy Chandler,NA,NA,19.5,2.4,NA,Neds
Los Angeles Lakers v Utah Jazz,Los Angeles Lakers,Utah Jazz,Player Points,LeBron James,Los Angeles Lakers,Utah Jazz,19.5,1.19,NA,Neds
Los Angeles Lakers v Utah Jazz,Los Angeles Lakers,Utah Jazz,Player Points,Brice Sensabaugh,Utah Jazz,Los Angeles Lakers,19.5,1.55,NA,Neds
Los Angeles Lakers v Utah Jazz,Los Angeles Lakers,Utah Jazz,Player Points,Cody Williams,Utah Jazz,Los Angeles Lakers,19.5,3,NA,Neds
Los Angeles Lakers v Utah Jazz,Los Angeles Lakers,Utah Jazz,Player Points,Deandre Ayton,Los Angeles Lakers,Utah Jazz,19.5,2.95,NA,Neds
Los Angeles Lakers v Utah Jazz,Los Angeles Lakers,Utah Jazz,Player Points,Ace Bailey,Utah Jazz,Los Angeles Lakers,19.5,1.9100000000000001,NA,Neds
Los Angeles Lakers v Utah Jazz,Los Angeles Lakers,Utah Jazz,Player Points,Oscar Tshiebwe,Utah Jazz,Los Angeles Lakers,19.5,11.5,NA,Neds
Los Angeles Lakers v Utah Jazz,Los Angeles Lakers,Utah Jazz,Player Points,Rui Hachimura,Los Angeles Lakers,Utah Jazz,19.5,3.5,NA,Neds
Los Angeles Lakers v Utah Jazz,Los Angeles Lakers,Utah Jazz,Player Points,Luke Kennard,Los Angeles Lakers,Utah Jazz,19.5,2.95,NA,Neds
Los Angeles Lakers v Utah Jazz,Los Angeles Lakers,Utah Jazz,Player Points,Jake LaRavia,Los Angeles Lakers,Utah Jazz,19.5,8,NA,Neds
Indiana Pacers v Detroit Pistons,Indiana Pacers,Detroit Pistons,Player Points,Quenton Jackson,Indiana Pacers,Detroit Pistons,27.5,10,NA,Neds
Indiana Pacers v Detroit Pistons,Indiana Pacers,Detroit Pistons,Player Points,Cade Cunningham,Detroit Pistons,Indiana Pacers,27.5,6,NA,Neds
Indiana Pacers v Detroit Pistons,Indiana Pacers,Detroit Pistons,Player Points,Ethan Thompson,Indiana Pacers,Detroit Pistons,27.5,19,NA,Neds
Indiana Pacers v Detroit Pistons,Indiana Pacers,Detroit Pistons,Player Points,Duncan Robinson,Detroit Pistons,Indiana Pacers,27.5,29,NA,Neds
Indiana Pacers v Detroit Pistons,Indiana Pacers,Detroit Pistons,Player Points,Micah Potter,Indiana Pacers,Detroit Pistons,27.5,14,NA,Neds
Boston Celtics v Orlando Magic,Boston Celtics,Orlando Magic,Player Points,Anthony Black,Orlando Magic,Boston Celtics,13.5,3,NA,Neds
Boston Celtics v Orlando Magic,Boston Celtics,Orlando Magic,Player Points,Luka Garza,Boston Celtics,Orlando Magic,13.5,1.32,NA,Neds
Boston Celtics v Orlando Magic,Boston Celtics,Orlando Magic,Player Points,Ron Harper Jr.,Boston Celtics,Orlando Magic,13.5,1.8199999999999998,NA,Neds
Boston Celtics v Orlando Magic,Boston Celtics,Orlando Magic,Player Points,Franz Wagner,Orlando Magic,Boston Celtics,13.5,1.33,NA,Neds
Boston Celtics v Orlando Magic,Boston Celtics,Orlando Magic,Player Points,Jordan Walsh,Boston Celtics,Orlando Magic,13.5,3.15,NA,Neds
Boston Celtics v Orlando Magic,Boston Celtics,Orlando Magic,Player Points,Paolo Banchero,Orlando Magic,Boston Celtics,13.5,1.15,NA,Neds
Boston Celtics v Orlando Magic,Boston Celtics,Orlando Magic,Player Points,Baylor Scheierman,Boston Celtics,Orlando Magic,13.5,1.6800000000000002,NA,Neds
Boston Celtics v Orlando Magic,Boston Celtics,Orlando Magic,Player Points,Max Shulga,Boston Celtics,Orlando Magic,13.5,1.5699999999999998,NA,Neds
Boston Celtics v Orlando Magic,Boston Celtics,Orlando Magic,Player Points,Desmond Bane,Orlando Magic,Boston Celtics,13.5,1.32,NA,Neds
Boston Celtics v Orlando Magic,Boston Celtics,Orlando Magic,Player Points,Tristan da Silva,Orlando Magic,Boston Celtics,13.5,6.4,NA,Neds
Boston Celtics v Orlando Magic,Boston Celtics,Orlando Magic,Player Points,Wendell Carter Jr.,Orlando Magic,Boston Celtics,13.5,2.85,NA,Neds
Boston Celtics v Orlando Magic,Boston Celtics,Orlando Magic,Player Points,Jalen Suggs,Orlando Magic,Boston Celtics,13.5,2.1,NA,Neds
Miami Heat v Atlanta Hawks,Miami Heat,Atlanta Hawks,Player Points,Mouhamed Gueye,Atlanta Hawks,Miami Heat,14.5,5.2,NA,Neds
Miami Heat v Atlanta Hawks,Miami Heat,Atlanta Hawks,Player Points,Bam Adebayo,Miami Heat,Atlanta Hawks,14.5,1.06,NA,Neds
Miami Heat v Atlanta Hawks,Miami Heat,Atlanta Hawks,Player Points,Tony Bradley,NA,NA,14.5,2.55,NA,Neds
Miami Heat v Atlanta Hawks,Miami Heat,Atlanta Hawks,Player Points,Keaton Wallace,Atlanta Hawks,Miami Heat,14.5,2.55,NA,Neds
Miami Heat v Atlanta Hawks,Miami Heat,Atlanta Hawks,Player Points,Asa Newell,Atlanta Hawks,Miami Heat,14.5,2.55,NA,Neds
Miami Heat v Atlanta Hawks,Miami Heat,Atlanta Hawks,Player Points,Kel'el Ware,Miami Heat,Atlanta Hawks,14.5,2.55,NA,Neds
Miami Heat v Atlanta Hawks,Miami Heat,Atlanta Hawks,Player Points,Buddy Hield,Atlanta Hawks,Miami Heat,14.5,1.3599999999999999,NA,Neds
Miami Heat v Atlanta Hawks,Miami Heat,Atlanta Hawks,Player Points,Andrew Wiggins,Miami Heat,Atlanta Hawks,14.5,1.28,NA,Neds
Miami Heat v Atlanta Hawks,Miami Heat,Atlanta Hawks,Player Points,Zaccharie Risacher,Atlanta Hawks,Miami Heat,14.5,1.92,NA,Neds
Miami Heat v Atlanta Hawks,Miami Heat,Atlanta Hawks,Player Points,Norman Powell,Miami Heat,Atlanta Hawks,14.5,1.3599999999999999,NA,Neds
Miami Heat v Atlanta Hawks,Miami Heat,Atlanta Hawks,Player Points,Davion Mitchell,Miami Heat,Atlanta Hawks,14.5,3.05,NA,Neds
Miami Heat v Atlanta Hawks,Miami Heat,Atlanta Hawks,Player Points,Tyler Herro,Miami Heat,Atlanta Hawks,14.5,1.06,NA,Neds
Miami Heat v Atlanta Hawks,Miami Heat,Atlanta Hawks,Player Points,Corey Kispert,Atlanta Hawks,Miami Heat,14.5,1.28,NA,Neds
Toronto Raptors v Brooklyn Nets,Toronto Raptors,Brooklyn Nets,Player Points,Ben Saraf,Brooklyn Nets,Toronto Raptors,9.5,1.24,NA,Neds
Toronto Raptors v Brooklyn Nets,Toronto Raptors,Brooklyn Nets,Player Points,Immanuel Quickley,Toronto Raptors,Brooklyn Nets,9.5,1.24,NA,Neds
Toronto Raptors v Brooklyn Nets,Toronto Raptors,Brooklyn Nets,Player Points,Trevon Scott,NA,NA,9.5,1.72,NA,Neds
Toronto Raptors v Brooklyn Nets,Toronto Raptors,Brooklyn Nets,Player Points,Jakob Poeltl,Toronto Raptors,Brooklyn Nets,9.5,1.55,NA,Neds
Toronto Raptors v Brooklyn Nets,Toronto Raptors,Brooklyn Nets,Player Points,Malachi Smith,NA,NA,9.5,1.1400000000000001,NA,Neds
Toronto Raptors v Brooklyn Nets,Toronto Raptors,Brooklyn Nets,Player Points,R.J. Barrett,NA,NA,9.5,1.06,NA,Neds
Toronto Raptors v Brooklyn Nets,Toronto Raptors,Brooklyn Nets,Player Points,Drake Powell,Brooklyn Nets,Toronto Raptors,9.5,1.95,NA,Neds
Toronto Raptors v Brooklyn Nets,Toronto Raptors,Brooklyn Nets,Player Points,E.J. Liddell,Brooklyn Nets,Toronto Raptors,9.5,1.42,NA,Neds
Toronto Raptors v Brooklyn Nets,Toronto Raptors,Brooklyn Nets,Player Points,Scottie Barnes,Toronto Raptors,Brooklyn Nets,9.5,1.04,NA,Neds
Toronto Raptors v Brooklyn Nets,Toronto Raptors,Brooklyn Nets,Player Points,Brandon Ingram,Toronto Raptors,Brooklyn Nets,34.5,16,NA,Neds
Portland Trail Blazers v Sacramento Kings,Portland Trail Blazers,Sacramento Kings,Player Points,Deni Avdija,Portland Trail Blazers,Sacramento Kings,29.5,2.7,NA,Neds
Portland Trail Blazers v Sacramento Kings,Portland Trail Blazers,Sacramento Kings,Player Points,Nique Clifford,Sacramento Kings,Portland Trail Blazers,29.5,16,NA,Neds
Portland Trail Blazers v Sacramento Kings,Portland Trail Blazers,Sacramento Kings,Player Points,Maxime Raynaud,Sacramento Kings,Portland Trail Blazers,29.5,29,NA,Neds
Portland Trail Blazers v Sacramento Kings,Portland Trail Blazers,Sacramento Kings,Player Points,Jrue Holiday,Portland Trail Blazers,Sacramento Kings,29.5,29,NA,Neds
Portland Trail Blazers v Sacramento Kings,Portland Trail Blazers,Sacramento Kings,Player Points,Scoot Henderson,Portland Trail Blazers,Sacramento Kings,29.5,29,NA,Neds
Portland Trail Blazers v Sacramento Kings,Portland Trail Blazers,Sacramento Kings,Player Points,Devin Carter,Sacramento Kings,Portland Trail Blazers,29.5,19,NA,Neds
San Antonio Spurs v Denver Nuggets,San Antonio Spurs,Denver Nuggets,Player Points,Devin Vassell,San Antonio Spurs,Denver Nuggets,21.5,4.25,NA,Neds
San Antonio Spurs v Denver Nuggets,San Antonio Spurs,Denver Nuggets,Player Points,Julian Champagnie,San Antonio Spurs,Denver Nuggets,21.5,10.5,NA,Neds
San Antonio Spurs v Denver Nuggets,San Antonio Spurs,Denver Nuggets,Player Points,Stephon Castle,San Antonio Spurs,Denver Nuggets,21.5,2.1,NA,Neds
San Antonio Spurs v Denver Nuggets,San Antonio Spurs,Denver Nuggets,Player Points,Julian Strawther,Denver Nuggets,San Antonio Spurs,21.5,2.35,NA,Neds
San Antonio Spurs v Denver Nuggets,San Antonio Spurs,Denver Nuggets,Player Points,De'Aaron Fox,San Antonio Spurs,Denver Nuggets,21.5,2.35,NA,Neds
San Antonio Spurs v Denver Nuggets,San Antonio Spurs,Denver Nuggets,Player Points,Victor Wembanyama,San Antonio Spurs,Denver Nuggets,21.5,1.33,NA,Neds
San Antonio Spurs v Denver Nuggets,San Antonio Spurs,Denver Nuggets,Player Points,Nikola Joki<c4><87>,NA,NA,21.5,2.1,NA,Neds
Minnesota Timberwolves v New Orleans Pelicans,Minnesota Timberwolves,New Orleans Pelicans,Player Points,Terrence Shannon Jr.,Minnesota Timberwolves,New Orleans Pelicans,19.5,1.5,NA,Neds
Minnesota Timberwolves v New Orleans Pelicans,Minnesota Timberwolves,New Orleans Pelicans,Player Points,Jaylen Clark,Minnesota Timberwolves,New Orleans Pelicans,19.5,3.3,NA,Neds
Minnesota Timberwolves v New Orleans Pelicans,Minnesota Timberwolves,New Orleans Pelicans,Player Points,Derik Queen,New Orleans Pelicans,Minnesota Timberwolves,19.5,1.9100000000000001,NA,Neds
Minnesota Timberwolves v New Orleans Pelicans,Minnesota Timberwolves,New Orleans Pelicans,Player Points,Jordan Poole,New Orleans Pelicans,Minnesota Timberwolves,19.5,1.73,NA,Neds
Minnesota Timberwolves v New Orleans Pelicans,Minnesota Timberwolves,New Orleans Pelicans,Player Points,Joan Beringer,Minnesota Timberwolves,New Orleans Pelicans,19.5,2.8,NA,Neds
Minnesota Timberwolves v New Orleans Pelicans,Minnesota Timberwolves,New Orleans Pelicans,Player Points,Jeremiah Fears,New Orleans Pelicans,Minnesota Timberwolves,19.5,1.16,NA,Neds
Portland Trail Blazers v Sacramento Kings,Portland Trail Blazers,Sacramento Kings,Player Points,Deni Avdija,Portland Trail Blazers,Sacramento Kings,27.5,2.2,NA,Neds
Portland Trail Blazers v Sacramento Kings,Portland Trail Blazers,Sacramento Kings,Player Points,Maxime Raynaud,Sacramento Kings,Portland Trail Blazers,27.5,16,NA,Neds
Portland Trail Blazers v Sacramento Kings,Portland Trail Blazers,Sacramento Kings,Player Points,Devin Carter,Sacramento Kings,Portland Trail Blazers,27.5,11.5,NA,Neds
Portland Trail Blazers v Sacramento Kings,Portland Trail Blazers,Sacramento Kings,Player Points,Toumani Camara,Portland Trail Blazers,Sacramento Kings,27.5,26,NA,Neds
Portland Trail Blazers v Sacramento Kings,Portland Trail Blazers,Sacramento Kings,Player Points,Jrue Holiday,Portland Trail Blazers,Sacramento Kings,27.5,16,NA,Neds
Portland Trail Blazers v Sacramento Kings,Portland Trail Blazers,Sacramento Kings,Player Points,Scoot Henderson,Portland Trail Blazers,Sacramento Kings,27.5,16,NA,Neds
Portland Trail Blazers v Sacramento Kings,Portland Trail Blazers,Sacramento Kings,Player Points,Daeqwon Plowden,Sacramento Kings,Portland Trail Blazers,27.5,19,NA,Neds
Portland Trail Blazers v Sacramento Kings,Portland Trail Blazers,Sacramento Kings,Player Points,Nique Clifford,Sacramento Kings,Portland Trail Blazers,27.5,10,NA,Neds
San Antonio Spurs v Denver Nuggets,San Antonio Spurs,Denver Nuggets,Player Points,Julian Strawther,Denver Nuggets,San Antonio Spurs,25.5,4.2,NA,Neds
San Antonio Spurs v Denver Nuggets,San Antonio Spurs,Denver Nuggets,Player Points,Nikola Joki<c4><87>,NA,NA,25.5,3.5,NA,Neds
San Antonio Spurs v Denver Nuggets,San Antonio Spurs,Denver Nuggets,Player Points,Victor Wembanyama,San Antonio Spurs,Denver Nuggets,25.5,1.75,NA,Neds
San Antonio Spurs v Denver Nuggets,San Antonio Spurs,Denver Nuggets,Player Points,De'Aaron Fox,San Antonio Spurs,Denver Nuggets,25.5,4.2,NA,Neds
San Antonio Spurs v Denver Nuggets,San Antonio Spurs,Denver Nuggets,Player Points,Stephon Castle,San Antonio Spurs,Denver Nuggets,25.5,3.5,NA,Neds
San Antonio Spurs v Denver Nuggets,San Antonio Spurs,Denver Nuggets,Player Points,Devin Vassell,San Antonio Spurs,Denver Nuggets,25.5,10,NA,Neds
Indiana Pacers v Detroit Pistons,Indiana Pacers,Detroit Pistons,Player Points,Tobias Harris,Detroit Pistons,Indiana Pacers,13.5,2.6,NA,Neds
Indiana Pacers v Detroit Pistons,Indiana Pacers,Detroit Pistons,Player Points,Duncan Robinson,Detroit Pistons,Indiana Pacers,13.5,1.73,NA,Neds
Indiana Pacers v Detroit Pistons,Indiana Pacers,Detroit Pistons,Player Points,Ethan Thompson,Indiana Pacers,Detroit Pistons,13.5,1.5699999999999998,NA,Neds
Indiana Pacers v Detroit Pistons,Indiana Pacers,Detroit Pistons,Player Points,Ausar Thompson,Detroit Pistons,Indiana Pacers,13.5,2.85,NA,Neds
Indiana Pacers v Detroit Pistons,Indiana Pacers,Detroit Pistons,Player Points,Cade Cunningham,Detroit Pistons,Indiana Pacers,13.5,1.22,NA,Neds
Indiana Pacers v Detroit Pistons,Indiana Pacers,Detroit Pistons,Player Points,Quenton Jackson,Indiana Pacers,Detroit Pistons,13.5,1.3599999999999999,NA,Neds
Indiana Pacers v Detroit Pistons,Indiana Pacers,Detroit Pistons,Player Points,Micah Potter,Indiana Pacers,Detroit Pistons,13.5,1.46,NA,Neds
San Antonio Spurs v Denver Nuggets,San Antonio Spurs,Denver Nuggets,Player Points,Julian Champagnie,San Antonio Spurs,Denver Nuggets,13.5,2.1,NA,Neds
San Antonio Spurs v Denver Nuggets,San Antonio Spurs,Denver Nuggets,Player Points,De'Aaron Fox,San Antonio Spurs,Denver Nuggets,13.5,1.22,NA,Neds
San Antonio Spurs v Denver Nuggets,San Antonio Spurs,Denver Nuggets,Player Points,Bruce Brown,Denver Nuggets,San Antonio Spurs,13.5,2.95,NA,Neds
San Antonio Spurs v Denver Nuggets,San Antonio Spurs,Denver Nuggets,Player Points,Nikola Joki<c4><87>,NA,NA,13.5,1.17,NA,Neds
San Antonio Spurs v Denver Nuggets,San Antonio Spurs,Denver Nuggets,Player Points,Tyus Jones,Dallas Mavericks,NA,13.5,4.75,NA,Neds
San Antonio Spurs v Denver Nuggets,San Antonio Spurs,Denver Nuggets,Player Points,Julian Strawther,Denver Nuggets,San Antonio Spurs,13.5,1.22,NA,Neds
San Antonio Spurs v Denver Nuggets,San Antonio Spurs,Denver Nuggets,Player Points,Stephon Castle,San Antonio Spurs,Denver Nuggets,13.5,1.17,NA,Neds
San Antonio Spurs v Denver Nuggets,San Antonio Spurs,Denver Nuggets,Player Points,Devin Vassell,San Antonio Spurs,Denver Nuggets,13.5,1.53,NA,Neds
Indiana Pacers v Detroit Pistons,Indiana Pacers,Detroit Pistons,Player Points,Ethan Thompson,Indiana Pacers,Detroit Pistons,21.5,4.6,NA,Neds
Indiana Pacers v Detroit Pistons,Indiana Pacers,Detroit Pistons,Player Points,Quenton Jackson,Indiana Pacers,Detroit Pistons,21.5,3.2,NA,Neds
Indiana Pacers v Detroit Pistons,Indiana Pacers,Detroit Pistons,Player Points,Micah Potter,Indiana Pacers,Detroit Pistons,21.5,3.8,NA,Neds
Indiana Pacers v Detroit Pistons,Indiana Pacers,Detroit Pistons,Player Points,Cade Cunningham,Detroit Pistons,Indiana Pacers,21.5,2.35,NA,Neds
Indiana Pacers v Detroit Pistons,Indiana Pacers,Detroit Pistons,Player Points,Duncan Robinson,Detroit Pistons,Indiana Pacers,21.5,6,NA,Neds
Los Angeles Clippers v Golden State Warriors,Los Angeles Clippers,Golden State Warriors,Player Points,Gui Santos,Golden State Warriors,Los Angeles Clippers,9.5,1.72,NA,Neds
Los Angeles Clippers v Golden State Warriors,Los Angeles Clippers,Golden State Warriors,Player Points,Kristaps Porzi<c5><86><c4><a3>is,NA,NA,9.5,1.42,NA,Neds
Los Angeles Clippers v Golden State Warriors,Los Angeles Clippers,Golden State Warriors,Player Points,Brook Lopez,Los Angeles Clippers,Golden State Warriors,9.5,1.28,NA,Neds
Los Angeles Clippers v Golden State Warriors,Los Angeles Clippers,Golden State Warriors,Player Points,De'Anthony Melton,Golden State Warriors,Los Angeles Clippers,9.5,1.72,NA,Neds
Los Angeles Clippers v Golden State Warriors,Los Angeles Clippers,Golden State Warriors,Player Points,Derrick Jones Jr.,Los Angeles Clippers,Golden State Warriors,9.5,1.67,NA,Neds
Los Angeles Clippers v Golden State Warriors,Los Angeles Clippers,Golden State Warriors,Player Points,Darius Garland,Los Angeles Clippers,Golden State Warriors,9.5,1.02,NA,Neds
Los Angeles Clippers v Golden State Warriors,Los Angeles Clippers,Golden State Warriors,Player Points,Brandin Podziemski,Golden State Warriors,Los Angeles Clippers,9.5,1.55,NA,Neds
Los Angeles Clippers v Golden State Warriors,Los Angeles Clippers,Golden State Warriors,Player Points,Kris Dunn,Los Angeles Clippers,Golden State Warriors,9.5,2.9,NA,Neds
Houston Rockets v Memphis Grizzlies,Houston Rockets,Memphis Grizzlies,Player Points,Tari Eason,Houston Rockets,Memphis Grizzlies,24.5,5.25,NA,Neds
Houston Rockets v Memphis Grizzlies,Houston Rockets,Memphis Grizzlies,Player Points,Aaron Holiday,Houston Rockets,Memphis Grizzlies,24.5,4.25,NA,Neds
Houston Rockets v Memphis Grizzlies,Houston Rockets,Memphis Grizzlies,Player Points,Reed Sheppard,Houston Rockets,Memphis Grizzlies,24.5,3.05,NA,Neds
Houston Rockets v Memphis Grizzlies,Houston Rockets,Memphis Grizzlies,Player Points,Walter Clayton,NA,NA,24.5,5.25,NA,Neds
Houston Rockets v Memphis Grizzlies,Houston Rockets,Memphis Grizzlies,Player Points,Lucas Williamson,NA,NA,24.5,12.5,NA,Neds
Philadelphia 76ers v Milwaukee Bucks,Philadelphia 76ers,Milwaukee Bucks,Player Points,Paul George,Philadelphia 76ers,Milwaukee Bucks,19.5,1.88,1.85,Neds
Minnesota Timberwolves v New Orleans Pelicans,Minnesota Timberwolves,New Orleans Pelicans,Player Points,Derik Queen,New Orleans Pelicans,Minnesota Timberwolves,13.5,1.22,NA,Neds
Minnesota Timberwolves v New Orleans Pelicans,Minnesota Timberwolves,New Orleans Pelicans,Player Points,Jordan Poole,New Orleans Pelicans,Minnesota Timberwolves,13.5,1.17,NA,Neds
Minnesota Timberwolves v New Orleans Pelicans,Minnesota Timberwolves,New Orleans Pelicans,Player Points,Terrence Shannon Jr.,Minnesota Timberwolves,New Orleans Pelicans,13.5,1.09,NA,Neds
Minnesota Timberwolves v New Orleans Pelicans,Minnesota Timberwolves,New Orleans Pelicans,Player Points,Jaylen Clark,Minnesota Timberwolves,New Orleans Pelicans,13.5,1.5699999999999998,NA,Neds
Minnesota Timberwolves v New Orleans Pelicans,Minnesota Timberwolves,New Orleans Pelicans,Player Points,Joan Beringer,Minnesota Timberwolves,New Orleans Pelicans,13.5,1.45,NA,Neds
Philadelphia 76ers v Milwaukee Bucks,Philadelphia 76ers,Milwaukee Bucks,Player Points,Cormac Ryan,NA,NA,15.5,1.35,NA,Neds
Philadelphia 76ers v Milwaukee Bucks,Philadelphia 76ers,Milwaukee Bucks,Player Points,Kelly Oubre Jr.,Philadelphia 76ers,Milwaukee Bucks,15.5,2.05,NA,Neds
Philadelphia 76ers v Milwaukee Bucks,Philadelphia 76ers,Milwaukee Bucks,Player Points,AJ Green,Milwaukee Bucks,Philadelphia 76ers,15.5,1.3599999999999999,NA,Neds
Philadelphia 76ers v Milwaukee Bucks,Philadelphia 76ers,Milwaukee Bucks,Player Points,Taurean Prince,Milwaukee Bucks,Philadelphia 76ers,15.5,2.05,NA,Neds
Philadelphia 76ers v Milwaukee Bucks,Philadelphia 76ers,Milwaukee Bucks,Player Points,Quentin Grimes,Philadelphia 76ers,Milwaukee Bucks,15.5,3.45,NA,Neds
Philadelphia 76ers v Milwaukee Bucks,Philadelphia 76ers,Milwaukee Bucks,Player Points,Jericho Sims,Milwaukee Bucks,Philadelphia 76ers,15.5,5.6,NA,Neds
Philadelphia 76ers v Milwaukee Bucks,Philadelphia 76ers,Milwaukee Bucks,Player Points,VJ Edgecombe,Philadelphia 76ers,Milwaukee Bucks,15.5,1.5,NA,Neds
Philadelphia 76ers v Milwaukee Bucks,Philadelphia 76ers,Milwaukee Bucks,Player Points,Tyrese Maxey,Philadelphia 76ers,Milwaukee Bucks,15.5,1.01,NA,Neds
Philadelphia 76ers v Milwaukee Bucks,Philadelphia 76ers,Milwaukee Bucks,Player Points,Paul George,Philadelphia 76ers,Milwaukee Bucks,15.5,1.35,NA,Neds
Philadelphia 76ers v Milwaukee Bucks,Philadelphia 76ers,Milwaukee Bucks,Player Points,Ousmane Dieng,Milwaukee Bucks,Philadelphia 76ers,15.5,1.3599999999999999,NA,Neds
Toronto Raptors v Brooklyn Nets,Toronto Raptors,Brooklyn Nets,Player Points,R.J. Barrett,NA,NA,11.5,1.15,NA,Neds
Toronto Raptors v Brooklyn Nets,Toronto Raptors,Brooklyn Nets,Player Points,E.J. Liddell,Brooklyn Nets,Toronto Raptors,11.5,1.72,NA,Neds
Toronto Raptors v Brooklyn Nets,Toronto Raptors,Brooklyn Nets,Player Points,Malachi Smith,NA,NA,11.5,1.26,NA,Neds
Toronto Raptors v Brooklyn Nets,Toronto Raptors,Brooklyn Nets,Player Points,Immanuel Quickley,Toronto Raptors,Brooklyn Nets,11.5,1.42,NA,Neds
Toronto Raptors v Brooklyn Nets,Toronto Raptors,Brooklyn Nets,Player Points,Scottie Barnes,Toronto Raptors,Brooklyn Nets,11.5,1.11,NA,Neds
Toronto Raptors v Brooklyn Nets,Toronto Raptors,Brooklyn Nets,Player Points,Brandon Ingram,Toronto Raptors,Brooklyn Nets,11.5,1.05,NA,Neds
Toronto Raptors v Brooklyn Nets,Toronto Raptors,Brooklyn Nets,Player Points,Ben Saraf,Brooklyn Nets,Toronto Raptors,11.5,1.44,NA,Neds
Toronto Raptors v Brooklyn Nets,Toronto Raptors,Brooklyn Nets,Player Points,Jakob Poeltl,Toronto Raptors,Brooklyn Nets,11.5,1.94,NA,Neds
Toronto Raptors v Brooklyn Nets,Toronto Raptors,Brooklyn Nets,Player Points,Trevon Scott,NA,NA,11.5,2.25,NA,Neds
Toronto Raptors v Brooklyn Nets,Toronto Raptors,Brooklyn Nets,Player Points,Drake Powell,Brooklyn Nets,Toronto Raptors,11.5,2.7,NA,Neds
Oklahoma City Thunder v Phoenix Suns,Oklahoma City Thunder,Phoenix Suns,Player Points,Nikola Topic,NA,NA,24.5,7,NA,Neds
Oklahoma City Thunder v Phoenix Suns,Oklahoma City Thunder,Phoenix Suns,Player Points,Jared McCain,Oklahoma City Thunder,Phoenix Suns,24.5,3.3,NA,Neds
Oklahoma City Thunder v Phoenix Suns,Oklahoma City Thunder,Phoenix Suns,Player Points,Aaron Wiggins,Oklahoma City Thunder,Phoenix Suns,24.5,3.3,NA,Neds
Oklahoma City Thunder v Phoenix Suns,Oklahoma City Thunder,Phoenix Suns,Player Points,Collin Gillespie,Phoenix Suns,Oklahoma City Thunder,24.5,7.75,NA,Neds
Oklahoma City Thunder v Phoenix Suns,Oklahoma City Thunder,Phoenix Suns,Player Points,Kenrich Williams,Oklahoma City Thunder,Phoenix Suns,24.5,7,NA,Neds
Oklahoma City Thunder v Phoenix Suns,Oklahoma City Thunder,Phoenix Suns,Player Points,Jalen Green,Phoenix Suns,Oklahoma City Thunder,24.5,3.3,NA,Neds
Philadelphia 76ers v Milwaukee Bucks,Philadelphia 76ers,Milwaukee Bucks,Player Points,Kelly Oubre Jr.,Philadelphia 76ers,Milwaukee Bucks,24.5,10.5,NA,Neds
Philadelphia 76ers v Milwaukee Bucks,Philadelphia 76ers,Milwaukee Bucks,Player Points,Taurean Prince,Milwaukee Bucks,Philadelphia 76ers,24.5,11,NA,Neds
Philadelphia 76ers v Milwaukee Bucks,Philadelphia 76ers,Milwaukee Bucks,Player Points,Ousmane Dieng,Milwaukee Bucks,Philadelphia 76ers,24.5,3.6,NA,Neds
Philadelphia 76ers v Milwaukee Bucks,Philadelphia 76ers,Milwaukee Bucks,Player Points,Paul George,Philadelphia 76ers,Milwaukee Bucks,24.5,3.35,NA,Neds
Philadelphia 76ers v Milwaukee Bucks,Philadelphia 76ers,Milwaukee Bucks,Player Points,Tyrese Maxey,Philadelphia 76ers,Milwaukee Bucks,24.5,1.4,NA,Neds
Philadelphia 76ers v Milwaukee Bucks,Philadelphia 76ers,Milwaukee Bucks,Player Points,Cormac Ryan,NA,NA,24.5,3.35,NA,Neds
Philadelphia 76ers v Milwaukee Bucks,Philadelphia 76ers,Milwaukee Bucks,Player Points,VJ Edgecombe,Philadelphia 76ers,Milwaukee Bucks,24.5,4.6,NA,Neds
Philadelphia 76ers v Milwaukee Bucks,Philadelphia 76ers,Milwaukee Bucks,Player Points,AJ Green,Milwaukee Bucks,Philadelphia 76ers,24.5,3.6,NA,Neds
New York Knicks v Charlotte Hornets,New York Knicks,Charlotte Hornets,Player Points,Jordan Clarkson,New York Knicks,Charlotte Hornets,11.5,1.35,NA,Neds
New York Knicks v Charlotte Hornets,New York Knicks,Charlotte Hornets,Player Points,Jose Alvarado,New York Knicks,Charlotte Hornets,11.5,1.44,NA,Neds
New York Knicks v Charlotte Hornets,New York Knicks,Charlotte Hornets,Player Points,Miles Bridges,Charlotte Hornets,New York Knicks,11.5,1.44,NA,Neds
New York Knicks v Charlotte Hornets,New York Knicks,Charlotte Hornets,Player Points,Ariel Hukporti,New York Knicks,Charlotte Hornets,11.5,2.25,NA,Neds
New York Knicks v Charlotte Hornets,New York Knicks,Charlotte Hornets,Player Points,Kon Knueppel,Charlotte Hornets,New York Knicks,11.5,1.02,NA,Neds
New York Knicks v Charlotte Hornets,New York Knicks,Charlotte Hornets,Player Points,Miles McBride,New York Knicks,Charlotte Hornets,11.5,1.5699999999999998,NA,Neds
New York Knicks v Charlotte Hornets,New York Knicks,Charlotte Hornets,Player Points,LaMelo Ball,Charlotte Hornets,New York Knicks,11.5,1.02,NA,Neds
New York Knicks v Charlotte Hornets,New York Knicks,Charlotte Hornets,Player Points,Mohamed Diawara,New York Knicks,Charlotte Hornets,11.5,1.44,NA,Neds
New York Knicks v Charlotte Hornets,New York Knicks,Charlotte Hornets,Player Points,Moussa Diabate,NA,NA,11.5,3.45,NA,Neds
New York Knicks v Charlotte Hornets,New York Knicks,Charlotte Hornets,Player Points,Brandon Miller,Charlotte Hornets,New York Knicks,11.5,1.08,NA,Neds
San Antonio Spurs v Denver Nuggets,San Antonio Spurs,Denver Nuggets,Player Points,Victor Wembanyama,San Antonio Spurs,Denver Nuggets,39.5,12,NA,Neds
Boston Celtics v Orlando Magic,Boston Celtics,Orlando Magic,Player Points,Jalen Suggs,Orlando Magic,Boston Celtics,12.5,1.92,1.8199999999999998,Neds
Los Angeles Lakers v Utah Jazz,Los Angeles Lakers,Utah Jazz,Player Points,LeBron James,Los Angeles Lakers,Utah Jazz,39.5,11,NA,Neds
Oklahoma City Thunder v Phoenix Suns,Oklahoma City Thunder,Phoenix Suns,Player Points,Collin Gillespie,Phoenix Suns,Oklahoma City Thunder,25.5,9.75,NA,Neds
Oklahoma City Thunder v Phoenix Suns,Oklahoma City Thunder,Phoenix Suns,Player Points,Jalen Green,Phoenix Suns,Oklahoma City Thunder,25.5,3.8,NA,Neds
Oklahoma City Thunder v Phoenix Suns,Oklahoma City Thunder,Phoenix Suns,Player Points,Nikola Topic,NA,NA,25.5,8.75,NA,Neds
Oklahoma City Thunder v Phoenix Suns,Oklahoma City Thunder,Phoenix Suns,Player Points,Jared McCain,Oklahoma City Thunder,Phoenix Suns,25.5,3.8,NA,Neds
Oklahoma City Thunder v Phoenix Suns,Oklahoma City Thunder,Phoenix Suns,Player Points,Kenrich Williams,Oklahoma City Thunder,Phoenix Suns,25.5,8.75,NA,Neds
Oklahoma City Thunder v Phoenix Suns,Oklahoma City Thunder,Phoenix Suns,Player Points,Aaron Wiggins,Oklahoma City Thunder,Phoenix Suns,25.5,3.8,NA,Neds
Oklahoma City Thunder v Phoenix Suns,Oklahoma City Thunder,Phoenix Suns,Player Points,Jalen Green,Phoenix Suns,Oklahoma City Thunder,17.5,1.53,NA,Neds
Oklahoma City Thunder v Phoenix Suns,Oklahoma City Thunder,Phoenix Suns,Player Points,Collin Gillespie,Phoenix Suns,Oklahoma City Thunder,17.5,2.3,NA,Neds
Oklahoma City Thunder v Phoenix Suns,Oklahoma City Thunder,Phoenix Suns,Player Points,Nikola Topic,NA,NA,17.5,2.2,NA,Neds
Oklahoma City Thunder v Phoenix Suns,Oklahoma City Thunder,Phoenix Suns,Player Points,Jordan Goodwin,Phoenix Suns,Oklahoma City Thunder,17.5,6.5,NA,Neds
Oklahoma City Thunder v Phoenix Suns,Oklahoma City Thunder,Phoenix Suns,Player Points,Mark Williams,Phoenix Suns,Oklahoma City Thunder,17.5,6.75,NA,Neds
Oklahoma City Thunder v Phoenix Suns,Oklahoma City Thunder,Phoenix Suns,Player Points,Kenrich Williams,Oklahoma City Thunder,Phoenix Suns,17.5,2.2,NA,Neds
Oklahoma City Thunder v Phoenix Suns,Oklahoma City Thunder,Phoenix Suns,Player Points,Jared McCain,Oklahoma City Thunder,Phoenix Suns,17.5,1.53,NA,Neds
Oklahoma City Thunder v Phoenix Suns,Oklahoma City Thunder,Phoenix Suns,Player Points,Aaron Wiggins,Oklahoma City Thunder,Phoenix Suns,17.5,1.53,NA,Neds
Portland Trail Blazers v Sacramento Kings,Portland Trail Blazers,Sacramento Kings,Player Points,Scoot Henderson,Portland Trail Blazers,Sacramento Kings,9.5,1.16,NA,Neds
Portland Trail Blazers v Sacramento Kings,Portland Trail Blazers,Sacramento Kings,Player Points,Jrue Holiday,Portland Trail Blazers,Sacramento Kings,9.5,1.16,NA,Neds
Portland Trail Blazers v Sacramento Kings,Portland Trail Blazers,Sacramento Kings,Player Points,Toumani Camara,Portland Trail Blazers,Sacramento Kings,9.5,1.22,NA,Neds
Portland Trail Blazers v Sacramento Kings,Portland Trail Blazers,Sacramento Kings,Player Points,Nique Clifford,Sacramento Kings,Portland Trail Blazers,9.5,1.1,NA,Neds
Portland Trail Blazers v Sacramento Kings,Portland Trail Blazers,Sacramento Kings,Player Points,Donovan Clingan,Portland Trail Blazers,Sacramento Kings,9.5,1.35,NA,Neds
Portland Trail Blazers v Sacramento Kings,Portland Trail Blazers,Sacramento Kings,Player Points,Matisse Thybulle,Portland Trail Blazers,Sacramento Kings,9.5,3.4,NA,Neds
Portland Trail Blazers v Sacramento Kings,Portland Trail Blazers,Sacramento Kings,Player Points,Dylan Cardwell,Sacramento Kings,Portland Trail Blazers,9.5,2.9,NA,Neds
Portland Trail Blazers v Sacramento Kings,Portland Trail Blazers,Sacramento Kings,Player Points,Robert Williams,NA,NA,9.5,3.9,NA,Neds
Portland Trail Blazers v Sacramento Kings,Portland Trail Blazers,Sacramento Kings,Player Points,Daeqwon Plowden,Sacramento Kings,Portland Trail Blazers,9.5,1.19,NA,Neds
Portland Trail Blazers v Sacramento Kings,Portland Trail Blazers,Sacramento Kings,Player Points,Precious Achiuwa,Sacramento Kings,Portland Trail Blazers,9.5,1.3599999999999999,NA,Neds
Portland Trail Blazers v Sacramento Kings,Portland Trail Blazers,Sacramento Kings,Player Points,Shaedon Sharpe,Portland Trail Blazers,Sacramento Kings,9.5,1.28,NA,Neds
Portland Trail Blazers v Sacramento Kings,Portland Trail Blazers,Sacramento Kings,Player Points,Maxime Raynaud,Sacramento Kings,Portland Trail Blazers,9.5,1.16,NA,Neds
Portland Trail Blazers v Sacramento Kings,Portland Trail Blazers,Sacramento Kings,Player Points,Devin Carter,Sacramento Kings,Portland Trail Blazers,9.5,1.11,NA,Neds
Portland Trail Blazers v Sacramento Kings,Portland Trail Blazers,Sacramento Kings,Player Points,Killian Hayes,NA,NA,9.5,1.95,NA,Neds
San Antonio Spurs v Denver Nuggets,San Antonio Spurs,Denver Nuggets,Player Points,Stephon Castle,San Antonio Spurs,Denver Nuggets,24.5,3.05,NA,Neds
San Antonio Spurs v Denver Nuggets,San Antonio Spurs,Denver Nuggets,Player Points,Julian Strawther,Denver Nuggets,San Antonio Spurs,24.5,3.6,NA,Neds
San Antonio Spurs v Denver Nuggets,San Antonio Spurs,Denver Nuggets,Player Points,Devin Vassell,San Antonio Spurs,Denver Nuggets,24.5,8,NA,Neds
San Antonio Spurs v Denver Nuggets,San Antonio Spurs,Denver Nuggets,Player Points,Victor Wembanyama,San Antonio Spurs,Denver Nuggets,24.5,1.62,NA,Neds
San Antonio Spurs v Denver Nuggets,San Antonio Spurs,Denver Nuggets,Player Points,Nikola Joki<c4><87>,NA,NA,24.5,3.05,NA,Neds
San Antonio Spurs v Denver Nuggets,San Antonio Spurs,Denver Nuggets,Player Points,De'Aaron Fox,San Antonio Spurs,Denver Nuggets,24.5,3.6,NA,Neds
San Antonio Spurs v Denver Nuggets,San Antonio Spurs,Denver Nuggets,Player Points,Nikola Joki<c4><87>,NA,NA,9.5,1.01,NA,Neds
San Antonio Spurs v Denver Nuggets,San Antonio Spurs,Denver Nuggets,Player Points,Stephon Castle,San Antonio Spurs,Denver Nuggets,9.5,1.01,NA,Neds
San Antonio Spurs v Denver Nuggets,San Antonio Spurs,Denver Nuggets,Player Points,De'Aaron Fox,San Antonio Spurs,Denver Nuggets,9.5,1.04,NA,Neds
San Antonio Spurs v Denver Nuggets,San Antonio Spurs,Denver Nuggets,Player Points,Devin Vassell,San Antonio Spurs,Denver Nuggets,9.5,1.17,NA,Neds
San Antonio Spurs v Denver Nuggets,San Antonio Spurs,Denver Nuggets,Player Points,Julian Strawther,Denver Nuggets,San Antonio Spurs,9.5,1.04,NA,Neds
San Antonio Spurs v Denver Nuggets,San Antonio Spurs,Denver Nuggets,Player Points,Julian Champagnie,San Antonio Spurs,Denver Nuggets,9.5,1.38,NA,Neds
San Antonio Spurs v Denver Nuggets,San Antonio Spurs,Denver Nuggets,Player Points,Tyus Jones,Dallas Mavericks,NA,9.5,2.1,NA,Neds
San Antonio Spurs v Denver Nuggets,San Antonio Spurs,Denver Nuggets,Player Points,Bruce Brown,Denver Nuggets,San Antonio Spurs,9.5,1.65,NA,Neds
Boston Celtics v Orlando Magic,Boston Celtics,Orlando Magic,Player Points,Franz Wagner,Orlando Magic,Boston Celtics,17.5,1.9100000000000001,1.83,Neds
Portland Trail Blazers v Sacramento Kings,Portland Trail Blazers,Sacramento Kings,Player Points,Shaedon Sharpe,Portland Trail Blazers,Sacramento Kings,19.5,4.5,NA,Neds
Portland Trail Blazers v Sacramento Kings,Portland Trail Blazers,Sacramento Kings,Player Points,Maxime Raynaud,Sacramento Kings,Portland Trail Blazers,19.5,3,NA,Neds
Portland Trail Blazers v Sacramento Kings,Portland Trail Blazers,Sacramento Kings,Player Points,Toumani Camara,Portland Trail Blazers,Sacramento Kings,19.5,3.7,NA,Neds
Portland Trail Blazers v Sacramento Kings,Portland Trail Blazers,Sacramento Kings,Player Points,Daeqwon Plowden,Sacramento Kings,Portland Trail Blazers,19.5,3.3,NA,Neds
Portland Trail Blazers v Sacramento Kings,Portland Trail Blazers,Sacramento Kings,Player Points,Jrue Holiday,Portland Trail Blazers,Sacramento Kings,19.5,3,NA,Neds
Portland Trail Blazers v Sacramento Kings,Portland Trail Blazers,Sacramento Kings,Player Points,Nique Clifford,Sacramento Kings,Portland Trail Blazers,19.5,2.4,NA,Neds
Portland Trail Blazers v Sacramento Kings,Portland Trail Blazers,Sacramento Kings,Player Points,Devin Carter,Sacramento Kings,Portland Trail Blazers,19.5,2.6,NA,Neds
Portland Trail Blazers v Sacramento Kings,Portland Trail Blazers,Sacramento Kings,Player Points,Scoot Henderson,Portland Trail Blazers,Sacramento Kings,19.5,3,NA,Neds
Portland Trail Blazers v Sacramento Kings,Portland Trail Blazers,Sacramento Kings,Player Points,Precious Achiuwa,Sacramento Kings,Portland Trail Blazers,19.5,5.8,NA,Neds
Portland Trail Blazers v Sacramento Kings,Portland Trail Blazers,Sacramento Kings,Player Points,Deni Avdija,Portland Trail Blazers,Sacramento Kings,19.5,1.24,NA,Neds
Portland Trail Blazers v Sacramento Kings,Portland Trail Blazers,Sacramento Kings,Player Points,Donovan Clingan,Portland Trail Blazers,Sacramento Kings,19.5,5.6,NA,Neds
Dallas Mavericks v Chicago Bulls,Dallas Mavericks,Chicago Bulls,Player Points,Tre Jones,Chicago Bulls,Dallas Mavericks,15.5,1.28,NA,Neds
Dallas Mavericks v Chicago Bulls,Dallas Mavericks,Chicago Bulls,Player Points,Collin Sexton,Chicago Bulls,Dallas Mavericks,15.5,1.12,NA,Neds
Dallas Mavericks v Chicago Bulls,Dallas Mavericks,Chicago Bulls,Player Points,Rob Dillingham,Chicago Bulls,Dallas Mavericks,15.5,2.05,NA,Neds
Dallas Mavericks v Chicago Bulls,Dallas Mavericks,Chicago Bulls,Player Points,Lachlan Olbrich,Chicago Bulls,Dallas Mavericks,15.5,5.6,NA,Neds
Dallas Mavericks v Chicago Bulls,Dallas Mavericks,Chicago Bulls,Player Points,Klay Thompson,Dallas Mavericks,Chicago Bulls,15.5,2.25,NA,Neds
Dallas Mavericks v Chicago Bulls,Dallas Mavericks,Chicago Bulls,Player Points,Patrick Williams,Chicago Bulls,Dallas Mavericks,15.5,2.3,NA,Neds
Dallas Mavericks v Chicago Bulls,Dallas Mavericks,Chicago Bulls,Player Points,Max Christie,Dallas Mavericks,Chicago Bulls,15.5,2.05,NA,Neds
Dallas Mavericks v Chicago Bulls,Dallas Mavericks,Chicago Bulls,Player Points,Khris Middleton,Dallas Mavericks,Chicago Bulls,15.5,4.8,NA,Neds
Dallas Mavericks v Chicago Bulls,Dallas Mavericks,Chicago Bulls,Player Points,Ryan Nembhard,Dallas Mavericks,Chicago Bulls,15.5,3.3,NA,Neds
Dallas Mavericks v Chicago Bulls,Dallas Mavericks,Chicago Bulls,Player Points,Leonard Miller,Chicago Bulls,Dallas Mavericks,15.5,1.65,NA,Neds
Dallas Mavericks v Chicago Bulls,Dallas Mavericks,Chicago Bulls,Player Points,Tre Jones,Chicago Bulls,Dallas Mavericks,27.5,4.6,NA,Neds
Dallas Mavericks v Chicago Bulls,Dallas Mavericks,Chicago Bulls,Player Points,Cooper Flagg,Dallas Mavericks,Chicago Bulls,27.5,1.2,NA,Neds
Dallas Mavericks v Chicago Bulls,Dallas Mavericks,Chicago Bulls,Player Points,Rob Dillingham,Chicago Bulls,Dallas Mavericks,27.5,23,NA,Neds
Dallas Mavericks v Chicago Bulls,Dallas Mavericks,Chicago Bulls,Player Points,Max Christie,Dallas Mavericks,Chicago Bulls,27.5,23,NA,Neds
Dallas Mavericks v Chicago Bulls,Dallas Mavericks,Chicago Bulls,Player Points,Collin Sexton,Chicago Bulls,Dallas Mavericks,27.5,2.75,NA,Neds
Dallas Mavericks v Chicago Bulls,Dallas Mavericks,Chicago Bulls,Player Points,Leonard Miller,Chicago Bulls,Dallas Mavericks,27.5,11.5,NA,Neds
Minnesota Timberwolves v New Orleans Pelicans,Minnesota Timberwolves,New Orleans Pelicans,Player Points,Jeremiah Fears,New Orleans Pelicans,Minnesota Timberwolves,29.5,2.3,NA,Neds
Minnesota Timberwolves v New Orleans Pelicans,Minnesota Timberwolves,New Orleans Pelicans,Player Points,Joan Beringer,Minnesota Timberwolves,New Orleans Pelicans,29.5,23,NA,Neds
Minnesota Timberwolves v New Orleans Pelicans,Minnesota Timberwolves,New Orleans Pelicans,Player Points,Jordan Poole,New Orleans Pelicans,Minnesota Timberwolves,29.5,7,NA,Neds
Minnesota Timberwolves v New Orleans Pelicans,Minnesota Timberwolves,New Orleans Pelicans,Player Points,Derik Queen,New Orleans Pelicans,Minnesota Timberwolves,29.5,9,NA,Neds
Minnesota Timberwolves v New Orleans Pelicans,Minnesota Timberwolves,New Orleans Pelicans,Player Points,Terrence Shannon Jr.,Minnesota Timberwolves,New Orleans Pelicans,29.5,4.6,NA,Neds
Miami Heat v Atlanta Hawks,Miami Heat,Atlanta Hawks,Player Points,Tony Bradley,NA,NA,19.5,6.75,NA,Neds
Miami Heat v Atlanta Hawks,Miami Heat,Atlanta Hawks,Player Points,Tyler Herro,Miami Heat,Atlanta Hawks,19.5,1.33,NA,Neds
Miami Heat v Atlanta Hawks,Miami Heat,Atlanta Hawks,Player Points,Andrew Wiggins,Miami Heat,Atlanta Hawks,19.5,1.9100000000000001,NA,Neds
Miami Heat v Atlanta Hawks,Miami Heat,Atlanta Hawks,Player Points,Zaccharie Risacher,Atlanta Hawks,Miami Heat,19.5,4,NA,Neds
Miami Heat v Atlanta Hawks,Miami Heat,Atlanta Hawks,Player Points,Kel'el Ware,Miami Heat,Atlanta Hawks,19.5,6.75,NA,Neds
Miami Heat v Atlanta Hawks,Miami Heat,Atlanta Hawks,Player Points,Davion Mitchell,Miami Heat,Atlanta Hawks,19.5,9.5,NA,Neds
Miami Heat v Atlanta Hawks,Miami Heat,Atlanta Hawks,Player Points,Keaton Wallace,Atlanta Hawks,Miami Heat,19.5,6.75,NA,Neds
Miami Heat v Atlanta Hawks,Miami Heat,Atlanta Hawks,Player Points,Asa Newell,Atlanta Hawks,Miami Heat,19.5,6.75,NA,Neds
Miami Heat v Atlanta Hawks,Miami Heat,Atlanta Hawks,Player Points,Bam Adebayo,Miami Heat,Atlanta Hawks,19.5,1.33,NA,Neds
Miami Heat v Atlanta Hawks,Miami Heat,Atlanta Hawks,Player Points,Corey Kispert,Atlanta Hawks,Miami Heat,19.5,1.9100000000000001,NA,Neds
Miami Heat v Atlanta Hawks,Miami Heat,Atlanta Hawks,Player Points,Norman Powell,Miami Heat,Atlanta Hawks,19.5,2.1,NA,Neds
Miami Heat v Atlanta Hawks,Miami Heat,Atlanta Hawks,Player Points,Buddy Hield,Atlanta Hawks,Miami Heat,19.5,2.1,NA,Neds
Houston Rockets v Memphis Grizzlies,Houston Rockets,Memphis Grizzlies,Player Points,Lucas Williamson,NA,NA,14.5,1.92,NA,Neds
Houston Rockets v Memphis Grizzlies,Houston Rockets,Memphis Grizzlies,Player Points,Aaron Holiday,Houston Rockets,Memphis Grizzlies,14.5,1.3599999999999999,NA,Neds
Houston Rockets v Memphis Grizzlies,Houston Rockets,Memphis Grizzlies,Player Points,Tari Eason,Houston Rockets,Memphis Grizzlies,14.5,1.46,NA,Neds
Houston Rockets v Memphis Grizzlies,Houston Rockets,Memphis Grizzlies,Player Points,Dariq Whitehead,NA,NA,14.5,2.55,NA,Neds
Houston Rockets v Memphis Grizzlies,Houston Rockets,Memphis Grizzlies,Player Points,Reed Sheppard,Houston Rockets,Memphis Grizzlies,14.5,1.22,NA,Neds
Houston Rockets v Memphis Grizzlies,Houston Rockets,Memphis Grizzlies,Player Points,Walter Clayton,NA,NA,14.5,1.46,NA,Neds
Los Angeles Clippers v Golden State Warriors,Los Angeles Clippers,Golden State Warriors,Player Points,Brandin Podziemski,Golden State Warriors,Los Angeles Clippers,13.5,2.6,NA,Neds
Los Angeles Clippers v Golden State Warriors,Los Angeles Clippers,Golden State Warriors,Player Points,Stephen Curry,Golden State Warriors,Los Angeles Clippers,13.5,1.01,NA,Neds
Los Angeles Clippers v Golden State Warriors,Los Angeles Clippers,Golden State Warriors,Player Points,Kristaps Porzi<c5><86><c4><a3>is,NA,NA,13.5,2.2,NA,Neds
Los Angeles Clippers v Golden State Warriors,Los Angeles Clippers,Golden State Warriors,Player Points,Darius Garland,Los Angeles Clippers,Golden State Warriors,13.5,1.19,NA,Neds
Los Angeles Clippers v Golden State Warriors,Los Angeles Clippers,Golden State Warriors,Player Points,Kris Dunn,Los Angeles Clippers,Golden State Warriors,13.5,8.75,NA,Neds
Los Angeles Clippers v Golden State Warriors,Los Angeles Clippers,Golden State Warriors,Player Points,Derrick Jones Jr.,Los Angeles Clippers,Golden State Warriors,13.5,3,NA,Neds
Los Angeles Clippers v Golden State Warriors,Los Angeles Clippers,Golden State Warriors,Player Points,Brook Lopez,Los Angeles Clippers,Golden State Warriors,13.5,1.8,NA,Neds
Los Angeles Clippers v Golden State Warriors,Los Angeles Clippers,Golden State Warriors,Player Points,De'Anthony Melton,Golden State Warriors,Los Angeles Clippers,13.5,3.15,NA,Neds
Los Angeles Clippers v Golden State Warriors,Los Angeles Clippers,Golden State Warriors,Player Points,Gui Santos,Golden State Warriors,Los Angeles Clippers,13.5,3.15,NA,Neds
Boston Celtics v Orlando Magic,Boston Celtics,Orlando Magic,Player Points,Paolo Banchero,Orlando Magic,Boston Celtics,34.5,19,NA,Neds
Indiana Pacers v Detroit Pistons,Indiana Pacers,Detroit Pistons,Player Points,Duncan Robinson,Detroit Pistons,Indiana Pacers,11.5,1.44,NA,Neds
Indiana Pacers v Detroit Pistons,Indiana Pacers,Detroit Pistons,Player Points,Cade Cunningham,Detroit Pistons,Indiana Pacers,11.5,1.11,NA,Neds
Indiana Pacers v Detroit Pistons,Indiana Pacers,Detroit Pistons,Player Points,Ethan Thompson,Indiana Pacers,Detroit Pistons,11.5,1.35,NA,Neds
Indiana Pacers v Detroit Pistons,Indiana Pacers,Detroit Pistons,Player Points,Quenton Jackson,Indiana Pacers,Detroit Pistons,11.5,1.2,NA,Neds
Indiana Pacers v Detroit Pistons,Indiana Pacers,Detroit Pistons,Player Points,Micah Potter,Indiana Pacers,Detroit Pistons,11.5,1.26,NA,Neds
Indiana Pacers v Detroit Pistons,Indiana Pacers,Detroit Pistons,Player Points,Ausar Thompson,Detroit Pistons,Indiana Pacers,11.5,2.1,NA,Neds
Indiana Pacers v Detroit Pistons,Indiana Pacers,Detroit Pistons,Player Points,Tobias Harris,Detroit Pistons,Indiana Pacers,11.5,1.94,NA,Neds
Los Angeles Lakers v Utah Jazz,Los Angeles Lakers,Utah Jazz,Player Points,Oscar Tshiebwe,Utah Jazz,Los Angeles Lakers,15.5,4.2,NA,Neds
Los Angeles Lakers v Utah Jazz,Los Angeles Lakers,Utah Jazz,Player Points,Jake LaRavia,Los Angeles Lakers,Utah Jazz,15.5,3.3,NA,Neds
Los Angeles Lakers v Utah Jazz,Los Angeles Lakers,Utah Jazz,Player Points,Deandre Ayton,Los Angeles Lakers,Utah Jazz,15.5,1.8,NA,Neds
Los Angeles Lakers v Utah Jazz,Los Angeles Lakers,Utah Jazz,Player Points,Brice Sensabaugh,Utah Jazz,Los Angeles Lakers,15.5,1.2,NA,Neds
Los Angeles Lakers v Utah Jazz,Los Angeles Lakers,Utah Jazz,Player Points,Luke Kennard,Los Angeles Lakers,Utah Jazz,15.5,1.8,NA,Neds
Los Angeles Lakers v Utah Jazz,Los Angeles Lakers,Utah Jazz,Player Points,Cody Williams,Utah Jazz,Los Angeles Lakers,15.5,1.8199999999999998,NA,Neds
Los Angeles Lakers v Utah Jazz,Los Angeles Lakers,Utah Jazz,Player Points,Ace Bailey,Utah Jazz,Los Angeles Lakers,15.5,1.3599999999999999,NA,Neds
Los Angeles Lakers v Utah Jazz,Los Angeles Lakers,Utah Jazz,Player Points,Rui Hachimura,Los Angeles Lakers,Utah Jazz,15.5,1.98,NA,Neds
Los Angeles Lakers v Utah Jazz,Los Angeles Lakers,Utah Jazz,Player Points,Kennedy Chandler,NA,NA,15.5,1.58,NA,Neds
Los Angeles Lakers v Utah Jazz,Los Angeles Lakers,Utah Jazz,Player Points,LeBron James,Los Angeles Lakers,Utah Jazz,15.5,1.04,NA,Neds
Dallas Mavericks v Chicago Bulls,Dallas Mavericks,Chicago Bulls,Player Points,Collin Sexton,Chicago Bulls,Dallas Mavericks,29.5,3.6,NA,Neds
Dallas Mavericks v Chicago Bulls,Dallas Mavericks,Chicago Bulls,Player Points,Cooper Flagg,Dallas Mavericks,Chicago Bulls,29.5,1.32,NA,Neds
Dallas Mavericks v Chicago Bulls,Dallas Mavericks,Chicago Bulls,Player Points,Tre Jones,Chicago Bulls,Dallas Mavericks,29.5,6.6,NA,Neds
Dallas Mavericks v Chicago Bulls,Dallas Mavericks,Chicago Bulls,Player Points,Leonard Miller,Chicago Bulls,Dallas Mavericks,29.5,19,NA,Neds
New York Knicks v Charlotte Hornets,New York Knicks,Charlotte Hornets,Player Points,Kon Knueppel,Charlotte Hornets,New York Knicks,27.5,3.4,NA,Neds
New York Knicks v Charlotte Hornets,New York Knicks,Charlotte Hornets,Player Points,Jordan Clarkson,New York Knicks,Charlotte Hornets,27.5,19,NA,Neds
New York Knicks v Charlotte Hornets,New York Knicks,Charlotte Hornets,Player Points,Miles Bridges,Charlotte Hornets,New York Knicks,27.5,29,NA,Neds
New York Knicks v Charlotte Hornets,New York Knicks,Charlotte Hornets,Player Points,LaMelo Ball,Charlotte Hornets,New York Knicks,27.5,3.4,NA,Neds
New York Knicks v Charlotte Hornets,New York Knicks,Charlotte Hornets,Player Points,Jose Alvarado,New York Knicks,Charlotte Hornets,27.5,29,NA,Neds
New York Knicks v Charlotte Hornets,New York Knicks,Charlotte Hornets,Player Points,Brandon Miller,Charlotte Hornets,New York Knicks,27.5,4.8,NA,Neds
New York Knicks v Charlotte Hornets,New York Knicks,Charlotte Hornets,Player Points,Mohamed Diawara,New York Knicks,Charlotte Hornets,27.5,29,NA,Neds
Los Angeles Clippers v Golden State Warriors,Los Angeles Clippers,Golden State Warriors,Player Points,Brook Lopez,Los Angeles Clippers,Golden State Warriors,23.5,11,NA,Neds
Los Angeles Clippers v Golden State Warriors,Los Angeles Clippers,Golden State Warriors,Player Points,Stephen Curry,Golden State Warriors,Los Angeles Clippers,23.5,1.62,NA,Neds
Los Angeles Clippers v Golden State Warriors,Los Angeles Clippers,Golden State Warriors,Player Points,Darius Garland,Los Angeles Clippers,Golden State Warriors,23.5,2.85,NA,Neds
Dallas Mavericks v Chicago Bulls,Dallas Mavericks,Chicago Bulls,Player Points,Lachlan Olbrich,Chicago Bulls,Dallas Mavericks,13.5,3.5,NA,Neds
Dallas Mavericks v Chicago Bulls,Dallas Mavericks,Chicago Bulls,Player Points,Leonard Miller,Chicago Bulls,Dallas Mavericks,13.5,1.4,NA,Neds
Dallas Mavericks v Chicago Bulls,Dallas Mavericks,Chicago Bulls,Player Points,Klay Thompson,Dallas Mavericks,Chicago Bulls,13.5,1.77,NA,Neds
Dallas Mavericks v Chicago Bulls,Dallas Mavericks,Chicago Bulls,Player Points,Max Christie,Dallas Mavericks,Chicago Bulls,13.5,1.6400000000000001,NA,Neds
Dallas Mavericks v Chicago Bulls,Dallas Mavericks,Chicago Bulls,Player Points,Tre Jones,Chicago Bulls,Dallas Mavericks,13.5,1.16,NA,Neds
Dallas Mavericks v Chicago Bulls,Dallas Mavericks,Chicago Bulls,Player Points,Patrick Williams,Chicago Bulls,Dallas Mavericks,13.5,1.8199999999999998,NA,Neds
Dallas Mavericks v Chicago Bulls,Dallas Mavericks,Chicago Bulls,Player Points,Khris Middleton,Dallas Mavericks,Chicago Bulls,13.5,3.15,NA,Neds
Dallas Mavericks v Chicago Bulls,Dallas Mavericks,Chicago Bulls,Player Points,Dwight Powell,Dallas Mavericks,Chicago Bulls,13.5,8.75,NA,Neds
Dallas Mavericks v Chicago Bulls,Dallas Mavericks,Chicago Bulls,Player Points,Collin Sexton,Chicago Bulls,Dallas Mavericks,13.5,1.05,NA,Neds
Dallas Mavericks v Chicago Bulls,Dallas Mavericks,Chicago Bulls,Player Points,Rob Dillingham,Chicago Bulls,Dallas Mavericks,13.5,1.6400000000000001,NA,Neds
Dallas Mavericks v Chicago Bulls,Dallas Mavericks,Chicago Bulls,Player Points,Ryan Nembhard,Dallas Mavericks,Chicago Bulls,13.5,2.35,NA,Neds
Indiana Pacers v Detroit Pistons,Indiana Pacers,Detroit Pistons,Player Points,Duncan Robinson,Detroit Pistons,Indiana Pacers,9.5,1.24,NA,Neds
Indiana Pacers v Detroit Pistons,Indiana Pacers,Detroit Pistons,Player Points,Ausar Thompson,Detroit Pistons,Indiana Pacers,9.5,1.62,NA,Neds
Indiana Pacers v Detroit Pistons,Indiana Pacers,Detroit Pistons,Player Points,Ethan Thompson,Indiana Pacers,Detroit Pistons,9.5,1.19,NA,Neds
Indiana Pacers v Detroit Pistons,Indiana Pacers,Detroit Pistons,Player Points,Micah Potter,Indiana Pacers,Detroit Pistons,9.5,1.1400000000000001,NA,Neds
Indiana Pacers v Detroit Pistons,Indiana Pacers,Detroit Pistons,Player Points,Quenton Jackson,Indiana Pacers,Detroit Pistons,9.5,1.1,NA,Neds
Indiana Pacers v Detroit Pistons,Indiana Pacers,Detroit Pistons,Player Points,Cade Cunningham,Detroit Pistons,Indiana Pacers,9.5,1.04,NA,Neds
Indiana Pacers v Detroit Pistons,Indiana Pacers,Detroit Pistons,Player Points,Tobias Harris,Detroit Pistons,Indiana Pacers,9.5,1.55,NA,Neds
Oklahoma City Thunder v Phoenix Suns,Oklahoma City Thunder,Phoenix Suns,Player Points,Jared McCain,Oklahoma City Thunder,Phoenix Suns,9.5,1.02,NA,Neds
Oklahoma City Thunder v Phoenix Suns,Oklahoma City Thunder,Phoenix Suns,Player Points,Collin Gillespie,Phoenix Suns,Oklahoma City Thunder,9.5,1.16,NA,Neds
Oklahoma City Thunder v Phoenix Suns,Oklahoma City Thunder,Phoenix Suns,Player Points,Jalen Green,Phoenix Suns,Oklahoma City Thunder,9.5,1.02,NA,Neds
Oklahoma City Thunder v Phoenix Suns,Oklahoma City Thunder,Phoenix Suns,Player Points,Jordan Goodwin,Phoenix Suns,Oklahoma City Thunder,9.5,1.6,NA,Neds
Oklahoma City Thunder v Phoenix Suns,Oklahoma City Thunder,Phoenix Suns,Player Points,Aaron Wiggins,Oklahoma City Thunder,Phoenix Suns,9.5,1.02,NA,Neds
Oklahoma City Thunder v Phoenix Suns,Oklahoma City Thunder,Phoenix Suns,Player Points,Kenrich Williams,Oklahoma City Thunder,Phoenix Suns,9.5,1.1400000000000001,NA,Neds
Oklahoma City Thunder v Phoenix Suns,Oklahoma City Thunder,Phoenix Suns,Player Points,Mark Williams,Phoenix Suns,Oklahoma City Thunder,9.5,1.62,NA,Neds
Oklahoma City Thunder v Phoenix Suns,Oklahoma City Thunder,Phoenix Suns,Player Points,Nikola Topic,NA,NA,9.5,1.1400000000000001,NA,Neds
Oklahoma City Thunder v Phoenix Suns,Oklahoma City Thunder,Phoenix Suns,Player Points,Mark Williams,Phoenix Suns,Oklahoma City Thunder,19.5,11.5,NA,Neds
Oklahoma City Thunder v Phoenix Suns,Oklahoma City Thunder,Phoenix Suns,Player Points,Jared McCain,Oklahoma City Thunder,Phoenix Suns,19.5,1.8199999999999998,NA,Neds
Oklahoma City Thunder v Phoenix Suns,Oklahoma City Thunder,Phoenix Suns,Player Points,Collin Gillespie,Phoenix Suns,Oklahoma City Thunder,19.5,3,NA,Neds
Oklahoma City Thunder v Phoenix Suns,Oklahoma City Thunder,Phoenix Suns,Player Points,Nikola Topic,NA,NA,19.5,2.85,NA,Neds
Oklahoma City Thunder v Phoenix Suns,Oklahoma City Thunder,Phoenix Suns,Player Points,Aaron Wiggins,Oklahoma City Thunder,Phoenix Suns,19.5,1.8199999999999998,NA,Neds
Oklahoma City Thunder v Phoenix Suns,Oklahoma City Thunder,Phoenix Suns,Player Points,Jalen Green,Phoenix Suns,Oklahoma City Thunder,19.5,1.8199999999999998,NA,Neds
Oklahoma City Thunder v Phoenix Suns,Oklahoma City Thunder,Phoenix Suns,Player Points,Jordan Goodwin,Phoenix Suns,Oklahoma City Thunder,19.5,11,NA,Neds
Oklahoma City Thunder v Phoenix Suns,Oklahoma City Thunder,Phoenix Suns,Player Points,Kenrich Williams,Oklahoma City Thunder,Phoenix Suns,19.5,2.85,NA,Neds
Portland Trail Blazers v Sacramento Kings,Portland Trail Blazers,Sacramento Kings,Player Points,Deni Avdija,Portland Trail Blazers,Sacramento Kings,39.5,14,NA,Neds
Los Angeles Clippers v Golden State Warriors,Los Angeles Clippers,Golden State Warriors,Player Points,Brandin Podziemski,Golden State Warriors,Los Angeles Clippers,19.5,9.5,NA,Neds
Los Angeles Clippers v Golden State Warriors,Los Angeles Clippers,Golden State Warriors,Player Points,Stephen Curry,Golden State Warriors,Los Angeles Clippers,19.5,1.26,NA,Neds
Los Angeles Clippers v Golden State Warriors,Los Angeles Clippers,Golden State Warriors,Player Points,Darius Garland,Los Angeles Clippers,Golden State Warriors,19.5,1.8199999999999998,NA,Neds
Los Angeles Clippers v Golden State Warriors,Los Angeles Clippers,Golden State Warriors,Player Points,Brook Lopez,Los Angeles Clippers,Golden State Warriors,19.5,4.4,NA,Neds
Los Angeles Clippers v Golden State Warriors,Los Angeles Clippers,Golden State Warriors,Player Points,Derrick Jones Jr.,Los Angeles Clippers,Golden State Warriors,19.5,13,NA,Neds
Los Angeles Clippers v Golden State Warriors,Los Angeles Clippers,Golden State Warriors,Player Points,Kristaps Porzi<c5><86><c4><a3>is,NA,NA,19.5,6.75,NA,Neds
Oklahoma City Thunder v Phoenix Suns,Oklahoma City Thunder,Phoenix Suns,Player Points,Jared McCain,Oklahoma City Thunder,Phoenix Suns,29.5,7.75,NA,Neds
Oklahoma City Thunder v Phoenix Suns,Oklahoma City Thunder,Phoenix Suns,Player Points,Jalen Green,Phoenix Suns,Oklahoma City Thunder,29.5,7.75,NA,Neds
Oklahoma City Thunder v Phoenix Suns,Oklahoma City Thunder,Phoenix Suns,Player Points,Kenrich Williams,Oklahoma City Thunder,Phoenix Suns,29.5,26,NA,Neds
Oklahoma City Thunder v Phoenix Suns,Oklahoma City Thunder,Phoenix Suns,Player Points,Nikola Topic,NA,NA,29.5,26,NA,Neds
Oklahoma City Thunder v Phoenix Suns,Oklahoma City Thunder,Phoenix Suns,Player Points,Aaron Wiggins,Oklahoma City Thunder,Phoenix Suns,29.5,7.75,NA,Neds
Oklahoma City Thunder v Phoenix Suns,Oklahoma City Thunder,Phoenix Suns,Player Points,Collin Gillespie,Phoenix Suns,Oklahoma City Thunder,29.5,29,NA,Neds
New York Knicks v Charlotte Hornets,New York Knicks,Charlotte Hornets,Player Points,Miles Bridges,Charlotte Hornets,New York Knicks,14.5,1.92,NA,Neds
New York Knicks v Charlotte Hornets,New York Knicks,Charlotte Hornets,Player Points,Moussa Diabate,NA,NA,14.5,7.5,NA,Neds
New York Knicks v Charlotte Hornets,New York Knicks,Charlotte Hornets,Player Points,Jordan Clarkson,New York Knicks,Charlotte Hornets,14.5,1.73,NA,Neds
New York Knicks v Charlotte Hornets,New York Knicks,Charlotte Hornets,Player Points,Miles McBride,New York Knicks,Charlotte Hornets,14.5,2.2,NA,Neds
New York Knicks v Charlotte Hornets,New York Knicks,Charlotte Hornets,Player Points,Brandon Miller,Charlotte Hornets,New York Knicks,14.5,1.22,NA,Neds
New York Knicks v Charlotte Hornets,New York Knicks,Charlotte Hornets,Player Points,LaMelo Ball,Charlotte Hornets,New York Knicks,14.5,1.13,NA,Neds
New York Knicks v Charlotte Hornets,New York Knicks,Charlotte Hornets,Player Points,Kon Knueppel,Charlotte Hornets,New York Knicks,14.5,1.13,NA,Neds
New York Knicks v Charlotte Hornets,New York Knicks,Charlotte Hornets,Player Points,Ariel Hukporti,New York Knicks,Charlotte Hornets,14.5,3.9,NA,Neds
New York Knicks v Charlotte Hornets,New York Knicks,Charlotte Hornets,Player Points,Jose Alvarado,New York Knicks,Charlotte Hornets,14.5,1.92,NA,Neds
New York Knicks v Charlotte Hornets,New York Knicks,Charlotte Hornets,Player Points,Mohamed Diawara,New York Knicks,Charlotte Hornets,14.5,1.92,NA,Neds
San Antonio Spurs v Denver Nuggets,San Antonio Spurs,Denver Nuggets,Player Points,De'Aaron Fox,San Antonio Spurs,Denver Nuggets,29.5,9,NA,Neds
San Antonio Spurs v Denver Nuggets,San Antonio Spurs,Denver Nuggets,Player Points,Julian Strawther,Denver Nuggets,San Antonio Spurs,29.5,9,NA,Neds
San Antonio Spurs v Denver Nuggets,San Antonio Spurs,Denver Nuggets,Player Points,Nikola Joki<c4><87>,NA,NA,29.5,7,NA,Neds
San Antonio Spurs v Denver Nuggets,San Antonio Spurs,Denver Nuggets,Player Points,Victor Wembanyama,San Antonio Spurs,Denver Nuggets,29.5,2.55,NA,Neds
San Antonio Spurs v Denver Nuggets,San Antonio Spurs,Denver Nuggets,Player Points,Stephon Castle,San Antonio Spurs,Denver Nuggets,29.5,7,NA,Neds
San Antonio Spurs v Denver Nuggets,San Antonio Spurs,Denver Nuggets,Player Points,Devin Vassell,San Antonio Spurs,Denver Nuggets,29.5,31,NA,Neds
Miami Heat v Atlanta Hawks,Miami Heat,Atlanta Hawks,Player Points,Tyler Herro,Miami Heat,Atlanta Hawks,29.5,3.3,NA,Neds
Miami Heat v Atlanta Hawks,Miami Heat,Atlanta Hawks,Player Points,Buddy Hield,Atlanta Hawks,Miami Heat,29.5,12,NA,Neds
Miami Heat v Atlanta Hawks,Miami Heat,Atlanta Hawks,Player Points,Andrew Wiggins,Miami Heat,Atlanta Hawks,29.5,9,NA,Neds
Miami Heat v Atlanta Hawks,Miami Heat,Atlanta Hawks,Player Points,Bam Adebayo,Miami Heat,Atlanta Hawks,29.5,3.3,NA,Neds
Miami Heat v Atlanta Hawks,Miami Heat,Atlanta Hawks,Player Points,Norman Powell,Miami Heat,Atlanta Hawks,29.5,12,NA,Neds
Miami Heat v Atlanta Hawks,Miami Heat,Atlanta Hawks,Player Points,Corey Kispert,Atlanta Hawks,Miami Heat,29.5,9,NA,Neds
Oklahoma City Thunder v Phoenix Suns,Oklahoma City Thunder,Phoenix Suns,Player Points,Aaron Wiggins,Oklahoma City Thunder,Phoenix Suns,13.5,1.19,NA,Neds
Oklahoma City Thunder v Phoenix Suns,Oklahoma City Thunder,Phoenix Suns,Player Points,Kenrich Williams,Oklahoma City Thunder,Phoenix Suns,13.5,1.46,NA,Neds
Oklahoma City Thunder v Phoenix Suns,Oklahoma City Thunder,Phoenix Suns,Player Points,Mark Williams,Phoenix Suns,Oklahoma City Thunder,13.5,2.85,NA,Neds
Oklahoma City Thunder v Phoenix Suns,Oklahoma City Thunder,Phoenix Suns,Player Points,Jordan Goodwin,Phoenix Suns,Oklahoma City Thunder,13.5,2.8,NA,Neds
Oklahoma City Thunder v Phoenix Suns,Oklahoma City Thunder,Phoenix Suns,Player Points,Jalen Green,Phoenix Suns,Oklahoma City Thunder,13.5,1.19,NA,Neds
Oklahoma City Thunder v Phoenix Suns,Oklahoma City Thunder,Phoenix Suns,Player Points,Jared McCain,Oklahoma City Thunder,Phoenix Suns,13.5,1.19,NA,Neds
Oklahoma City Thunder v Phoenix Suns,Oklahoma City Thunder,Phoenix Suns,Player Points,Collin Gillespie,Phoenix Suns,Oklahoma City Thunder,13.5,1.5,NA,Neds
Oklahoma City Thunder v Phoenix Suns,Oklahoma City Thunder,Phoenix Suns,Player Points,Nikola Topic,NA,NA,13.5,1.46,NA,Neds
Portland Trail Blazers v Sacramento Kings,Portland Trail Blazers,Sacramento Kings,Player Points,Deni Avdija,Portland Trail Blazers,Sacramento Kings,13.5,1.01,NA,Neds
Portland Trail Blazers v Sacramento Kings,Portland Trail Blazers,Sacramento Kings,Player Points,Donovan Clingan,Portland Trail Blazers,Sacramento Kings,13.5,2.02,NA,Neds
Portland Trail Blazers v Sacramento Kings,Portland Trail Blazers,Sacramento Kings,Player Points,Scoot Henderson,Portland Trail Blazers,Sacramento Kings,13.5,1.5,NA,Neds
Portland Trail Blazers v Sacramento Kings,Portland Trail Blazers,Sacramento Kings,Player Points,Daeqwon Plowden,Sacramento Kings,Portland Trail Blazers,13.5,1.5699999999999998,NA,Neds
Portland Trail Blazers v Sacramento Kings,Portland Trail Blazers,Sacramento Kings,Player Points,Devin Carter,Sacramento Kings,Portland Trail Blazers,13.5,1.4,NA,Neds
Portland Trail Blazers v Sacramento Kings,Portland Trail Blazers,Sacramento Kings,Player Points,Killian Hayes,NA,NA,13.5,4.1,NA,Neds
Portland Trail Blazers v Sacramento Kings,Portland Trail Blazers,Sacramento Kings,Player Points,Precious Achiuwa,Sacramento Kings,Portland Trail Blazers,13.5,2.05,NA,Neds
Portland Trail Blazers v Sacramento Kings,Portland Trail Blazers,Sacramento Kings,Player Points,Dylan Cardwell,Sacramento Kings,Portland Trail Blazers,13.5,8.75,NA,Neds
Portland Trail Blazers v Sacramento Kings,Portland Trail Blazers,Sacramento Kings,Player Points,Maxime Raynaud,Sacramento Kings,Portland Trail Blazers,13.5,1.5,NA,Neds
Portland Trail Blazers v Sacramento Kings,Portland Trail Blazers,Sacramento Kings,Player Points,Shaedon Sharpe,Portland Trail Blazers,Sacramento Kings,13.5,1.8199999999999998,NA,Neds
Portland Trail Blazers v Sacramento Kings,Portland Trail Blazers,Sacramento Kings,Player Points,Nique Clifford,Sacramento Kings,Portland Trail Blazers,13.5,1.3599999999999999,NA,Neds
Portland Trail Blazers v Sacramento Kings,Portland Trail Blazers,Sacramento Kings,Player Points,Toumani Camara,Portland Trail Blazers,Sacramento Kings,13.5,1.67,NA,Neds
Portland Trail Blazers v Sacramento Kings,Portland Trail Blazers,Sacramento Kings,Player Points,Jrue Holiday,Portland Trail Blazers,Sacramento Kings,13.5,1.5,NA,Neds
Miami Heat v Atlanta Hawks,Miami Heat,Atlanta Hawks,Player Points,Corey Kispert,Atlanta Hawks,Miami Heat,27.5,6,NA,Neds
Miami Heat v Atlanta Hawks,Miami Heat,Atlanta Hawks,Player Points,Tyler Herro,Miami Heat,Atlanta Hawks,27.5,2.6,NA,Neds
Miami Heat v Atlanta Hawks,Miami Heat,Atlanta Hawks,Player Points,Bam Adebayo,Miami Heat,Atlanta Hawks,27.5,2.6,NA,Neds
Miami Heat v Atlanta Hawks,Miami Heat,Atlanta Hawks,Player Points,Zaccharie Risacher,Atlanta Hawks,Miami Heat,27.5,29,NA,Neds
Miami Heat v Atlanta Hawks,Miami Heat,Atlanta Hawks,Player Points,Buddy Hield,Atlanta Hawks,Miami Heat,27.5,7.5,NA,Neds
Miami Heat v Atlanta Hawks,Miami Heat,Atlanta Hawks,Player Points,Norman Powell,Miami Heat,Atlanta Hawks,27.5,7.5,NA,Neds
Miami Heat v Atlanta Hawks,Miami Heat,Atlanta Hawks,Player Points,Andrew Wiggins,Miami Heat,Atlanta Hawks,27.5,6,NA,Neds
Philadelphia 76ers v Milwaukee Bucks,Philadelphia 76ers,Milwaukee Bucks,Player Points,VJ Edgecombe,Philadelphia 76ers,Milwaukee Bucks,17.5,1.85,1.88,Neds
Los Angeles Clippers v Golden State Warriors,Los Angeles Clippers,Golden State Warriors,Player Points,Brook Lopez,Los Angeles Clippers,Golden State Warriors,11.5,1.5,NA,Neds
Los Angeles Clippers v Golden State Warriors,Los Angeles Clippers,Golden State Warriors,Player Points,Darius Garland,Los Angeles Clippers,Golden State Warriors,11.5,1.09,NA,Neds
Los Angeles Clippers v Golden State Warriors,Los Angeles Clippers,Golden State Warriors,Player Points,Gui Santos,Golden State Warriors,Los Angeles Clippers,11.5,2.25,NA,Neds
Los Angeles Clippers v Golden State Warriors,Los Angeles Clippers,Golden State Warriors,Player Points,Derrick Jones Jr.,Los Angeles Clippers,Golden State Warriors,11.5,2.15,NA,Neds
Los Angeles Clippers v Golden State Warriors,Los Angeles Clippers,Golden State Warriors,Player Points,Kristaps Porzi<c5><86><c4><a3>is,NA,NA,11.5,1.72,NA,Neds
Los Angeles Clippers v Golden State Warriors,Los Angeles Clippers,Golden State Warriors,Player Points,De'Anthony Melton,Golden State Warriors,Los Angeles Clippers,11.5,2.25,NA,Neds
Los Angeles Clippers v Golden State Warriors,Los Angeles Clippers,Golden State Warriors,Player Points,Brandin Podziemski,Golden State Warriors,Los Angeles Clippers,11.5,1.94,NA,Neds
Los Angeles Clippers v Golden State Warriors,Los Angeles Clippers,Golden State Warriors,Player Points,Kris Dunn,Los Angeles Clippers,Golden State Warriors,11.5,4.75,NA,Neds
Miami Heat v Atlanta Hawks,Miami Heat,Atlanta Hawks,Player Points,Bam Adebayo,Miami Heat,Atlanta Hawks,39.5,21,NA,Neds
Miami Heat v Atlanta Hawks,Miami Heat,Atlanta Hawks,Player Points,Tyler Herro,Miami Heat,Atlanta Hawks,39.5,21,NA,Neds
Houston Rockets v Memphis Grizzlies,Houston Rockets,Memphis Grizzlies,Player Points,Reed Sheppard,Houston Rockets,Memphis Grizzlies,21.5,2.1,NA,Neds
Houston Rockets v Memphis Grizzlies,Houston Rockets,Memphis Grizzlies,Player Points,Aaron Holiday,Houston Rockets,Memphis Grizzlies,21.5,2.7,NA,Neds
Houston Rockets v Memphis Grizzlies,Houston Rockets,Memphis Grizzlies,Player Points,Dariq Whitehead,NA,NA,21.5,11.5,NA,Neds
Houston Rockets v Memphis Grizzlies,Houston Rockets,Memphis Grizzlies,Player Points,Walter Clayton,NA,NA,21.5,3.15,NA,Neds
Houston Rockets v Memphis Grizzlies,Houston Rockets,Memphis Grizzlies,Player Points,Lucas Williamson,NA,NA,21.5,6,NA,Neds
Houston Rockets v Memphis Grizzlies,Houston Rockets,Memphis Grizzlies,Player Points,Tari Eason,Houston Rockets,Memphis Grizzlies,21.5,3.15,NA,Neds
Boston Celtics v Orlando Magic,Boston Celtics,Orlando Magic,Player Points,Franz Wagner,Orlando Magic,Boston Celtics,23.5,4.1,NA,Neds
Boston Celtics v Orlando Magic,Boston Celtics,Orlando Magic,Player Points,Paolo Banchero,Orlando Magic,Boston Celtics,23.5,2.55,NA,Neds
Boston Celtics v Orlando Magic,Boston Celtics,Orlando Magic,Player Points,Max Shulga,Boston Celtics,Orlando Magic,23.5,7,NA,Neds
Boston Celtics v Orlando Magic,Boston Celtics,Orlando Magic,Player Points,Desmond Bane,Orlando Magic,Boston Celtics,23.5,4,NA,Neds
Boston Celtics v Orlando Magic,Boston Celtics,Orlando Magic,Player Points,Ron Harper Jr.,Boston Celtics,Orlando Magic,23.5,11.5,NA,Neds
Boston Celtics v Orlando Magic,Boston Celtics,Orlando Magic,Player Points,Luka Garza,Boston Celtics,Orlando Magic,23.5,4,NA,Neds
Boston Celtics v Orlando Magic,Boston Celtics,Orlando Magic,Player Points,Baylor Scheierman,Boston Celtics,Orlando Magic,23.5,8.75,NA,Neds
Indiana Pacers v Detroit Pistons,Indiana Pacers,Detroit Pistons,Player Points,Cade Cunningham,Detroit Pistons,Indiana Pacers,25.5,4.2,NA,Neds
Indiana Pacers v Detroit Pistons,Indiana Pacers,Detroit Pistons,Player Points,Ethan Thompson,Indiana Pacers,Detroit Pistons,25.5,11.5,NA,Neds
Indiana Pacers v Detroit Pistons,Indiana Pacers,Detroit Pistons,Player Points,Duncan Robinson,Detroit Pistons,Indiana Pacers,25.5,16,NA,Neds
Indiana Pacers v Detroit Pistons,Indiana Pacers,Detroit Pistons,Player Points,Micah Potter,Indiana Pacers,Detroit Pistons,25.5,8.25,NA,Neds
Indiana Pacers v Detroit Pistons,Indiana Pacers,Detroit Pistons,Player Points,Quenton Jackson,Indiana Pacers,Detroit Pistons,25.5,6.4,NA,Neds
Los Angeles Clippers v Golden State Warriors,Los Angeles Clippers,Golden State Warriors,Player Points,Gui Santos,Golden State Warriors,Los Angeles Clippers,15.5,4.8,NA,Neds
Los Angeles Clippers v Golden State Warriors,Los Angeles Clippers,Golden State Warriors,Player Points,Stephen Curry,Golden State Warriors,Los Angeles Clippers,15.5,1.07,NA,Neds
Los Angeles Clippers v Golden State Warriors,Los Angeles Clippers,Golden State Warriors,Player Points,Darius Garland,Los Angeles Clippers,Golden State Warriors,15.5,1.33,NA,Neds
Los Angeles Clippers v Golden State Warriors,Los Angeles Clippers,Golden State Warriors,Player Points,Kristaps Porzi<c5><86><c4><a3>is,NA,NA,15.5,3,NA,Neds
Los Angeles Clippers v Golden State Warriors,Los Angeles Clippers,Golden State Warriors,Player Points,Brandin Podziemski,Golden State Warriors,Los Angeles Clippers,15.5,3.7,NA,Neds
Los Angeles Clippers v Golden State Warriors,Los Angeles Clippers,Golden State Warriors,Player Points,Derrick Jones Jr.,Los Angeles Clippers,Golden State Warriors,15.5,4.5,NA,Neds
Los Angeles Clippers v Golden State Warriors,Los Angeles Clippers,Golden State Warriors,Player Points,De'Anthony Melton,Golden State Warriors,Los Angeles Clippers,15.5,4.8,NA,Neds
Los Angeles Clippers v Golden State Warriors,Los Angeles Clippers,Golden State Warriors,Player Points,Brook Lopez,Los Angeles Clippers,Golden State Warriors,15.5,2.3,NA,Neds
Boston Celtics v Orlando Magic,Boston Celtics,Orlando Magic,Player Points,Wendell Carter Jr.,Orlando Magic,Boston Celtics,10.5,1.87,1.87,Neds
Boston Celtics v Orlando Magic,Boston Celtics,Orlando Magic,Player Points,Baylor Scheierman,Boston Celtics,Orlando Magic,9.5,1.22,NA,Neds
Boston Celtics v Orlando Magic,Boston Celtics,Orlando Magic,Player Points,Anthony Black,Orlando Magic,Boston Celtics,9.5,1.67,NA,Neds
Boston Celtics v Orlando Magic,Boston Celtics,Orlando Magic,Player Points,Wendell Carter Jr.,Orlando Magic,Boston Celtics,9.5,1.62,NA,Neds
Boston Celtics v Orlando Magic,Boston Celtics,Orlando Magic,Player Points,Paolo Banchero,Orlando Magic,Boston Celtics,9.5,1.01,NA,Neds
Boston Celtics v Orlando Magic,Boston Celtics,Orlando Magic,Player Points,Ron Harper Jr.,Boston Celtics,Orlando Magic,9.5,1.28,NA,Neds
Boston Celtics v Orlando Magic,Boston Celtics,Orlando Magic,Player Points,Desmond Bane,Orlando Magic,Boston Celtics,9.5,1.08,NA,Neds
Boston Celtics v Orlando Magic,Boston Celtics,Orlando Magic,Player Points,Jordan Walsh,Boston Celtics,Orlando Magic,9.5,1.72,NA,Neds
Boston Celtics v Orlando Magic,Boston Celtics,Orlando Magic,Player Points,Luka Garza,Boston Celtics,Orlando Magic,9.5,1.08,NA,Neds
Boston Celtics v Orlando Magic,Boston Celtics,Orlando Magic,Player Points,Franz Wagner,Orlando Magic,Boston Celtics,9.5,1.08,NA,Neds
Boston Celtics v Orlando Magic,Boston Celtics,Orlando Magic,Player Points,Jalen Suggs,Orlando Magic,Boston Celtics,9.5,1.38,NA,Neds
Boston Celtics v Orlando Magic,Boston Celtics,Orlando Magic,Player Points,Goga Bitadze,Orlando Magic,Boston Celtics,9.5,3.3,NA,Neds
Boston Celtics v Orlando Magic,Boston Celtics,Orlando Magic,Player Points,Max Shulga,Boston Celtics,Orlando Magic,9.5,1.19,NA,Neds
Boston Celtics v Orlando Magic,Boston Celtics,Orlando Magic,Player Points,Tristan da Silva,Orlando Magic,Boston Celtics,9.5,2.45,NA,Neds
Philadelphia 76ers v Milwaukee Bucks,Philadelphia 76ers,Milwaukee Bucks,Player Points,Cormac Ryan,NA,NA,27.5,5.5,NA,Neds
Philadelphia 76ers v Milwaukee Bucks,Philadelphia 76ers,Milwaukee Bucks,Player Points,AJ Green,Milwaukee Bucks,Philadelphia 76ers,27.5,6,NA,Neds
Philadelphia 76ers v Milwaukee Bucks,Philadelphia 76ers,Milwaukee Bucks,Player Points,VJ Edgecombe,Philadelphia 76ers,Milwaukee Bucks,27.5,8.5,NA,Neds
Philadelphia 76ers v Milwaukee Bucks,Philadelphia 76ers,Milwaukee Bucks,Player Points,Kelly Oubre Jr.,Philadelphia 76ers,Milwaukee Bucks,27.5,26,NA,Neds
Philadelphia 76ers v Milwaukee Bucks,Philadelphia 76ers,Milwaukee Bucks,Player Points,Tyrese Maxey,Philadelphia 76ers,Milwaukee Bucks,27.5,1.7,NA,Neds
Philadelphia 76ers v Milwaukee Bucks,Philadelphia 76ers,Milwaukee Bucks,Player Points,Taurean Prince,Milwaukee Bucks,Philadelphia 76ers,27.5,26,NA,Neds
Philadelphia 76ers v Milwaukee Bucks,Philadelphia 76ers,Milwaukee Bucks,Player Points,Paul George,Philadelphia 76ers,Milwaukee Bucks,27.5,5.5,NA,Neds
Philadelphia 76ers v Milwaukee Bucks,Philadelphia 76ers,Milwaukee Bucks,Player Points,Ousmane Dieng,Milwaukee Bucks,Philadelphia 76ers,27.5,6,NA,Neds
Portland Trail Blazers v Sacramento Kings,Portland Trail Blazers,Sacramento Kings,Player Points,Maxime Raynaud,Sacramento Kings,Portland Trail Blazers,15.5,1.8199999999999998,NA,Neds
Portland Trail Blazers v Sacramento Kings,Portland Trail Blazers,Sacramento Kings,Player Points,Jrue Holiday,Portland Trail Blazers,Sacramento Kings,15.5,1.8199999999999998,NA,Neds
Portland Trail Blazers v Sacramento Kings,Portland Trail Blazers,Sacramento Kings,Player Points,Nique Clifford,Sacramento Kings,Portland Trail Blazers,15.5,1.58,NA,Neds
Portland Trail Blazers v Sacramento Kings,Portland Trail Blazers,Sacramento Kings,Player Points,Shaedon Sharpe,Portland Trail Blazers,Sacramento Kings,15.5,2.3,NA,Neds
Portland Trail Blazers v Sacramento Kings,Portland Trail Blazers,Sacramento Kings,Player Points,Devin Carter,Sacramento Kings,Portland Trail Blazers,15.5,1.65,NA,Neds
Portland Trail Blazers v Sacramento Kings,Portland Trail Blazers,Sacramento Kings,Player Points,Precious Achiuwa,Sacramento Kings,Portland Trail Blazers,15.5,2.7,NA,Neds
Portland Trail Blazers v Sacramento Kings,Portland Trail Blazers,Sacramento Kings,Player Points,Toumani Camara,Portland Trail Blazers,Sacramento Kings,15.5,2.05,NA,Neds
Portland Trail Blazers v Sacramento Kings,Portland Trail Blazers,Sacramento Kings,Player Points,Killian Hayes,NA,NA,15.5,6.75,NA,Neds
Portland Trail Blazers v Sacramento Kings,Portland Trail Blazers,Sacramento Kings,Player Points,Daeqwon Plowden,Sacramento Kings,Portland Trail Blazers,15.5,1.92,NA,Neds
Portland Trail Blazers v Sacramento Kings,Portland Trail Blazers,Sacramento Kings,Player Points,Donovan Clingan,Portland Trail Blazers,Sacramento Kings,15.5,2.65,NA,Neds
Portland Trail Blazers v Sacramento Kings,Portland Trail Blazers,Sacramento Kings,Player Points,Deni Avdija,Portland Trail Blazers,Sacramento Kings,15.5,1.06,NA,Neds
Portland Trail Blazers v Sacramento Kings,Portland Trail Blazers,Sacramento Kings,Player Points,Scoot Henderson,Portland Trail Blazers,Sacramento Kings,15.5,1.8199999999999998,NA,Neds
Miami Heat v Atlanta Hawks,Miami Heat,Atlanta Hawks,Player Points,Bam Adebayo,Miami Heat,Atlanta Hawks,23.5,1.75,NA,Neds
Miami Heat v Atlanta Hawks,Miami Heat,Atlanta Hawks,Player Points,Buddy Hield,Atlanta Hawks,Miami Heat,23.5,3.6,NA,Neds
Miami Heat v Atlanta Hawks,Miami Heat,Atlanta Hawks,Player Points,Corey Kispert,Atlanta Hawks,Miami Heat,23.5,3.1,NA,Neds
Miami Heat v Atlanta Hawks,Miami Heat,Atlanta Hawks,Player Points,Andrew Wiggins,Miami Heat,Atlanta Hawks,23.5,3.1,NA,Neds
Miami Heat v Atlanta Hawks,Miami Heat,Atlanta Hawks,Player Points,Tyler Herro,Miami Heat,Atlanta Hawks,23.5,1.75,NA,Neds
Miami Heat v Atlanta Hawks,Miami Heat,Atlanta Hawks,Player Points,Zaccharie Risacher,Atlanta Hawks,Miami Heat,23.5,9.5,NA,Neds
Miami Heat v Atlanta Hawks,Miami Heat,Atlanta Hawks,Player Points,Norman Powell,Miami Heat,Atlanta Hawks,23.5,3.6,NA,Neds
New York Knicks v Charlotte Hornets,New York Knicks,Charlotte Hornets,Player Points,Kon Knueppel,Charlotte Hornets,New York Knicks,21.5,1.73,NA,Neds
New York Knicks v Charlotte Hornets,New York Knicks,Charlotte Hornets,Player Points,Jose Alvarado,New York Knicks,Charlotte Hornets,21.5,6,NA,Neds
New York Knicks v Charlotte Hornets,New York Knicks,Charlotte Hornets,Player Points,Miles McBride,New York Knicks,Charlotte Hornets,21.5,8,NA,Neds
New York Knicks v Charlotte Hornets,New York Knicks,Charlotte Hornets,Player Points,Jordan Clarkson,New York Knicks,Charlotte Hornets,21.5,4.6,NA,Neds
New York Knicks v Charlotte Hornets,New York Knicks,Charlotte Hornets,Player Points,Mohamed Diawara,New York Knicks,Charlotte Hornets,21.5,6,NA,Neds
New York Knicks v Charlotte Hornets,New York Knicks,Charlotte Hornets,Player Points,Miles Bridges,Charlotte Hornets,New York Knicks,21.5,6,NA,Neds
New York Knicks v Charlotte Hornets,New York Knicks,Charlotte Hornets,Player Points,Brandon Miller,Charlotte Hornets,New York Knicks,21.5,2.1,NA,Neds
New York Knicks v Charlotte Hornets,New York Knicks,Charlotte Hornets,Player Points,LaMelo Ball,Charlotte Hornets,New York Knicks,21.5,1.73,NA,Neds
Philadelphia 76ers v Milwaukee Bucks,Philadelphia 76ers,Milwaukee Bucks,Player Points,Cormac Ryan,NA,NA,19.5,1.85,NA,Neds
Philadelphia 76ers v Milwaukee Bucks,Philadelphia 76ers,Milwaukee Bucks,Player Points,Kelly Oubre Jr.,Philadelphia 76ers,Milwaukee Bucks,19.5,3.7,NA,Neds
Philadelphia 76ers v Milwaukee Bucks,Philadelphia 76ers,Milwaukee Bucks,Player Points,Taurean Prince,Milwaukee Bucks,Philadelphia 76ers,19.5,3.75,NA,Neds
Philadelphia 76ers v Milwaukee Bucks,Philadelphia 76ers,Milwaukee Bucks,Player Points,Paul George,Philadelphia 76ers,Milwaukee Bucks,19.5,1.83,1.85,Neds
Philadelphia 76ers v Milwaukee Bucks,Philadelphia 76ers,Milwaukee Bucks,Player Points,Tyrese Maxey,Philadelphia 76ers,Milwaukee Bucks,19.5,1.11,NA,Neds
Philadelphia 76ers v Milwaukee Bucks,Philadelphia 76ers,Milwaukee Bucks,Player Points,Ousmane Dieng,Milwaukee Bucks,Philadelphia 76ers,19.5,1.9100000000000001,NA,Neds
Philadelphia 76ers v Milwaukee Bucks,Philadelphia 76ers,Milwaukee Bucks,Player Points,VJ Edgecombe,Philadelphia 76ers,Milwaukee Bucks,19.5,2.25,NA,Neds
Philadelphia 76ers v Milwaukee Bucks,Philadelphia 76ers,Milwaukee Bucks,Player Points,Quentin Grimes,Philadelphia 76ers,Milwaukee Bucks,19.5,8.5,NA,Neds
Philadelphia 76ers v Milwaukee Bucks,Philadelphia 76ers,Milwaukee Bucks,Player Points,AJ Green,Milwaukee Bucks,Philadelphia 76ers,19.5,1.9100000000000001,NA,Neds
Philadelphia 76ers v Milwaukee Bucks,Philadelphia 76ers,Milwaukee Bucks,Player Points,Taurean Prince,Milwaukee Bucks,Philadelphia 76ers,11.5,1.4,NA,Neds
Philadelphia 76ers v Milwaukee Bucks,Philadelphia 76ers,Milwaukee Bucks,Player Points,Jericho Sims,Milwaukee Bucks,Philadelphia 76ers,11.5,2.45,NA,Neds
Philadelphia 76ers v Milwaukee Bucks,Philadelphia 76ers,Milwaukee Bucks,Player Points,Paul George,Philadelphia 76ers,Milwaukee Bucks,11.5,1.1,NA,Neds
Philadelphia 76ers v Milwaukee Bucks,Philadelphia 76ers,Milwaukee Bucks,Player Points,Quentin Grimes,Philadelphia 76ers,Milwaukee Bucks,11.5,1.85,NA,Neds
Philadelphia 76ers v Milwaukee Bucks,Philadelphia 76ers,Milwaukee Bucks,Player Points,VJ Edgecombe,Philadelphia 76ers,Milwaukee Bucks,11.5,1.17,NA,Neds
Philadelphia 76ers v Milwaukee Bucks,Philadelphia 76ers,Milwaukee Bucks,Player Points,Ousmane Dieng,Milwaukee Bucks,Philadelphia 76ers,11.5,1.11,NA,Neds
Philadelphia 76ers v Milwaukee Bucks,Philadelphia 76ers,Milwaukee Bucks,Player Points,Kelly Oubre Jr.,Philadelphia 76ers,Milwaukee Bucks,11.5,1.4,NA,Neds
Philadelphia 76ers v Milwaukee Bucks,Philadelphia 76ers,Milwaukee Bucks,Player Points,Cormac Ryan,NA,NA,11.5,1.1,NA,Neds
Philadelphia 76ers v Milwaukee Bucks,Philadelphia 76ers,Milwaukee Bucks,Player Points,Adem Bona,Philadelphia 76ers,Milwaukee Bucks,11.5,6.5,NA,Neds
Philadelphia 76ers v Milwaukee Bucks,Philadelphia 76ers,Milwaukee Bucks,Player Points,AJ Green,Milwaukee Bucks,Philadelphia 76ers,11.5,1.11,NA,Neds
Los Angeles Clippers v Golden State Warriors,Los Angeles Clippers,Golden State Warriors,Player Points,Brook Lopez,Los Angeles Clippers,Golden State Warriors,21.5,6.75,NA,Neds
Los Angeles Clippers v Golden State Warriors,Los Angeles Clippers,Golden State Warriors,Player Points,Kristaps Porzi<c5><86><c4><a3>is,NA,NA,21.5,11.5,NA,Neds
Los Angeles Clippers v Golden State Warriors,Los Angeles Clippers,Golden State Warriors,Player Points,Stephen Curry,Golden State Warriors,Los Angeles Clippers,21.5,1.4,NA,Neds
Los Angeles Clippers v Golden State Warriors,Los Angeles Clippers,Golden State Warriors,Player Points,Darius Garland,Los Angeles Clippers,Golden State Warriors,21.5,2.25,NA,Neds
New York Knicks v Charlotte Hornets,New York Knicks,Charlotte Hornets,Player Points,Jose Alvarado,New York Knicks,Charlotte Hornets,24.5,12.5,NA,Neds
New York Knicks v Charlotte Hornets,New York Knicks,Charlotte Hornets,Player Points,Kon Knueppel,Charlotte Hornets,New York Knicks,24.5,2.35,NA,Neds
New York Knicks v Charlotte Hornets,New York Knicks,Charlotte Hornets,Player Points,Brandon Miller,Charlotte Hornets,New York Knicks,24.5,3.05,NA,Neds
New York Knicks v Charlotte Hornets,New York Knicks,Charlotte Hornets,Player Points,Jordan Clarkson,New York Knicks,Charlotte Hornets,24.5,8.75,NA,Neds
New York Knicks v Charlotte Hornets,New York Knicks,Charlotte Hornets,Player Points,LaMelo Ball,Charlotte Hornets,New York Knicks,24.5,2.35,NA,Neds
New York Knicks v Charlotte Hornets,New York Knicks,Charlotte Hornets,Player Points,Miles Bridges,Charlotte Hornets,New York Knicks,24.5,12.5,NA,Neds
New York Knicks v Charlotte Hornets,New York Knicks,Charlotte Hornets,Player Points,Mohamed Diawara,New York Knicks,Charlotte Hornets,24.5,12.5,NA,Neds
Philadelphia 76ers v Milwaukee Bucks,Philadelphia 76ers,Milwaukee Bucks,Player Points,Kelly Oubre Jr.,Philadelphia 76ers,Milwaukee Bucks,14.5,1.88,1.85,Neds
Dallas Mavericks v Chicago Bulls,Dallas Mavericks,Chicago Bulls,Player Points,Rob Dillingham,Chicago Bulls,Dallas Mavericks,14.5,1.8199999999999998,NA,Neds
Dallas Mavericks v Chicago Bulls,Dallas Mavericks,Chicago Bulls,Player Points,Leonard Miller,Chicago Bulls,Dallas Mavericks,14.5,1.52,NA,Neds
Dallas Mavericks v Chicago Bulls,Dallas Mavericks,Chicago Bulls,Player Points,Max Christie,Dallas Mavericks,Chicago Bulls,14.5,1.8199999999999998,NA,Neds
Dallas Mavericks v Chicago Bulls,Dallas Mavericks,Chicago Bulls,Player Points,Patrick Williams,Chicago Bulls,Dallas Mavericks,14.5,2.05,NA,Neds
Dallas Mavericks v Chicago Bulls,Dallas Mavericks,Chicago Bulls,Player Points,Khris Middleton,Dallas Mavericks,Chicago Bulls,14.5,3.9,NA,Neds
Dallas Mavericks v Chicago Bulls,Dallas Mavericks,Chicago Bulls,Player Points,Tre Jones,Chicago Bulls,Dallas Mavericks,14.5,1.22,NA,Neds
Dallas Mavericks v Chicago Bulls,Dallas Mavericks,Chicago Bulls,Player Points,Klay Thompson,Dallas Mavericks,Chicago Bulls,14.5,1.98,NA,Neds
Dallas Mavericks v Chicago Bulls,Dallas Mavericks,Chicago Bulls,Player Points,Ryan Nembhard,Dallas Mavericks,Chicago Bulls,14.5,2.75,NA,Neds
Dallas Mavericks v Chicago Bulls,Dallas Mavericks,Chicago Bulls,Player Points,Lachlan Olbrich,Chicago Bulls,Dallas Mavericks,14.5,4.4,NA,Neds
Dallas Mavericks v Chicago Bulls,Dallas Mavericks,Chicago Bulls,Player Points,Collin Sexton,Chicago Bulls,Dallas Mavericks,14.5,1.08,NA,Neds
Toronto Raptors v Brooklyn Nets,Toronto Raptors,Brooklyn Nets,Player Points,Scottie Barnes,Toronto Raptors,Brooklyn Nets,19.5,1.9100000000000001,NA,Neds
Toronto Raptors v Brooklyn Nets,Toronto Raptors,Brooklyn Nets,Player Points,E.J. Liddell,Brooklyn Nets,Toronto Raptors,19.5,6.75,NA,Neds
Toronto Raptors v Brooklyn Nets,Toronto Raptors,Brooklyn Nets,Player Points,Malachi Smith,NA,NA,19.5,2.8,NA,Neds
Toronto Raptors v Brooklyn Nets,Toronto Raptors,Brooklyn Nets,Player Points,Jakob Poeltl,Toronto Raptors,Brooklyn Nets,19.5,9.5,NA,Neds
Toronto Raptors v Brooklyn Nets,Toronto Raptors,Brooklyn Nets,Player Points,Ben Saraf,Brooklyn Nets,Toronto Raptors,19.5,4,NA,Neds
Toronto Raptors v Brooklyn Nets,Toronto Raptors,Brooklyn Nets,Player Points,Brandon Ingram,Toronto Raptors,Brooklyn Nets,19.5,1.6,NA,Neds
Toronto Raptors v Brooklyn Nets,Toronto Raptors,Brooklyn Nets,Player Points,R.J. Barrett,NA,NA,19.5,2.1,NA,Neds
Toronto Raptors v Brooklyn Nets,Toronto Raptors,Brooklyn Nets,Player Points,Immanuel Quickley,Toronto Raptors,Brooklyn Nets,19.5,3.9,NA,Neds
Miami Heat v Atlanta Hawks,Miami Heat,Atlanta Hawks,Player Points,Tony Bradley,NA,NA,15.5,3,NA,Neds
Miami Heat v Atlanta Hawks,Miami Heat,Atlanta Hawks,Player Points,Bam Adebayo,Miami Heat,Atlanta Hawks,15.5,1.1,NA,Neds
Miami Heat v Atlanta Hawks,Miami Heat,Atlanta Hawks,Player Points,Kel'el Ware,Miami Heat,Atlanta Hawks,15.5,3,NA,Neds
Miami Heat v Atlanta Hawks,Miami Heat,Atlanta Hawks,Player Points,Andrew Wiggins,Miami Heat,Atlanta Hawks,15.5,1.3599999999999999,NA,Neds
Miami Heat v Atlanta Hawks,Miami Heat,Atlanta Hawks,Player Points,Davion Mitchell,Miami Heat,Atlanta Hawks,15.5,3.7,NA,Neds
Miami Heat v Atlanta Hawks,Miami Heat,Atlanta Hawks,Player Points,Keaton Wallace,Atlanta Hawks,Miami Heat,15.5,3,NA,Neds
Miami Heat v Atlanta Hawks,Miami Heat,Atlanta Hawks,Player Points,Asa Newell,Atlanta Hawks,Miami Heat,15.5,3,NA,Neds
Miami Heat v Atlanta Hawks,Miami Heat,Atlanta Hawks,Player Points,Norman Powell,Miami Heat,Atlanta Hawks,15.5,1.46,NA,Neds
Miami Heat v Atlanta Hawks,Miami Heat,Atlanta Hawks,Player Points,Buddy Hield,Atlanta Hawks,Miami Heat,15.5,1.46,NA,Neds
Miami Heat v Atlanta Hawks,Miami Heat,Atlanta Hawks,Player Points,Zaccharie Risacher,Atlanta Hawks,Miami Heat,15.5,2.15,NA,Neds
Miami Heat v Atlanta Hawks,Miami Heat,Atlanta Hawks,Player Points,Tyler Herro,Miami Heat,Atlanta Hawks,15.5,1.1,NA,Neds
Miami Heat v Atlanta Hawks,Miami Heat,Atlanta Hawks,Player Points,Mouhamed Gueye,Atlanta Hawks,Miami Heat,15.5,6.75,NA,Neds
Miami Heat v Atlanta Hawks,Miami Heat,Atlanta Hawks,Player Points,Corey Kispert,Atlanta Hawks,Miami Heat,15.5,1.3599999999999999,NA,Neds
San Antonio Spurs v Denver Nuggets,San Antonio Spurs,Denver Nuggets,Player Points,Stephon Castle,San Antonio Spurs,Denver Nuggets,19.5,1.73,NA,Neds
San Antonio Spurs v Denver Nuggets,San Antonio Spurs,Denver Nuggets,Player Points,Julian Strawther,Denver Nuggets,San Antonio Spurs,19.5,1.9100000000000001,NA,Neds
San Antonio Spurs v Denver Nuggets,San Antonio Spurs,Denver Nuggets,Player Points,Julian Champagnie,San Antonio Spurs,Denver Nuggets,19.5,6.2,NA,Neds
San Antonio Spurs v Denver Nuggets,San Antonio Spurs,Denver Nuggets,Player Points,Devin Vassell,San Antonio Spurs,Denver Nuggets,19.5,3.1,NA,Neds
San Antonio Spurs v Denver Nuggets,San Antonio Spurs,Denver Nuggets,Player Points,De'Aaron Fox,San Antonio Spurs,Denver Nuggets,19.5,1.9100000000000001,NA,Neds
San Antonio Spurs v Denver Nuggets,San Antonio Spurs,Denver Nuggets,Player Points,Victor Wembanyama,San Antonio Spurs,Denver Nuggets,19.5,1.2,NA,Neds
San Antonio Spurs v Denver Nuggets,San Antonio Spurs,Denver Nuggets,Player Points,Bruce Brown,Denver Nuggets,San Antonio Spurs,19.5,13,NA,Neds
San Antonio Spurs v Denver Nuggets,San Antonio Spurs,Denver Nuggets,Player Points,Nikola Joki<c4><87>,NA,NA,19.5,1.73,NA,Neds
Portland Trail Blazers v Sacramento Kings,Portland Trail Blazers,Sacramento Kings,Player Points,Shaedon Sharpe,Portland Trail Blazers,Sacramento Kings,11.5,1.5,NA,Neds
Portland Trail Blazers v Sacramento Kings,Portland Trail Blazers,Sacramento Kings,Player Points,Matisse Thybulle,Portland Trail Blazers,Sacramento Kings,11.5,6,NA,Neds
Portland Trail Blazers v Sacramento Kings,Portland Trail Blazers,Sacramento Kings,Player Points,Killian Hayes,NA,NA,11.5,2.7,NA,Neds
Portland Trail Blazers v Sacramento Kings,Portland Trail Blazers,Sacramento Kings,Player Points,Precious Achiuwa,Sacramento Kings,Portland Trail Blazers,11.5,1.6400000000000001,NA,Neds
Portland Trail Blazers v Sacramento Kings,Portland Trail Blazers,Sacramento Kings,Player Points,Dylan Cardwell,Sacramento Kings,Portland Trail Blazers,11.5,4.75,NA,Neds
Portland Trail Blazers v Sacramento Kings,Portland Trail Blazers,Sacramento Kings,Player Points,Nique Clifford,Sacramento Kings,Portland Trail Blazers,11.5,1.2,NA,Neds
Portland Trail Blazers v Sacramento Kings,Portland Trail Blazers,Sacramento Kings,Player Points,Daeqwon Plowden,Sacramento Kings,Portland Trail Blazers,11.5,1.35,NA,Neds
Portland Trail Blazers v Sacramento Kings,Portland Trail Blazers,Sacramento Kings,Player Points,Donovan Clingan,Portland Trail Blazers,Sacramento Kings,11.5,1.62,NA,Neds
Portland Trail Blazers v Sacramento Kings,Portland Trail Blazers,Sacramento Kings,Player Points,Maxime Raynaud,Sacramento Kings,Portland Trail Blazers,11.5,1.3,NA,Neds
Portland Trail Blazers v Sacramento Kings,Portland Trail Blazers,Sacramento Kings,Player Points,Jrue Holiday,Portland Trail Blazers,Sacramento Kings,11.5,1.3,NA,Neds
Portland Trail Blazers v Sacramento Kings,Portland Trail Blazers,Sacramento Kings,Player Points,Devin Carter,Sacramento Kings,Portland Trail Blazers,11.5,1.24,NA,Neds
Portland Trail Blazers v Sacramento Kings,Portland Trail Blazers,Sacramento Kings,Player Points,Robert Williams,NA,NA,11.5,7.5,NA,Neds
Portland Trail Blazers v Sacramento Kings,Portland Trail Blazers,Sacramento Kings,Player Points,Toumani Camara,Portland Trail Blazers,Sacramento Kings,11.5,1.4,NA,Neds
Portland Trail Blazers v Sacramento Kings,Portland Trail Blazers,Sacramento Kings,Player Points,Scoot Henderson,Portland Trail Blazers,Sacramento Kings,11.5,1.3,NA,Neds
New York Knicks v Charlotte Hornets,New York Knicks,Charlotte Hornets,Player Points,Brandon Miller,Charlotte Hornets,New York Knicks,34.5,21,NA,Neds
New York Knicks v Charlotte Hornets,New York Knicks,Charlotte Hornets,Player Points,Kon Knueppel,Charlotte Hornets,New York Knicks,34.5,12,NA,Neds
New York Knicks v Charlotte Hornets,New York Knicks,Charlotte Hornets,Player Points,LaMelo Ball,Charlotte Hornets,New York Knicks,34.5,12,NA,Neds
Portland Trail Blazers v Sacramento Kings,Portland Trail Blazers,Sacramento Kings,Player Points,Toumani Camara,Portland Trail Blazers,Sacramento Kings,25.5,14,NA,Neds
Portland Trail Blazers v Sacramento Kings,Portland Trail Blazers,Sacramento Kings,Player Points,Jrue Holiday,Portland Trail Blazers,Sacramento Kings,25.5,9.75,NA,Neds
Portland Trail Blazers v Sacramento Kings,Portland Trail Blazers,Sacramento Kings,Player Points,Deni Avdija,Portland Trail Blazers,Sacramento Kings,25.5,1.8199999999999998,NA,Neds
Portland Trail Blazers v Sacramento Kings,Portland Trail Blazers,Sacramento Kings,Player Points,Devin Carter,Sacramento Kings,Portland Trail Blazers,25.5,7.25,NA,Neds
Portland Trail Blazers v Sacramento Kings,Portland Trail Blazers,Sacramento Kings,Player Points,Scoot Henderson,Portland Trail Blazers,Sacramento Kings,25.5,9.75,NA,Neds
Portland Trail Blazers v Sacramento Kings,Portland Trail Blazers,Sacramento Kings,Player Points,Maxime Raynaud,Sacramento Kings,Portland Trail Blazers,25.5,9.75,NA,Neds
Portland Trail Blazers v Sacramento Kings,Portland Trail Blazers,Sacramento Kings,Player Points,Donovan Clingan,Portland Trail Blazers,Sacramento Kings,25.5,29,NA,Neds
Portland Trail Blazers v Sacramento Kings,Portland Trail Blazers,Sacramento Kings,Player Points,Nique Clifford,Sacramento Kings,Portland Trail Blazers,25.5,6.4,NA,Neds
Portland Trail Blazers v Sacramento Kings,Portland Trail Blazers,Sacramento Kings,Player Points,Shaedon Sharpe,Portland Trail Blazers,Sacramento Kings,25.5,19,NA,Neds
Portland Trail Blazers v Sacramento Kings,Portland Trail Blazers,Sacramento Kings,Player Points,Daeqwon Plowden,Sacramento Kings,Portland Trail Blazers,25.5,11.5,NA,Neds
Houston Rockets v Memphis Grizzlies,Houston Rockets,Memphis Grizzlies,Player Points,Walter Clayton,NA,NA,27.5,10,NA,Neds
Houston Rockets v Memphis Grizzlies,Houston Rockets,Memphis Grizzlies,Player Points,Lucas Williamson,NA,NA,27.5,29,NA,Neds
Houston Rockets v Memphis Grizzlies,Houston Rockets,Memphis Grizzlies,Player Points,Tari Eason,Houston Rockets,Memphis Grizzlies,27.5,10,NA,Neds
Houston Rockets v Memphis Grizzlies,Houston Rockets,Memphis Grizzlies,Player Points,Reed Sheppard,Houston Rockets,Memphis Grizzlies,27.5,4.8,NA,Neds
Houston Rockets v Memphis Grizzlies,Houston Rockets,Memphis Grizzlies,Player Points,Aaron Holiday,Houston Rockets,Memphis Grizzlies,27.5,7.5,NA,Neds
Dallas Mavericks v Chicago Bulls,Dallas Mavericks,Chicago Bulls,Player Points,Collin Sexton,Chicago Bulls,Dallas Mavericks,34.5,8.25,NA,Neds
Dallas Mavericks v Chicago Bulls,Dallas Mavericks,Chicago Bulls,Player Points,Cooper Flagg,Dallas Mavericks,Chicago Bulls,34.5,1.75,NA,Neds
Dallas Mavericks v Chicago Bulls,Dallas Mavericks,Chicago Bulls,Player Points,Tre Jones,Chicago Bulls,Dallas Mavericks,34.5,21,NA,Neds
Houston Rockets v Memphis Grizzlies,Houston Rockets,Memphis Grizzlies,Player Points,Walter Clayton,NA,NA,9.5,1.1,NA,Neds
Houston Rockets v Memphis Grizzlies,Houston Rockets,Memphis Grizzlies,Player Points,Reed Sheppard,Houston Rockets,Memphis Grizzlies,9.5,1.01,NA,Neds
Houston Rockets v Memphis Grizzlies,Houston Rockets,Memphis Grizzlies,Player Points,Dariq Whitehead,NA,NA,9.5,1.42,NA,Neds
Houston Rockets v Memphis Grizzlies,Houston Rockets,Memphis Grizzlies,Player Points,Lucas Williamson,NA,NA,9.5,1.24,NA,Neds
Houston Rockets v Memphis Grizzlies,Houston Rockets,Memphis Grizzlies,Player Points,Tari Eason,Houston Rockets,Memphis Grizzlies,9.5,1.1,NA,Neds
Houston Rockets v Memphis Grizzlies,Houston Rockets,Memphis Grizzlies,Player Points,Aaron Holiday,Houston Rockets,Memphis Grizzlies,9.5,1.06,NA,Neds
Toronto Raptors v Brooklyn Nets,Toronto Raptors,Brooklyn Nets,Player Points,Drake Powell,Brooklyn Nets,Toronto Raptors,13.5,4.1,NA,Neds
Toronto Raptors v Brooklyn Nets,Toronto Raptors,Brooklyn Nets,Player Points,Immanuel Quickley,Toronto Raptors,Brooklyn Nets,13.5,1.7,NA,Neds
Toronto Raptors v Brooklyn Nets,Toronto Raptors,Brooklyn Nets,Player Points,R.J. Barrett,NA,NA,13.5,1.28,NA,Neds
Toronto Raptors v Brooklyn Nets,Toronto Raptors,Brooklyn Nets,Player Points,Trevon Scott,NA,NA,13.5,3.15,NA,Neds
Toronto Raptors v Brooklyn Nets,Toronto Raptors,Brooklyn Nets,Player Points,Brandon Ingram,Toronto Raptors,Brooklyn Nets,13.5,1.12,NA,Neds
Toronto Raptors v Brooklyn Nets,Toronto Raptors,Brooklyn Nets,Player Points,Malachi Smith,NA,NA,13.5,1.46,NA,Neds
Toronto Raptors v Brooklyn Nets,Toronto Raptors,Brooklyn Nets,Player Points,E.J. Liddell,Brooklyn Nets,Toronto Raptors,13.5,2.2,NA,Neds
Toronto Raptors v Brooklyn Nets,Toronto Raptors,Brooklyn Nets,Player Points,Jakob Poeltl,Toronto Raptors,Brooklyn Nets,13.5,2.6,NA,Neds
Toronto Raptors v Brooklyn Nets,Toronto Raptors,Brooklyn Nets,Player Points,Ben Saraf,Brooklyn Nets,Toronto Raptors,13.5,1.73,NA,Neds
Toronto Raptors v Brooklyn Nets,Toronto Raptors,Brooklyn Nets,Player Points,Scottie Barnes,Toronto Raptors,Brooklyn Nets,13.5,1.22,NA,Neds
Minnesota Timberwolves v New Orleans Pelicans,Minnesota Timberwolves,New Orleans Pelicans,Player Points,Jordan Poole,New Orleans Pelicans,Minnesota Timberwolves,14.5,1.22,NA,Neds
Minnesota Timberwolves v New Orleans Pelicans,Minnesota Timberwolves,New Orleans Pelicans,Player Points,Derik Queen,New Orleans Pelicans,Minnesota Timberwolves,14.5,1.28,NA,Neds
Minnesota Timberwolves v New Orleans Pelicans,Minnesota Timberwolves,New Orleans Pelicans,Player Points,Jeremiah Fears,New Orleans Pelicans,Minnesota Timberwolves,14.5,1.01,NA,Neds
Minnesota Timberwolves v New Orleans Pelicans,Minnesota Timberwolves,New Orleans Pelicans,Player Points,Jaylen Clark,Minnesota Timberwolves,New Orleans Pelicans,14.5,1.73,NA,Neds
Minnesota Timberwolves v New Orleans Pelicans,Minnesota Timberwolves,New Orleans Pelicans,Player Points,Joan Beringer,Minnesota Timberwolves,New Orleans Pelicans,14.5,1.58,NA,Neds
Minnesota Timberwolves v New Orleans Pelicans,Minnesota Timberwolves,New Orleans Pelicans,Player Points,Terrence Shannon Jr.,Minnesota Timberwolves,New Orleans Pelicans,14.5,1.13,NA,Neds
Portland Trail Blazers v Sacramento Kings,Portland Trail Blazers,Sacramento Kings,Player Points,Deni Avdija,Portland Trail Blazers,Sacramento Kings,34.5,5.4,NA,Neds
New York Knicks v Charlotte Hornets,New York Knicks,Charlotte Hornets,Player Points,Brandon Miller,Charlotte Hornets,New York Knicks,29.5,7,NA,Neds
New York Knicks v Charlotte Hornets,New York Knicks,Charlotte Hornets,Player Points,Kon Knueppel,Charlotte Hornets,New York Knicks,29.5,4.6,NA,Neds
New York Knicks v Charlotte Hornets,New York Knicks,Charlotte Hornets,Player Points,LaMelo Ball,Charlotte Hornets,New York Knicks,29.5,4.6,NA,Neds
Toronto Raptors v Brooklyn Nets,Toronto Raptors,Brooklyn Nets,Player Points,Malachi Smith,NA,NA,29.5,23,NA,Neds
Toronto Raptors v Brooklyn Nets,Toronto Raptors,Brooklyn Nets,Player Points,R.J. Barrett,NA,NA,29.5,12,NA,Neds
Toronto Raptors v Brooklyn Nets,Toronto Raptors,Brooklyn Nets,Player Points,Brandon Ingram,Toronto Raptors,Brooklyn Nets,29.5,5.6,NA,Neds
Toronto Raptors v Brooklyn Nets,Toronto Raptors,Brooklyn Nets,Player Points,Scottie Barnes,Toronto Raptors,Brooklyn Nets,29.5,9,NA,Neds
New York Knicks v Charlotte Hornets,New York Knicks,Charlotte Hornets,Player Points,Moussa Diabate,NA,NA,9.5,2.3,NA,Neds
New York Knicks v Charlotte Hornets,New York Knicks,Charlotte Hornets,Player Points,Mohamed Diawara,New York Knicks,Charlotte Hornets,9.5,1.24,NA,Neds
New York Knicks v Charlotte Hornets,New York Knicks,Charlotte Hornets,Player Points,Jordan Clarkson,New York Knicks,Charlotte Hornets,9.5,1.19,NA,Neds
New York Knicks v Charlotte Hornets,New York Knicks,Charlotte Hornets,Player Points,Jose Alvarado,New York Knicks,Charlotte Hornets,9.5,1.24,NA,Neds
New York Knicks v Charlotte Hornets,New York Knicks,Charlotte Hornets,Player Points,Brandon Miller,Charlotte Hornets,New York Knicks,9.5,1.01,NA,Neds
New York Knicks v Charlotte Hornets,New York Knicks,Charlotte Hornets,Player Points,Miles Bridges,Charlotte Hornets,New York Knicks,9.5,1.24,NA,Neds
New York Knicks v Charlotte Hornets,New York Knicks,Charlotte Hornets,Player Points,Miles McBride,New York Knicks,Charlotte Hornets,9.5,1.32,NA,Neds
New York Knicks v Charlotte Hornets,New York Knicks,Charlotte Hornets,Player Points,Ariel Hukporti,New York Knicks,Charlotte Hornets,9.5,1.72,NA,Neds
New York Knicks v Charlotte Hornets,New York Knicks,Charlotte Hornets,Player Points,Jose Alvarado,New York Knicks,Charlotte Hornets,23.5,9.5,NA,Neds
New York Knicks v Charlotte Hornets,New York Knicks,Charlotte Hornets,Player Points,Miles McBride,New York Knicks,Charlotte Hornets,23.5,14,NA,Neds
New York Knicks v Charlotte Hornets,New York Knicks,Charlotte Hornets,Player Points,Jordan Clarkson,New York Knicks,Charlotte Hornets,23.5,7,NA,Neds
New York Knicks v Charlotte Hornets,New York Knicks,Charlotte Hornets,Player Points,Mohamed Diawara,New York Knicks,Charlotte Hornets,23.5,9.5,NA,Neds
New York Knicks v Charlotte Hornets,New York Knicks,Charlotte Hornets,Player Points,Kon Knueppel,Charlotte Hornets,New York Knicks,23.5,2.1,NA,Neds
New York Knicks v Charlotte Hornets,New York Knicks,Charlotte Hornets,Player Points,Miles Bridges,Charlotte Hornets,New York Knicks,23.5,9.5,NA,Neds
New York Knicks v Charlotte Hornets,New York Knicks,Charlotte Hornets,Player Points,LaMelo Ball,Charlotte Hornets,New York Knicks,23.5,2.1,NA,Neds
New York Knicks v Charlotte Hornets,New York Knicks,Charlotte Hornets,Player Points,Brandon Miller,Charlotte Hornets,New York Knicks,23.5,2.65,NA,Neds
New York Knicks v Charlotte Hornets,New York Knicks,Charlotte Hornets,Player Points,Jordan Clarkson,New York Knicks,Charlotte Hornets,25.5,11.5,NA,Neds
New York Knicks v Charlotte Hornets,New York Knicks,Charlotte Hornets,Player Points,Kon Knueppel,Charlotte Hornets,New York Knicks,25.5,2.6,NA,Neds
New York Knicks v Charlotte Hornets,New York Knicks,Charlotte Hornets,Player Points,Mohamed Diawara,New York Knicks,Charlotte Hornets,25.5,16,NA,Neds
New York Knicks v Charlotte Hornets,New York Knicks,Charlotte Hornets,Player Points,Miles McBride,New York Knicks,Charlotte Hornets,25.5,26,NA,Neds
New York Knicks v Charlotte Hornets,New York Knicks,Charlotte Hornets,Player Points,Miles Bridges,Charlotte Hornets,New York Knicks,25.5,16,NA,Neds
New York Knicks v Charlotte Hornets,New York Knicks,Charlotte Hornets,Player Points,Jose Alvarado,New York Knicks,Charlotte Hornets,25.5,16,NA,Neds
New York Knicks v Charlotte Hornets,New York Knicks,Charlotte Hornets,Player Points,Brandon Miller,Charlotte Hornets,New York Knicks,25.5,3.5,NA,Neds
New York Knicks v Charlotte Hornets,New York Knicks,Charlotte Hornets,Player Points,LaMelo Ball,Charlotte Hornets,New York Knicks,25.5,2.6,NA,Neds
Los Angeles Lakers v Utah Jazz,Los Angeles Lakers,Utah Jazz,Player Points,Kennedy Chandler,NA,NA,29.5,16,NA,Neds
Los Angeles Lakers v Utah Jazz,Los Angeles Lakers,Utah Jazz,Player Points,Brice Sensabaugh,Utah Jazz,Los Angeles Lakers,29.5,5,NA,Neds
Los Angeles Lakers v Utah Jazz,Los Angeles Lakers,Utah Jazz,Player Points,Deandre Ayton,Los Angeles Lakers,Utah Jazz,29.5,29,NA,Neds
Los Angeles Lakers v Utah Jazz,Los Angeles Lakers,Utah Jazz,Player Points,Luke Kennard,Los Angeles Lakers,Utah Jazz,29.5,29,NA,Neds
Los Angeles Lakers v Utah Jazz,Los Angeles Lakers,Utah Jazz,Player Points,LeBron James,Los Angeles Lakers,Utah Jazz,29.5,2.45,NA,Neds
Los Angeles Lakers v Utah Jazz,Los Angeles Lakers,Utah Jazz,Player Points,Ace Bailey,Utah Jazz,Los Angeles Lakers,29.5,9,NA,Neds
Los Angeles Lakers v Utah Jazz,Los Angeles Lakers,Utah Jazz,Player Points,Cody Williams,Utah Jazz,Los Angeles Lakers,29.5,29,NA,Neds
Philadelphia 76ers v Milwaukee Bucks,Philadelphia 76ers,Milwaukee Bucks,Player Points,VJ Edgecombe,Philadelphia 76ers,Milwaukee Bucks,21.5,2.9,NA,Neds
Philadelphia 76ers v Milwaukee Bucks,Philadelphia 76ers,Milwaukee Bucks,Player Points,Tyrese Maxey,Philadelphia 76ers,Milwaukee Bucks,21.5,1.2,NA,Neds
Philadelphia 76ers v Milwaukee Bucks,Philadelphia 76ers,Milwaukee Bucks,Player Points,Kelly Oubre Jr.,Philadelphia 76ers,Milwaukee Bucks,21.5,5.4,NA,Neds
Philadelphia 76ers v Milwaukee Bucks,Philadelphia 76ers,Milwaukee Bucks,Player Points,Cormac Ryan,NA,NA,21.5,2.25,NA,Neds
Philadelphia 76ers v Milwaukee Bucks,Philadelphia 76ers,Milwaukee Bucks,Player Points,Ousmane Dieng,Milwaukee Bucks,Philadelphia 76ers,21.5,2.35,NA,Neds
Philadelphia 76ers v Milwaukee Bucks,Philadelphia 76ers,Milwaukee Bucks,Player Points,AJ Green,Milwaukee Bucks,Philadelphia 76ers,21.5,2.35,NA,Neds
Philadelphia 76ers v Milwaukee Bucks,Philadelphia 76ers,Milwaukee Bucks,Player Points,Taurean Prince,Milwaukee Bucks,Philadelphia 76ers,21.5,5.5,NA,Neds
Philadelphia 76ers v Milwaukee Bucks,Philadelphia 76ers,Milwaukee Bucks,Player Points,Paul George,Philadelphia 76ers,Milwaukee Bucks,21.5,2.25,NA,Neds
Boston Celtics v Orlando Magic,Boston Celtics,Orlando Magic,Player Points,Tristan da Silva,Orlando Magic,Boston Celtics,14.5,8.75,NA,Neds
Boston Celtics v Orlando Magic,Boston Celtics,Orlando Magic,Player Points,Max Shulga,Boston Celtics,Orlando Magic,14.5,1.73,NA,Neds
Boston Celtics v Orlando Magic,Boston Celtics,Orlando Magic,Player Points,Anthony Black,Orlando Magic,Boston Celtics,14.5,3.6,NA,Neds
Boston Celtics v Orlando Magic,Boston Celtics,Orlando Magic,Player Points,Franz Wagner,Orlando Magic,Boston Celtics,14.5,1.44,NA,Neds
Boston Celtics v Orlando Magic,Boston Celtics,Orlando Magic,Player Points,Desmond Bane,Orlando Magic,Boston Celtics,14.5,1.42,NA,Neds
Boston Celtics v Orlando Magic,Boston Celtics,Orlando Magic,Player Points,Baylor Scheierman,Boston Celtics,Orlando Magic,14.5,1.87,NA,Neds
Boston Celtics v Orlando Magic,Boston Celtics,Orlando Magic,Player Points,Jordan Walsh,Boston Celtics,Orlando Magic,14.5,3.9,NA,Neds
Boston Celtics v Orlando Magic,Boston Celtics,Orlando Magic,Player Points,Wendell Carter Jr.,Orlando Magic,Boston Celtics,14.5,3.4,NA,Neds
Boston Celtics v Orlando Magic,Boston Celtics,Orlando Magic,Player Points,Jalen Suggs,Orlando Magic,Boston Celtics,14.5,2.4,NA,Neds
Boston Celtics v Orlando Magic,Boston Celtics,Orlando Magic,Player Points,Paolo Banchero,Orlando Magic,Boston Celtics,14.5,1.2,NA,Neds
Boston Celtics v Orlando Magic,Boston Celtics,Orlando Magic,Player Points,Ron Harper Jr.,Boston Celtics,Orlando Magic,14.5,2.05,NA,Neds
Boston Celtics v Orlando Magic,Boston Celtics,Orlando Magic,Player Points,Luka Garza,Boston Celtics,Orlando Magic,14.5,1.42,NA,Neds
Houston Rockets v Memphis Grizzlies,Houston Rockets,Memphis Grizzlies,Player Points,Reed Sheppard,Houston Rockets,Memphis Grizzlies,34.5,21,NA,Neds
Houston Rockets v Memphis Grizzlies,Houston Rockets,Memphis Grizzlies,Player Points,Dariq Whitehead,NA,NA,17.5,4.25,NA,Neds
Houston Rockets v Memphis Grizzlies,Houston Rockets,Memphis Grizzlies,Player Points,Reed Sheppard,Houston Rockets,Memphis Grizzlies,17.5,1.48,NA,Neds
Houston Rockets v Memphis Grizzlies,Houston Rockets,Memphis Grizzlies,Player Points,Aaron Holiday,Houston Rockets,Memphis Grizzlies,17.5,1.73,NA,Neds
Houston Rockets v Memphis Grizzlies,Houston Rockets,Memphis Grizzlies,Player Points,Tari Eason,Houston Rockets,Memphis Grizzlies,17.5,1.92,NA,Neds
Houston Rockets v Memphis Grizzlies,Houston Rockets,Memphis Grizzlies,Player Points,Lucas Williamson,NA,NA,17.5,2.85,NA,Neds
Houston Rockets v Memphis Grizzlies,Houston Rockets,Memphis Grizzlies,Player Points,Walter Clayton,NA,NA,17.5,1.92,NA,Neds
Toronto Raptors v Brooklyn Nets,Toronto Raptors,Brooklyn Nets,Player Points,Brandon Ingram,Toronto Raptors,Brooklyn Nets,25.5,3,NA,Neds
Toronto Raptors v Brooklyn Nets,Toronto Raptors,Brooklyn Nets,Player Points,Malachi Smith,NA,NA,25.5,8.25,NA,Neds
Toronto Raptors v Brooklyn Nets,Toronto Raptors,Brooklyn Nets,Player Points,Immanuel Quickley,Toronto Raptors,Brooklyn Nets,25.5,15,NA,Neds
Toronto Raptors v Brooklyn Nets,Toronto Raptors,Brooklyn Nets,Player Points,Ben Saraf,Brooklyn Nets,Toronto Raptors,25.5,16,NA,Neds
Toronto Raptors v Brooklyn Nets,Toronto Raptors,Brooklyn Nets,Player Points,R.J. Barrett,NA,NA,25.5,5,NA,Neds
Toronto Raptors v Brooklyn Nets,Toronto Raptors,Brooklyn Nets,Player Points,Scottie Barnes,Toronto Raptors,Brooklyn Nets,25.5,4.2,NA,Neds
Boston Celtics v Orlando Magic,Boston Celtics,Orlando Magic,Player Points,Desmond Bane,Orlando Magic,Boston Celtics,17.5,1.87,1.87,Neds
Portland Trail Blazers v Sacramento Kings,Portland Trail Blazers,Sacramento Kings,Player Points,Deni Avdija,Portland Trail Blazers,Sacramento Kings,21.5,1.3599999999999999,NA,Neds
Portland Trail Blazers v Sacramento Kings,Portland Trail Blazers,Sacramento Kings,Player Points,Devin Carter,Sacramento Kings,Portland Trail Blazers,21.5,3.45,NA,Neds
Portland Trail Blazers v Sacramento Kings,Portland Trail Blazers,Sacramento Kings,Player Points,Shaedon Sharpe,Portland Trail Blazers,Sacramento Kings,21.5,6.8,NA,Neds
Portland Trail Blazers v Sacramento Kings,Portland Trail Blazers,Sacramento Kings,Player Points,Precious Achiuwa,Sacramento Kings,Portland Trail Blazers,21.5,9.5,NA,Neds
Portland Trail Blazers v Sacramento Kings,Portland Trail Blazers,Sacramento Kings,Player Points,Donovan Clingan,Portland Trail Blazers,Sacramento Kings,21.5,9,NA,Neds
Portland Trail Blazers v Sacramento Kings,Portland Trail Blazers,Sacramento Kings,Player Points,Jrue Holiday,Portland Trail Blazers,Sacramento Kings,21.5,4.2,NA,Neds
Portland Trail Blazers v Sacramento Kings,Portland Trail Blazers,Sacramento Kings,Player Points,Daeqwon Plowden,Sacramento Kings,Portland Trail Blazers,21.5,4.6,NA,Neds
Portland Trail Blazers v Sacramento Kings,Portland Trail Blazers,Sacramento Kings,Player Points,Nique Clifford,Sacramento Kings,Portland Trail Blazers,21.5,3.2,NA,Neds
Portland Trail Blazers v Sacramento Kings,Portland Trail Blazers,Sacramento Kings,Player Points,Toumani Camara,Portland Trail Blazers,Sacramento Kings,21.5,5.4,NA,Neds
Portland Trail Blazers v Sacramento Kings,Portland Trail Blazers,Sacramento Kings,Player Points,Scoot Henderson,Portland Trail Blazers,Sacramento Kings,21.5,4.2,NA,Neds
Portland Trail Blazers v Sacramento Kings,Portland Trail Blazers,Sacramento Kings,Player Points,Maxime Raynaud,Sacramento Kings,Portland Trail Blazers,21.5,4.2,NA,Neds
Oklahoma City Thunder v Phoenix Suns,Oklahoma City Thunder,Phoenix Suns,Player Points,Kenrich Williams,Oklahoma City Thunder,Phoenix Suns,15.5,1.75,NA,Neds
Oklahoma City Thunder v Phoenix Suns,Oklahoma City Thunder,Phoenix Suns,Player Points,Jordan Goodwin,Phoenix Suns,Oklahoma City Thunder,15.5,4.1,NA,Neds
Oklahoma City Thunder v Phoenix Suns,Oklahoma City Thunder,Phoenix Suns,Player Points,Nikola Topic,NA,NA,15.5,1.75,NA,Neds
Oklahoma City Thunder v Phoenix Suns,Oklahoma City Thunder,Phoenix Suns,Player Points,Aaron Wiggins,Oklahoma City Thunder,Phoenix Suns,15.5,1.33,NA,Neds
Oklahoma City Thunder v Phoenix Suns,Oklahoma City Thunder,Phoenix Suns,Player Points,Jalen Green,Phoenix Suns,Oklahoma City Thunder,15.5,1.33,NA,Neds
Oklahoma City Thunder v Phoenix Suns,Oklahoma City Thunder,Phoenix Suns,Player Points,Jared McCain,Oklahoma City Thunder,Phoenix Suns,15.5,1.33,NA,Neds
Oklahoma City Thunder v Phoenix Suns,Oklahoma City Thunder,Phoenix Suns,Player Points,Mark Williams,Phoenix Suns,Oklahoma City Thunder,15.5,4.2,NA,Neds
Oklahoma City Thunder v Phoenix Suns,Oklahoma City Thunder,Phoenix Suns,Player Points,Collin Gillespie,Phoenix Suns,Oklahoma City Thunder,15.5,1.8199999999999998,NA,Neds
Minnesota Timberwolves v New Orleans Pelicans,Minnesota Timberwolves,New Orleans Pelicans,Player Points,Derik Queen,New Orleans Pelicans,Minnesota Timberwolves,25.5,4.2,NA,Neds
Minnesota Timberwolves v New Orleans Pelicans,Minnesota Timberwolves,New Orleans Pelicans,Player Points,Joan Beringer,Minnesota Timberwolves,New Orleans Pelicans,25.5,8.25,NA,Neds
Minnesota Timberwolves v New Orleans Pelicans,Minnesota Timberwolves,New Orleans Pelicans,Player Points,Jaylen Clark,Minnesota Timberwolves,New Orleans Pelicans,25.5,11.5,NA,Neds
Minnesota Timberwolves v New Orleans Pelicans,Minnesota Timberwolves,New Orleans Pelicans,Player Points,Terrence Shannon Jr.,Minnesota Timberwolves,New Orleans Pelicans,25.5,2.6,NA,Neds
Minnesota Timberwolves v New Orleans Pelicans,Minnesota Timberwolves,New Orleans Pelicans,Player Points,Jordan Poole,New Orleans Pelicans,Minnesota Timberwolves,25.5,3.5,NA,Neds
Minnesota Timberwolves v New Orleans Pelicans,Minnesota Timberwolves,New Orleans Pelicans,Player Points,Jeremiah Fears,New Orleans Pelicans,Minnesota Timberwolves,25.5,1.62,NA,Neds
Philadelphia 76ers v Milwaukee Bucks,Philadelphia 76ers,Milwaukee Bucks,Player Points,AJ Green,Milwaukee Bucks,Philadelphia 76ers,23.5,3.1,NA,Neds
Philadelphia 76ers v Milwaukee Bucks,Philadelphia 76ers,Milwaukee Bucks,Player Points,Kelly Oubre Jr.,Philadelphia 76ers,Milwaukee Bucks,23.5,8.5,NA,Neds
Philadelphia 76ers v Milwaukee Bucks,Philadelphia 76ers,Milwaukee Bucks,Player Points,Taurean Prince,Milwaukee Bucks,Philadelphia 76ers,23.5,8.5,NA,Neds
Philadelphia 76ers v Milwaukee Bucks,Philadelphia 76ers,Milwaukee Bucks,Player Points,Cormac Ryan,NA,NA,23.5,2.9,NA,Neds
Philadelphia 76ers v Milwaukee Bucks,Philadelphia 76ers,Milwaukee Bucks,Player Points,VJ Edgecombe,Philadelphia 76ers,Milwaukee Bucks,23.5,3.9,NA,Neds
Philadelphia 76ers v Milwaukee Bucks,Philadelphia 76ers,Milwaukee Bucks,Player Points,Tyrese Maxey,Philadelphia 76ers,Milwaukee Bucks,23.5,1.33,NA,Neds
Philadelphia 76ers v Milwaukee Bucks,Philadelphia 76ers,Milwaukee Bucks,Player Points,Paul George,Philadelphia 76ers,Milwaukee Bucks,23.5,2.9,NA,Neds
Philadelphia 76ers v Milwaukee Bucks,Philadelphia 76ers,Milwaukee Bucks,Player Points,Ousmane Dieng,Milwaukee Bucks,Philadelphia 76ers,23.5,3.1,NA,Neds
Boston Celtics v Orlando Magic,Boston Celtics,Orlando Magic,Player Points,Luka Garza,Boston Celtics,Orlando Magic,19.5,2.25,NA,Neds
Boston Celtics v Orlando Magic,Boston Celtics,Orlando Magic,Player Points,Franz Wagner,Orlando Magic,Boston Celtics,19.5,2.3,NA,Neds
Boston Celtics v Orlando Magic,Boston Celtics,Orlando Magic,Player Points,Baylor Scheierman,Boston Celtics,Orlando Magic,19.5,3.8,NA,Neds
Boston Celtics v Orlando Magic,Boston Celtics,Orlando Magic,Player Points,Ron Harper Jr.,Boston Celtics,Orlando Magic,19.5,4.5,NA,Neds
Boston Celtics v Orlando Magic,Boston Celtics,Orlando Magic,Player Points,Paolo Banchero,Orlando Magic,Boston Celtics,19.5,1.6800000000000002,NA,Neds
Boston Celtics v Orlando Magic,Boston Celtics,Orlando Magic,Player Points,Jalen Suggs,Orlando Magic,Boston Celtics,19.5,6.2,NA,Neds
Boston Celtics v Orlando Magic,Boston Celtics,Orlando Magic,Player Points,Anthony Black,Orlando Magic,Boston Celtics,19.5,13,NA,Neds
Boston Celtics v Orlando Magic,Boston Celtics,Orlando Magic,Player Points,Max Shulga,Boston Celtics,Orlando Magic,19.5,3.3,NA,Neds
Boston Celtics v Orlando Magic,Boston Celtics,Orlando Magic,Player Points,Desmond Bane,Orlando Magic,Boston Celtics,19.5,2.25,NA,Neds
Boston Celtics v Orlando Magic,Boston Celtics,Orlando Magic,Player Points,Wendell Carter Jr.,Orlando Magic,Boston Celtics,19.5,11.5,NA,Neds
Boston Celtics v Orlando Magic,Boston Celtics,Orlando Magic,Player Points,Paolo Banchero,Orlando Magic,Boston Celtics,20.5,1.88,1.85,Neds
Philadelphia 76ers v Milwaukee Bucks,Philadelphia 76ers,Milwaukee Bucks,Player Points,Adem Bona,Philadelphia 76ers,Milwaukee Bucks,9.5,3.6,NA,Neds
Philadelphia 76ers v Milwaukee Bucks,Philadelphia 76ers,Milwaukee Bucks,Player Points,Quentin Grimes,Philadelphia 76ers,Milwaukee Bucks,9.5,1.5,NA,Neds
Philadelphia 76ers v Milwaukee Bucks,Philadelphia 76ers,Milwaukee Bucks,Player Points,Ousmane Dieng,Milwaukee Bucks,Philadelphia 76ers,9.5,1.04,NA,Neds
Philadelphia 76ers v Milwaukee Bucks,Philadelphia 76ers,Milwaukee Bucks,Player Points,Kelly Oubre Jr.,Philadelphia 76ers,Milwaukee Bucks,9.5,1.22,NA,Neds
Philadelphia 76ers v Milwaukee Bucks,Philadelphia 76ers,Milwaukee Bucks,Player Points,VJ Edgecombe,Philadelphia 76ers,Milwaukee Bucks,9.5,1.07,NA,Neds
Philadelphia 76ers v Milwaukee Bucks,Philadelphia 76ers,Milwaukee Bucks,Player Points,Cormac Ryan,NA,NA,9.5,1.03,NA,Neds
Philadelphia 76ers v Milwaukee Bucks,Philadelphia 76ers,Milwaukee Bucks,Player Points,Paul George,Philadelphia 76ers,Milwaukee Bucks,9.5,1.03,NA,Neds
Philadelphia 76ers v Milwaukee Bucks,Philadelphia 76ers,Milwaukee Bucks,Player Points,Taurean Prince,Milwaukee Bucks,Philadelphia 76ers,9.5,1.22,NA,Neds
Philadelphia 76ers v Milwaukee Bucks,Philadelphia 76ers,Milwaukee Bucks,Player Points,AJ Green,Milwaukee Bucks,Philadelphia 76ers,9.5,1.04,NA,Neds
Philadelphia 76ers v Milwaukee Bucks,Philadelphia 76ers,Milwaukee Bucks,Player Points,Jericho Sims,Milwaukee Bucks,Philadelphia 76ers,9.5,1.8199999999999998,NA,Neds
Miami Heat v Atlanta Hawks,Miami Heat,Atlanta Hawks,Player Points,Andrew Wiggins,Miami Heat,Atlanta Hawks,9.5,1.04,NA,Neds
Miami Heat v Atlanta Hawks,Miami Heat,Atlanta Hawks,Player Points,Corey Kispert,Atlanta Hawks,Miami Heat,9.5,1.04,NA,Neds
Miami Heat v Atlanta Hawks,Miami Heat,Atlanta Hawks,Player Points,Tony Bradley,NA,NA,9.5,1.42,NA,Neds
Miami Heat v Atlanta Hawks,Miami Heat,Atlanta Hawks,Player Points,Davion Mitchell,Miami Heat,Atlanta Hawks,9.5,1.55,NA,Neds
Miami Heat v Atlanta Hawks,Miami Heat,Atlanta Hawks,Player Points,Zaccharie Risacher,Atlanta Hawks,Miami Heat,9.5,1.24,NA,Neds
Miami Heat v Atlanta Hawks,Miami Heat,Atlanta Hawks,Player Points,Buddy Hield,Atlanta Hawks,Miami Heat,9.5,1.06,NA,Neds
Miami Heat v Atlanta Hawks,Miami Heat,Atlanta Hawks,Player Points,Mouhamed Gueye,Atlanta Hawks,Miami Heat,9.5,1.95,NA,Neds
Miami Heat v Atlanta Hawks,Miami Heat,Atlanta Hawks,Player Points,Asa Newell,Atlanta Hawks,Miami Heat,9.5,1.42,NA,Neds
Miami Heat v Atlanta Hawks,Miami Heat,Atlanta Hawks,Player Points,Norman Powell,Miami Heat,Atlanta Hawks,9.5,1.06,NA,Neds
Miami Heat v Atlanta Hawks,Miami Heat,Atlanta Hawks,Player Points,Kel'el Ware,Miami Heat,Atlanta Hawks,9.5,1.42,NA,Neds
Miami Heat v Atlanta Hawks,Miami Heat,Atlanta Hawks,Player Points,Keaton Wallace,Atlanta Hawks,Miami Heat,9.5,1.42,NA,Neds
San Antonio Spurs v Denver Nuggets,San Antonio Spurs,Denver Nuggets,Player Points,Victor Wembanyama,San Antonio Spurs,Denver Nuggets,34.5,5,NA,Neds
San Antonio Spurs v Denver Nuggets,San Antonio Spurs,Denver Nuggets,Player Points,Stephon Castle,San Antonio Spurs,Denver Nuggets,34.5,21,NA,Neds
San Antonio Spurs v Denver Nuggets,San Antonio Spurs,Denver Nuggets,Player Points,Nikola Joki<c4><87>,NA,NA,34.5,21,NA,Neds
Los Angeles Lakers v Utah Jazz,Los Angeles Lakers,Utah Jazz,Player Points,Jake LaRavia,Los Angeles Lakers,Utah Jazz,9.5,1.48,NA,Neds
Los Angeles Lakers v Utah Jazz,Los Angeles Lakers,Utah Jazz,Player Points,Deandre Ayton,Los Angeles Lakers,Utah Jazz,9.5,1.16,NA,Neds
Los Angeles Lakers v Utah Jazz,Los Angeles Lakers,Utah Jazz,Player Points,Ace Bailey,Utah Jazz,Los Angeles Lakers,9.5,1.04,NA,Neds
Los Angeles Lakers v Utah Jazz,Los Angeles Lakers,Utah Jazz,Player Points,Oscar Tshiebwe,Utah Jazz,Los Angeles Lakers,9.5,1.62,NA,Neds
Los Angeles Lakers v Utah Jazz,Los Angeles Lakers,Utah Jazz,Player Points,Luke Kennard,Los Angeles Lakers,Utah Jazz,9.5,1.16,NA,Neds
Los Angeles Lakers v Utah Jazz,Los Angeles Lakers,Utah Jazz,Player Points,Rui Hachimura,Los Angeles Lakers,Utah Jazz,9.5,1.2,NA,Neds
Los Angeles Lakers v Utah Jazz,Los Angeles Lakers,Utah Jazz,Player Points,Cody Williams,Utah Jazz,Los Angeles Lakers,9.5,1.16,NA,Neds
Los Angeles Lakers v Utah Jazz,Los Angeles Lakers,Utah Jazz,Player Points,Kennedy Chandler,NA,NA,9.5,1.1,NA,Neds
Los Angeles Clippers v Golden State Warriors,Los Angeles Clippers,Golden State Warriors,Player Points,Stephen Curry,Golden State Warriors,Los Angeles Clippers,29.5,2.9,NA,Neds
Los Angeles Clippers v Golden State Warriors,Los Angeles Clippers,Golden State Warriors,Player Points,Darius Garland,Los Angeles Clippers,Golden State Warriors,29.5,7.75,NA,Neds
Dallas Mavericks v Chicago Bulls,Dallas Mavericks,Chicago Bulls,Player Points,Max Christie,Dallas Mavericks,Chicago Bulls,24.5,10.5,NA,Neds
Dallas Mavericks v Chicago Bulls,Dallas Mavericks,Chicago Bulls,Player Points,Collin Sexton,Chicago Bulls,Dallas Mavericks,24.5,1.98,NA,Neds
Dallas Mavericks v Chicago Bulls,Dallas Mavericks,Chicago Bulls,Player Points,Klay Thompson,Dallas Mavericks,Chicago Bulls,24.5,13,NA,Neds
Dallas Mavericks v Chicago Bulls,Dallas Mavericks,Chicago Bulls,Player Points,Cooper Flagg,Dallas Mavericks,Chicago Bulls,24.5,1.09,NA,Neds
Dallas Mavericks v Chicago Bulls,Dallas Mavericks,Chicago Bulls,Player Points,Leonard Miller,Chicago Bulls,Dallas Mavericks,24.5,6,NA,Neds
Dallas Mavericks v Chicago Bulls,Dallas Mavericks,Chicago Bulls,Player Points,Rob Dillingham,Chicago Bulls,Dallas Mavericks,24.5,10.5,NA,Neds
Dallas Mavericks v Chicago Bulls,Dallas Mavericks,Chicago Bulls,Player Points,Tre Jones,Chicago Bulls,Dallas Mavericks,24.5,2.95,NA,Neds
Boston Celtics v Orlando Magic,Boston Celtics,Orlando Magic,Player Points,Luka Garza,Boston Celtics,Orlando Magic,29.5,14,NA,Neds
Boston Celtics v Orlando Magic,Boston Celtics,Orlando Magic,Player Points,Franz Wagner,Orlando Magic,Boston Celtics,29.5,15,NA,Neds
Boston Celtics v Orlando Magic,Boston Celtics,Orlando Magic,Player Points,Paolo Banchero,Orlando Magic,Boston Celtics,29.5,6.4,NA,Neds
Boston Celtics v Orlando Magic,Boston Celtics,Orlando Magic,Player Points,Desmond Bane,Orlando Magic,Boston Celtics,29.5,14,NA,Neds
Boston Celtics v Orlando Magic,Boston Celtics,Orlando Magic,Player Points,Ron Harper Jr.,Boston Celtics,Orlando Magic,25.5,19,NA,Neds
Boston Celtics v Orlando Magic,Boston Celtics,Orlando Magic,Player Points,Paolo Banchero,Orlando Magic,Boston Celtics,25.5,3.3,NA,Neds
Boston Celtics v Orlando Magic,Boston Celtics,Orlando Magic,Player Points,Franz Wagner,Orlando Magic,Boston Celtics,25.5,6,NA,Neds
Boston Celtics v Orlando Magic,Boston Celtics,Orlando Magic,Player Points,Max Shulga,Boston Celtics,Orlando Magic,25.5,11.5,NA,Neds
Boston Celtics v Orlando Magic,Boston Celtics,Orlando Magic,Player Points,Desmond Bane,Orlando Magic,Boston Celtics,25.5,5.75,NA,Neds
Boston Celtics v Orlando Magic,Boston Celtics,Orlando Magic,Player Points,Luka Garza,Boston Celtics,Orlando Magic,25.5,5.75,NA,Neds
Boston Celtics v Orlando Magic,Boston Celtics,Orlando Magic,Player Points,Baylor Scheierman,Boston Celtics,Orlando Magic,25.5,15,NA,Neds
Los Angeles Clippers v Golden State Warriors,Los Angeles Clippers,Golden State Warriors,Player Points,Stephen Curry,Golden State Warriors,Los Angeles Clippers,17.5,1.15,NA,Neds
Los Angeles Clippers v Golden State Warriors,Los Angeles Clippers,Golden State Warriors,Player Points,Brandin Podziemski,Golden State Warriors,Los Angeles Clippers,17.5,5.75,NA,Neds
Los Angeles Clippers v Golden State Warriors,Los Angeles Clippers,Golden State Warriors,Player Points,Derrick Jones Jr.,Los Angeles Clippers,Golden State Warriors,17.5,7.5,NA,Neds
Los Angeles Clippers v Golden State Warriors,Los Angeles Clippers,Golden State Warriors,Player Points,Brook Lopez,Los Angeles Clippers,Golden State Warriors,17.5,3.1,NA,Neds
Los Angeles Clippers v Golden State Warriors,Los Angeles Clippers,Golden State Warriors,Player Points,Darius Garland,Los Angeles Clippers,Golden State Warriors,17.5,1.53,NA,Neds
Los Angeles Clippers v Golden State Warriors,Los Angeles Clippers,Golden State Warriors,Player Points,Kristaps Porzi<c5><86><c4><a3>is,NA,NA,17.5,4.25,NA,Neds
Los Angeles Clippers v Golden State Warriors,Los Angeles Clippers,Golden State Warriors,Player Points,De'Anthony Melton,Golden State Warriors,Los Angeles Clippers,17.5,8,NA,Neds
Los Angeles Clippers v Golden State Warriors,Los Angeles Clippers,Golden State Warriors,Player Points,Gui Santos,Golden State Warriors,Los Angeles Clippers,17.5,8,NA,Neds
Los Angeles Clippers v Golden State Warriors,Los Angeles Clippers,Golden State Warriors,Player Points,Stephen Curry,Golden State Warriors,Los Angeles Clippers,14.5,1.04,NA,Neds
Los Angeles Clippers v Golden State Warriors,Los Angeles Clippers,Golden State Warriors,Player Points,Brook Lopez,Los Angeles Clippers,Golden State Warriors,14.5,2.02,NA,Neds
Los Angeles Clippers v Golden State Warriors,Los Angeles Clippers,Golden State Warriors,Player Points,Darius Garland,Los Angeles Clippers,Golden State Warriors,14.5,1.25,NA,Neds
Los Angeles Clippers v Golden State Warriors,Los Angeles Clippers,Golden State Warriors,Player Points,De'Anthony Melton,Golden State Warriors,Los Angeles Clippers,14.5,3.9,NA,Neds
Los Angeles Clippers v Golden State Warriors,Los Angeles Clippers,Golden State Warriors,Player Points,Brandin Podziemski,Golden State Warriors,Los Angeles Clippers,14.5,3.05,NA,Neds
Los Angeles Clippers v Golden State Warriors,Los Angeles Clippers,Golden State Warriors,Player Points,Gui Santos,Golden State Warriors,Los Angeles Clippers,14.5,3.9,NA,Neds
Los Angeles Clippers v Golden State Warriors,Los Angeles Clippers,Golden State Warriors,Player Points,Kristaps Porzi<c5><86><c4><a3>is,NA,NA,14.5,2.55,NA,Neds
Los Angeles Clippers v Golden State Warriors,Los Angeles Clippers,Golden State Warriors,Player Points,Derrick Jones Jr.,Los Angeles Clippers,Golden State Warriors,14.5,3.7,NA,Neds
Los Angeles Clippers v Golden State Warriors,Los Angeles Clippers,Golden State Warriors,Player Points,Stephen Curry,Golden State Warriors,Los Angeles Clippers,39.5,16,NA,Neds
Portland Trail Blazers v Sacramento Kings,Portland Trail Blazers,Sacramento Kings,Player Points,Precious Achiuwa,Sacramento Kings,Portland Trail Blazers,14.5,2.35,NA,Neds
Portland Trail Blazers v Sacramento Kings,Portland Trail Blazers,Sacramento Kings,Player Points,Jrue Holiday,Portland Trail Blazers,Sacramento Kings,14.5,1.6400000000000001,NA,Neds
Portland Trail Blazers v Sacramento Kings,Portland Trail Blazers,Sacramento Kings,Player Points,Devin Carter,Sacramento Kings,Portland Trail Blazers,14.5,1.52,NA,Neds
Portland Trail Blazers v Sacramento Kings,Portland Trail Blazers,Sacramento Kings,Player Points,Deni Avdija,Portland Trail Blazers,Sacramento Kings,14.5,1.03,NA,Neds
Portland Trail Blazers v Sacramento Kings,Portland Trail Blazers,Sacramento Kings,Player Points,Maxime Raynaud,Sacramento Kings,Portland Trail Blazers,14.5,1.6400000000000001,NA,Neds
Portland Trail Blazers v Sacramento Kings,Portland Trail Blazers,Sacramento Kings,Player Points,Donovan Clingan,Portland Trail Blazers,Sacramento Kings,14.5,2.3,NA,Neds
Portland Trail Blazers v Sacramento Kings,Portland Trail Blazers,Sacramento Kings,Player Points,Nique Clifford,Sacramento Kings,Portland Trail Blazers,14.5,1.46,NA,Neds
Portland Trail Blazers v Sacramento Kings,Portland Trail Blazers,Sacramento Kings,Player Points,Shaedon Sharpe,Portland Trail Blazers,Sacramento Kings,14.5,2.05,NA,Neds
Portland Trail Blazers v Sacramento Kings,Portland Trail Blazers,Sacramento Kings,Player Points,Scoot Henderson,Portland Trail Blazers,Sacramento Kings,14.5,1.6400000000000001,NA,Neds
Portland Trail Blazers v Sacramento Kings,Portland Trail Blazers,Sacramento Kings,Player Points,Toumani Camara,Portland Trail Blazers,Sacramento Kings,14.5,1.83,NA,Neds
Portland Trail Blazers v Sacramento Kings,Portland Trail Blazers,Sacramento Kings,Player Points,Daeqwon Plowden,Sacramento Kings,Portland Trail Blazers,14.5,1.73,NA,Neds
Portland Trail Blazers v Sacramento Kings,Portland Trail Blazers,Sacramento Kings,Player Points,Killian Hayes,NA,NA,14.5,5.2,NA,Neds
Philadelphia 76ers v Milwaukee Bucks,Philadelphia 76ers,Milwaukee Bucks,Player Points,Tyrese Maxey,Philadelphia 76ers,Milwaukee Bucks,28.5,1.9,1.85,Neds
Toronto Raptors v Brooklyn Nets,Toronto Raptors,Brooklyn Nets,Player Points,Malachi Smith,NA,NA,23.5,5.5,NA,Neds
Toronto Raptors v Brooklyn Nets,Toronto Raptors,Brooklyn Nets,Player Points,R.J. Barrett,NA,NA,23.5,3.6,NA,Neds
Toronto Raptors v Brooklyn Nets,Toronto Raptors,Brooklyn Nets,Player Points,Brandon Ingram,Toronto Raptors,Brooklyn Nets,23.5,2.35,NA,Neds
Toronto Raptors v Brooklyn Nets,Toronto Raptors,Brooklyn Nets,Player Points,Scottie Barnes,Toronto Raptors,Brooklyn Nets,23.5,3.1,NA,Neds
Toronto Raptors v Brooklyn Nets,Toronto Raptors,Brooklyn Nets,Player Points,Ben Saraf,Brooklyn Nets,Toronto Raptors,23.5,9.5,NA,Neds
Toronto Raptors v Brooklyn Nets,Toronto Raptors,Brooklyn Nets,Player Points,Immanuel Quickley,Toronto Raptors,Brooklyn Nets,23.5,9,NA,Neds
Toronto Raptors v Brooklyn Nets,Toronto Raptors,Brooklyn Nets,Player Points,Malachi Smith,NA,NA,24.5,6.75,NA,Neds
Toronto Raptors v Brooklyn Nets,Toronto Raptors,Brooklyn Nets,Player Points,Immanuel Quickley,Toronto Raptors,Brooklyn Nets,24.5,11.5,NA,Neds
Toronto Raptors v Brooklyn Nets,Toronto Raptors,Brooklyn Nets,Player Points,Scottie Barnes,Toronto Raptors,Brooklyn Nets,24.5,3.6,NA,Neds
Toronto Raptors v Brooklyn Nets,Toronto Raptors,Brooklyn Nets,Player Points,R.J. Barrett,NA,NA,24.5,4.25,NA,Neds
Toronto Raptors v Brooklyn Nets,Toronto Raptors,Brooklyn Nets,Player Points,Brandon Ingram,Toronto Raptors,Brooklyn Nets,24.5,2.65,NA,Neds
Toronto Raptors v Brooklyn Nets,Toronto Raptors,Brooklyn Nets,Player Points,Ben Saraf,Brooklyn Nets,Toronto Raptors,24.5,12.5,NA,Neds
Philadelphia 76ers v Milwaukee Bucks,Philadelphia 76ers,Milwaukee Bucks,Player Points,AJ Green,Milwaukee Bucks,Philadelphia 76ers,17.5,1.6,NA,Neds
Philadelphia 76ers v Milwaukee Bucks,Philadelphia 76ers,Milwaukee Bucks,Player Points,VJ Edgecombe,Philadelphia 76ers,Milwaukee Bucks,17.5,1.8,1.88,Neds
Philadelphia 76ers v Milwaukee Bucks,Philadelphia 76ers,Milwaukee Bucks,Player Points,Taurean Prince,Milwaukee Bucks,Philadelphia 76ers,17.5,2.7,NA,Neds
Philadelphia 76ers v Milwaukee Bucks,Philadelphia 76ers,Milwaukee Bucks,Player Points,Tyrese Maxey,Philadelphia 76ers,Milwaukee Bucks,17.5,1.05,NA,Neds
Philadelphia 76ers v Milwaukee Bucks,Philadelphia 76ers,Milwaukee Bucks,Player Points,Quentin Grimes,Philadelphia 76ers,Milwaukee Bucks,17.5,5.2,NA,Neds
Philadelphia 76ers v Milwaukee Bucks,Philadelphia 76ers,Milwaukee Bucks,Player Points,Jericho Sims,Milwaukee Bucks,Philadelphia 76ers,17.5,9.75,NA,Neds
Philadelphia 76ers v Milwaukee Bucks,Philadelphia 76ers,Milwaukee Bucks,Player Points,Cormac Ryan,NA,NA,17.5,1.55,NA,Neds
Philadelphia 76ers v Milwaukee Bucks,Philadelphia 76ers,Milwaukee Bucks,Player Points,Ousmane Dieng,Milwaukee Bucks,Philadelphia 76ers,17.5,1.6,NA,Neds
Philadelphia 76ers v Milwaukee Bucks,Philadelphia 76ers,Milwaukee Bucks,Player Points,Kelly Oubre Jr.,Philadelphia 76ers,Milwaukee Bucks,17.5,2.7,NA,Neds
Philadelphia 76ers v Milwaukee Bucks,Philadelphia 76ers,Milwaukee Bucks,Player Points,Paul George,Philadelphia 76ers,Milwaukee Bucks,17.5,1.55,NA,Neds
Dallas Mavericks v Chicago Bulls,Dallas Mavericks,Chicago Bulls,Player Points,Cooper Flagg,Dallas Mavericks,Chicago Bulls,23.5,1.06,NA,Neds
Dallas Mavericks v Chicago Bulls,Dallas Mavericks,Chicago Bulls,Player Points,Tre Jones,Chicago Bulls,Dallas Mavericks,23.5,2.6,NA,Neds
Dallas Mavericks v Chicago Bulls,Dallas Mavericks,Chicago Bulls,Player Points,Max Christie,Dallas Mavericks,Chicago Bulls,23.5,8.25,NA,Neds
Dallas Mavericks v Chicago Bulls,Dallas Mavericks,Chicago Bulls,Player Points,Patrick Williams,Chicago Bulls,Dallas Mavericks,23.5,11.5,NA,Neds
Dallas Mavericks v Chicago Bulls,Dallas Mavericks,Chicago Bulls,Player Points,Leonard Miller,Chicago Bulls,Dallas Mavericks,23.5,4.8,NA,Neds
Dallas Mavericks v Chicago Bulls,Dallas Mavericks,Chicago Bulls,Player Points,Collin Sexton,Chicago Bulls,Dallas Mavericks,23.5,1.8199999999999998,NA,Neds
Dallas Mavericks v Chicago Bulls,Dallas Mavericks,Chicago Bulls,Player Points,Klay Thompson,Dallas Mavericks,Chicago Bulls,23.5,10.5,NA,Neds
Dallas Mavericks v Chicago Bulls,Dallas Mavericks,Chicago Bulls,Player Points,Rob Dillingham,Chicago Bulls,Dallas Mavericks,23.5,8.25,NA,Neds
Houston Rockets v Memphis Grizzlies,Houston Rockets,Memphis Grizzlies,Player Points,Lucas Williamson,NA,NA,19.5,4,NA,Neds
Houston Rockets v Memphis Grizzlies,Houston Rockets,Memphis Grizzlies,Player Points,Dariq Whitehead,NA,NA,19.5,6.75,NA,Neds
Houston Rockets v Memphis Grizzlies,Houston Rockets,Memphis Grizzlies,Player Points,Aaron Holiday,Houston Rockets,Memphis Grizzlies,19.5,2.1,NA,Neds
Houston Rockets v Memphis Grizzlies,Houston Rockets,Memphis Grizzlies,Player Points,Tari Eason,Houston Rockets,Memphis Grizzlies,19.5,2.4,NA,Neds
Houston Rockets v Memphis Grizzlies,Houston Rockets,Memphis Grizzlies,Player Points,Reed Sheppard,Houston Rockets,Memphis Grizzlies,19.5,1.73,NA,Neds
Houston Rockets v Memphis Grizzlies,Houston Rockets,Memphis Grizzlies,Player Points,Walter Clayton,NA,NA,19.5,2.4,NA,Neds
Philadelphia 76ers v Milwaukee Bucks,Philadelphia 76ers,Milwaukee Bucks,Player Points,Paul George,Philadelphia 76ers,Milwaukee Bucks,34.5,26,NA,Neds
Philadelphia 76ers v Milwaukee Bucks,Philadelphia 76ers,Milwaukee Bucks,Player Points,Tyrese Maxey,Philadelphia 76ers,Milwaukee Bucks,34.5,3.4,NA,Neds
Philadelphia 76ers v Milwaukee Bucks,Philadelphia 76ers,Milwaukee Bucks,Player Points,Cormac Ryan,NA,NA,34.5,26,NA,Neds
San Antonio Spurs v Denver Nuggets,San Antonio Spurs,Denver Nuggets,Player Points,Julian Strawther,Denver Nuggets,San Antonio Spurs,17.5,1.6,NA,Neds
San Antonio Spurs v Denver Nuggets,San Antonio Spurs,Denver Nuggets,Player Points,Victor Wembanyama,San Antonio Spurs,Denver Nuggets,17.5,1.11,NA,Neds
San Antonio Spurs v Denver Nuggets,San Antonio Spurs,Denver Nuggets,Player Points,Julian Champagnie,San Antonio Spurs,Denver Nuggets,17.5,4.1,NA,Neds
San Antonio Spurs v Denver Nuggets,San Antonio Spurs,Denver Nuggets,Player Points,Stephon Castle,San Antonio Spurs,Denver Nuggets,17.5,1.48,NA,Neds
San Antonio Spurs v Denver Nuggets,San Antonio Spurs,Denver Nuggets,Player Points,Bruce Brown,Denver Nuggets,San Antonio Spurs,17.5,7.25,NA,Neds
San Antonio Spurs v Denver Nuggets,San Antonio Spurs,Denver Nuggets,Player Points,Devin Vassell,San Antonio Spurs,Denver Nuggets,17.5,2.35,NA,Neds
San Antonio Spurs v Denver Nuggets,San Antonio Spurs,Denver Nuggets,Player Points,De'Aaron Fox,San Antonio Spurs,Denver Nuggets,17.5,1.6,NA,Neds
San Antonio Spurs v Denver Nuggets,San Antonio Spurs,Denver Nuggets,Player Points,Nikola Joki<c4><87>,NA,NA,17.5,1.48,NA,Neds
Indiana Pacers v Detroit Pistons,Indiana Pacers,Detroit Pistons,Player Points,Ausar Thompson,Detroit Pistons,Indiana Pacers,19.5,11.5,NA,Neds
Indiana Pacers v Detroit Pistons,Indiana Pacers,Detroit Pistons,Player Points,Cade Cunningham,Detroit Pistons,Indiana Pacers,19.5,1.9100000000000001,NA,Neds
Indiana Pacers v Detroit Pistons,Indiana Pacers,Detroit Pistons,Player Points,Ethan Thompson,Indiana Pacers,Detroit Pistons,19.5,3.3,NA,Neds
Indiana Pacers v Detroit Pistons,Indiana Pacers,Detroit Pistons,Player Points,Micah Potter,Indiana Pacers,Detroit Pistons,19.5,2.8,NA,Neds
Indiana Pacers v Detroit Pistons,Indiana Pacers,Detroit Pistons,Player Points,Quenton Jackson,Indiana Pacers,Detroit Pistons,19.5,2.4,NA,Neds
Indiana Pacers v Detroit Pistons,Indiana Pacers,Detroit Pistons,Player Points,Tobias Harris,Detroit Pistons,Indiana Pacers,19.5,9.5,NA,Neds
Indiana Pacers v Detroit Pistons,Indiana Pacers,Detroit Pistons,Player Points,Duncan Robinson,Detroit Pistons,Indiana Pacers,19.5,4,NA,Neds
Houston Rockets v Memphis Grizzlies,Houston Rockets,Memphis Grizzlies,Player Points,Reed Sheppard,Houston Rockets,Memphis Grizzlies,13.5,1.17,NA,Neds
Houston Rockets v Memphis Grizzlies,Houston Rockets,Memphis Grizzlies,Player Points,Walter Clayton,NA,NA,13.5,1.3599999999999999,NA,Neds
Houston Rockets v Memphis Grizzlies,Houston Rockets,Memphis Grizzlies,Player Points,Lucas Williamson,NA,NA,13.5,1.73,NA,Neds
Houston Rockets v Memphis Grizzlies,Houston Rockets,Memphis Grizzlies,Player Points,Dariq Whitehead,NA,NA,13.5,2.2,NA,Neds
Houston Rockets v Memphis Grizzlies,Houston Rockets,Memphis Grizzlies,Player Points,Tari Eason,Houston Rockets,Memphis Grizzlies,13.5,1.3599999999999999,NA,Neds
Houston Rockets v Memphis Grizzlies,Houston Rockets,Memphis Grizzlies,Player Points,Aaron Holiday,Houston Rockets,Memphis Grizzlies,13.5,1.28,NA,Neds
Dallas Mavericks v Chicago Bulls,Dallas Mavericks,Chicago Bulls,Player Points,Collin Sexton,Chicago Bulls,Dallas Mavericks,19.5,1.3599999999999999,NA,Neds
Dallas Mavericks v Chicago Bulls,Dallas Mavericks,Chicago Bulls,Player Points,Leonard Miller,Chicago Bulls,Dallas Mavericks,19.5,2.6,NA,Neds
Dallas Mavericks v Chicago Bulls,Dallas Mavericks,Chicago Bulls,Player Points,Rob Dillingham,Chicago Bulls,Dallas Mavericks,19.5,3.6,NA,Neds
Dallas Mavericks v Chicago Bulls,Dallas Mavericks,Chicago Bulls,Player Points,Patrick Williams,Chicago Bulls,Dallas Mavericks,19.5,4.5,NA,Neds
Dallas Mavericks v Chicago Bulls,Dallas Mavericks,Chicago Bulls,Player Points,Max Christie,Dallas Mavericks,Chicago Bulls,19.5,3.6,NA,Neds
Dallas Mavericks v Chicago Bulls,Dallas Mavericks,Chicago Bulls,Player Points,Klay Thompson,Dallas Mavericks,Chicago Bulls,19.5,4.25,NA,Neds
Dallas Mavericks v Chicago Bulls,Dallas Mavericks,Chicago Bulls,Player Points,Tre Jones,Chicago Bulls,Dallas Mavericks,19.5,1.7,NA,Neds
Dallas Mavericks v Chicago Bulls,Dallas Mavericks,Chicago Bulls,Player Points,Ryan Nembhard,Dallas Mavericks,Chicago Bulls,19.5,8,NA,Neds
Toronto Raptors v Brooklyn Nets,Toronto Raptors,Brooklyn Nets,Player Points,Scottie Barnes,Toronto Raptors,Brooklyn Nets,21.5,2.35,NA,Neds
Toronto Raptors v Brooklyn Nets,Toronto Raptors,Brooklyn Nets,Player Points,Malachi Smith,NA,NA,21.5,3.8,NA,Neds
Toronto Raptors v Brooklyn Nets,Toronto Raptors,Brooklyn Nets,Player Points,Immanuel Quickley,Toronto Raptors,Brooklyn Nets,21.5,5.75,NA,Neds
Toronto Raptors v Brooklyn Nets,Toronto Raptors,Brooklyn Nets,Player Points,Ben Saraf,Brooklyn Nets,Toronto Raptors,21.5,6,NA,Neds
Toronto Raptors v Brooklyn Nets,Toronto Raptors,Brooklyn Nets,Player Points,Brandon Ingram,Toronto Raptors,Brooklyn Nets,21.5,1.9100000000000001,NA,Neds
Toronto Raptors v Brooklyn Nets,Toronto Raptors,Brooklyn Nets,Player Points,R.J. Barrett,NA,NA,21.5,2.7,NA,Neds
Toronto Raptors v Brooklyn Nets,Toronto Raptors,Brooklyn Nets,Player Points,E.J. Liddell,Brooklyn Nets,Toronto Raptors,21.5,11.5,NA,Neds
Toronto Raptors v Brooklyn Nets,Toronto Raptors,Brooklyn Nets,Player Points,Trevon Scott,NA,NA,15.5,4.8,NA,Neds
Toronto Raptors v Brooklyn Nets,Toronto Raptors,Brooklyn Nets,Player Points,Scottie Barnes,Toronto Raptors,Brooklyn Nets,15.5,1.3599999999999999,NA,Neds
Toronto Raptors v Brooklyn Nets,Toronto Raptors,Brooklyn Nets,Player Points,Drake Powell,Brooklyn Nets,Toronto Raptors,15.5,6.75,NA,Neds
Toronto Raptors v Brooklyn Nets,Toronto Raptors,Brooklyn Nets,Player Points,Ben Saraf,Brooklyn Nets,Toronto Raptors,15.5,2.15,NA,Neds
Toronto Raptors v Brooklyn Nets,Toronto Raptors,Brooklyn Nets,Player Points,R.J. Barrett,NA,NA,15.5,1.46,NA,Neds
Toronto Raptors v Brooklyn Nets,Toronto Raptors,Brooklyn Nets,Player Points,Malachi Smith,NA,NA,15.5,1.73,NA,Neds
Toronto Raptors v Brooklyn Nets,Toronto Raptors,Brooklyn Nets,Player Points,E.J. Liddell,Brooklyn Nets,Toronto Raptors,15.5,3,NA,Neds
Toronto Raptors v Brooklyn Nets,Toronto Raptors,Brooklyn Nets,Player Points,Jakob Poeltl,Toronto Raptors,Brooklyn Nets,15.5,3.7,NA,Neds
Toronto Raptors v Brooklyn Nets,Toronto Raptors,Brooklyn Nets,Player Points,Immanuel Quickley,Toronto Raptors,Brooklyn Nets,15.5,2.15,NA,Neds
Toronto Raptors v Brooklyn Nets,Toronto Raptors,Brooklyn Nets,Player Points,Brandon Ingram,Toronto Raptors,Brooklyn Nets,15.5,1.24,NA,Neds
Miami Heat v Atlanta Hawks,Miami Heat,Atlanta Hawks,Player Points,Zaccharie Risacher,Atlanta Hawks,Miami Heat,24.5,12.5,NA,Neds
Miami Heat v Atlanta Hawks,Miami Heat,Atlanta Hawks,Player Points,Norman Powell,Miami Heat,Atlanta Hawks,24.5,4.25,NA,Neds
Miami Heat v Atlanta Hawks,Miami Heat,Atlanta Hawks,Player Points,Andrew Wiggins,Miami Heat,Atlanta Hawks,24.5,3.6,NA,Neds
Miami Heat v Atlanta Hawks,Miami Heat,Atlanta Hawks,Player Points,Tyler Herro,Miami Heat,Atlanta Hawks,24.5,1.9,NA,Neds
Miami Heat v Atlanta Hawks,Miami Heat,Atlanta Hawks,Player Points,Buddy Hield,Atlanta Hawks,Miami Heat,24.5,4.25,NA,Neds
Miami Heat v Atlanta Hawks,Miami Heat,Atlanta Hawks,Player Points,Corey Kispert,Atlanta Hawks,Miami Heat,24.5,3.6,NA,Neds
Miami Heat v Atlanta Hawks,Miami Heat,Atlanta Hawks,Player Points,Bam Adebayo,Miami Heat,Atlanta Hawks,24.5,1.9,NA,Neds
Houston Rockets v Memphis Grizzlies,Houston Rockets,Memphis Grizzlies,Player Points,Lucas Williamson,NA,NA,25.5,16,NA,Neds
Houston Rockets v Memphis Grizzlies,Houston Rockets,Memphis Grizzlies,Player Points,Reed Sheppard,Houston Rockets,Memphis Grizzlies,25.5,3.5,NA,Neds
Houston Rockets v Memphis Grizzlies,Houston Rockets,Memphis Grizzlies,Player Points,Walter Clayton,NA,NA,25.5,6.4,NA,Neds
Houston Rockets v Memphis Grizzlies,Houston Rockets,Memphis Grizzlies,Player Points,Aaron Holiday,Houston Rockets,Memphis Grizzlies,25.5,5,NA,Neds
Houston Rockets v Memphis Grizzlies,Houston Rockets,Memphis Grizzlies,Player Points,Tari Eason,Houston Rockets,Memphis Grizzlies,25.5,6.4,NA,Neds
New York Knicks v Charlotte Hornets,New York Knicks,Charlotte Hornets,Player Points,Jordan Clarkson,New York Knicks,Charlotte Hornets,19.5,3.3,NA,Neds
New York Knicks v Charlotte Hornets,New York Knicks,Charlotte Hornets,Player Points,Mohamed Diawara,New York Knicks,Charlotte Hornets,19.5,4,NA,Neds
New York Knicks v Charlotte Hornets,New York Knicks,Charlotte Hornets,Player Points,Kon Knueppel,Charlotte Hornets,New York Knicks,19.5,1.5,NA,Neds
New York Knicks v Charlotte Hornets,New York Knicks,Charlotte Hornets,Player Points,Jose Alvarado,New York Knicks,Charlotte Hornets,19.5,4,NA,Neds
New York Knicks v Charlotte Hornets,New York Knicks,Charlotte Hornets,Player Points,Miles McBride,New York Knicks,Charlotte Hornets,19.5,5,NA,Neds
New York Knicks v Charlotte Hornets,New York Knicks,Charlotte Hornets,Player Points,Miles Bridges,Charlotte Hornets,New York Knicks,19.5,4,NA,Neds
New York Knicks v Charlotte Hornets,New York Knicks,Charlotte Hornets,Player Points,LaMelo Ball,Charlotte Hornets,New York Knicks,19.5,1.5,NA,Neds
New York Knicks v Charlotte Hornets,New York Knicks,Charlotte Hornets,Player Points,Brandon Miller,Charlotte Hornets,New York Knicks,19.5,1.73,NA,Neds
Dallas Mavericks v Chicago Bulls,Dallas Mavericks,Chicago Bulls,Player Points,Patrick Williams,Chicago Bulls,Dallas Mavericks,21.5,6.8,NA,Neds
Dallas Mavericks v Chicago Bulls,Dallas Mavericks,Chicago Bulls,Player Points,Ryan Nembhard,Dallas Mavericks,Chicago Bulls,21.5,14,NA,Neds
Dallas Mavericks v Chicago Bulls,Dallas Mavericks,Chicago Bulls,Player Points,Cooper Flagg,Dallas Mavericks,Chicago Bulls,21.5,1.02,NA,Neds
Dallas Mavericks v Chicago Bulls,Dallas Mavericks,Chicago Bulls,Player Points,Collin Sexton,Chicago Bulls,Dallas Mavericks,21.5,1.55,NA,Neds
Dallas Mavericks v Chicago Bulls,Dallas Mavericks,Chicago Bulls,Player Points,Rob Dillingham,Chicago Bulls,Dallas Mavericks,21.5,5.25,NA,Neds
Dallas Mavericks v Chicago Bulls,Dallas Mavericks,Chicago Bulls,Player Points,Klay Thompson,Dallas Mavericks,Chicago Bulls,21.5,6.4,NA,Neds
Dallas Mavericks v Chicago Bulls,Dallas Mavericks,Chicago Bulls,Player Points,Max Christie,Dallas Mavericks,Chicago Bulls,21.5,5.25,NA,Neds
Dallas Mavericks v Chicago Bulls,Dallas Mavericks,Chicago Bulls,Player Points,Leonard Miller,Chicago Bulls,Dallas Mavericks,21.5,3.45,NA,Neds
Dallas Mavericks v Chicago Bulls,Dallas Mavericks,Chicago Bulls,Player Points,Tre Jones,Chicago Bulls,Dallas Mavericks,21.5,2.05,NA,Neds
Boston Celtics v Orlando Magic,Boston Celtics,Orlando Magic,Player Points,Jalen Suggs,Orlando Magic,Boston Celtics,21.5,10,NA,Neds
Boston Celtics v Orlando Magic,Boston Celtics,Orlando Magic,Player Points,Paolo Banchero,Orlando Magic,Boston Celtics,21.5,2.02,NA,Neds
Boston Celtics v Orlando Magic,Boston Celtics,Orlando Magic,Player Points,Baylor Scheierman,Boston Celtics,Orlando Magic,21.5,5.6,NA,Neds
Boston Celtics v Orlando Magic,Boston Celtics,Orlando Magic,Player Points,Max Shulga,Boston Celtics,Orlando Magic,21.5,4.6,NA,Neds
Boston Celtics v Orlando Magic,Boston Celtics,Orlando Magic,Player Points,Luka Garza,Boston Celtics,Orlando Magic,21.5,2.95,NA,Neds
Boston Celtics v Orlando Magic,Boston Celtics,Orlando Magic,Player Points,Franz Wagner,Orlando Magic,Boston Celtics,21.5,3,NA,Neds
Boston Celtics v Orlando Magic,Boston Celtics,Orlando Magic,Player Points,Desmond Bane,Orlando Magic,Boston Celtics,21.5,2.95,NA,Neds
Boston Celtics v Orlando Magic,Boston Celtics,Orlando Magic,Player Points,Ron Harper Jr.,Boston Celtics,Orlando Magic,21.5,6.8,NA,Neds
San Antonio Spurs v Denver Nuggets,San Antonio Spurs,Denver Nuggets,Player Points,Julian Strawther,Denver Nuggets,San Antonio Spurs,27.5,6,NA,Neds
San Antonio Spurs v Denver Nuggets,San Antonio Spurs,Denver Nuggets,Player Points,Nikola Joki<c4><87>,NA,NA,27.5,4.8,NA,Neds
San Antonio Spurs v Denver Nuggets,San Antonio Spurs,Denver Nuggets,Player Points,Stephon Castle,San Antonio Spurs,Denver Nuggets,27.5,4.8,NA,Neds
San Antonio Spurs v Denver Nuggets,San Antonio Spurs,Denver Nuggets,Player Points,Victor Wembanyama,San Antonio Spurs,Denver Nuggets,27.5,2.1,NA,Neds
San Antonio Spurs v Denver Nuggets,San Antonio Spurs,Denver Nuggets,Player Points,Devin Vassell,San Antonio Spurs,Denver Nuggets,27.5,17,NA,Neds
San Antonio Spurs v Denver Nuggets,San Antonio Spurs,Denver Nuggets,Player Points,De'Aaron Fox,San Antonio Spurs,Denver Nuggets,27.5,6,NA,Neds
Philadelphia 76ers v Milwaukee Bucks,Philadelphia 76ers,Milwaukee Bucks,Player Points,Adem Bona,Philadelphia 76ers,Milwaukee Bucks,6.5,1.96,1.78,Neds
Los Angeles Lakers v Utah Jazz,Los Angeles Lakers,Utah Jazz,Player Points,Rui Hachimura,Los Angeles Lakers,Utah Jazz,24.5,9.75,NA,Neds
Los Angeles Lakers v Utah Jazz,Los Angeles Lakers,Utah Jazz,Player Points,Kennedy Chandler,NA,NA,24.5,5.25,NA,Neds
Los Angeles Lakers v Utah Jazz,Los Angeles Lakers,Utah Jazz,Player Points,Ace Bailey,Utah Jazz,Los Angeles Lakers,24.5,3.6,NA,Neds
Los Angeles Lakers v Utah Jazz,Los Angeles Lakers,Utah Jazz,Player Points,LeBron James,Los Angeles Lakers,Utah Jazz,24.5,1.5699999999999998,NA,Neds
Los Angeles Lakers v Utah Jazz,Los Angeles Lakers,Utah Jazz,Player Points,Deandre Ayton,Los Angeles Lakers,Utah Jazz,24.5,7.5,NA,Neds
Los Angeles Lakers v Utah Jazz,Los Angeles Lakers,Utah Jazz,Player Points,Cody Williams,Utah Jazz,Los Angeles Lakers,24.5,7.75,NA,Neds
Los Angeles Lakers v Utah Jazz,Los Angeles Lakers,Utah Jazz,Player Points,Brice Sensabaugh,Utah Jazz,Los Angeles Lakers,24.5,2.5,NA,Neds
Los Angeles Lakers v Utah Jazz,Los Angeles Lakers,Utah Jazz,Player Points,Luke Kennard,Los Angeles Lakers,Utah Jazz,24.5,7.5,NA,Neds
New York Knicks v Charlotte Hornets,New York Knicks,Charlotte Hornets,Player Points,Mohamed Diawara,New York Knicks,Charlotte Hornets,17.5,2.85,NA,Neds
New York Knicks v Charlotte Hornets,New York Knicks,Charlotte Hornets,Player Points,Ariel Hukporti,New York Knicks,Charlotte Hornets,17.5,8,NA,Neds
New York Knicks v Charlotte Hornets,New York Knicks,Charlotte Hornets,Player Points,Miles McBride,New York Knicks,Charlotte Hornets,17.5,3.45,NA,Neds
New York Knicks v Charlotte Hornets,New York Knicks,Charlotte Hornets,Player Points,Jose Alvarado,New York Knicks,Charlotte Hornets,17.5,2.85,NA,Neds
New York Knicks v Charlotte Hornets,New York Knicks,Charlotte Hornets,Player Points,Miles Bridges,Charlotte Hornets,New York Knicks,17.5,2.85,NA,Neds
New York Knicks v Charlotte Hornets,New York Knicks,Charlotte Hornets,Player Points,Brandon Miller,Charlotte Hornets,New York Knicks,17.5,1.48,NA,Neds
New York Knicks v Charlotte Hornets,New York Knicks,Charlotte Hornets,Player Points,Jordan Clarkson,New York Knicks,Charlotte Hornets,17.5,2.45,NA,Neds
New York Knicks v Charlotte Hornets,New York Knicks,Charlotte Hornets,Player Points,LaMelo Ball,Charlotte Hornets,New York Knicks,17.5,1.3,NA,Neds
New York Knicks v Charlotte Hornets,New York Knicks,Charlotte Hornets,Player Points,Kon Knueppel,Charlotte Hornets,New York Knicks,17.5,1.3,NA,Neds
Boston Celtics v Orlando Magic,Boston Celtics,Orlando Magic,Player Points,Max Shulga,Boston Celtics,Orlando Magic,27.5,19,NA,Neds
Boston Celtics v Orlando Magic,Boston Celtics,Orlando Magic,Player Points,Franz Wagner,Orlando Magic,Boston Celtics,27.5,9,NA,Neds
Boston Celtics v Orlando Magic,Boston Celtics,Orlando Magic,Player Points,Paolo Banchero,Orlando Magic,Boston Celtics,27.5,4.5,NA,Neds
Boston Celtics v Orlando Magic,Boston Celtics,Orlando Magic,Player Points,Desmond Bane,Orlando Magic,Boston Celtics,27.5,8.5,NA,Neds
Boston Celtics v Orlando Magic,Boston Celtics,Orlando Magic,Player Points,Luka Garza,Boston Celtics,Orlando Magic,27.5,8.5,NA,Neds
Boston Celtics v Orlando Magic,Boston Celtics,Orlando Magic,Player Points,Baylor Scheierman,Boston Celtics,Orlando Magic,27.5,26,NA,Neds
New York Knicks v Charlotte Hornets,New York Knicks,Charlotte Hornets,Player Points,Brandon Miller,Charlotte Hornets,New York Knicks,15.5,1.3,NA,Neds
New York Knicks v Charlotte Hornets,New York Knicks,Charlotte Hornets,Player Points,Mohamed Diawara,New York Knicks,Charlotte Hornets,15.5,2.15,NA,Neds
New York Knicks v Charlotte Hornets,New York Knicks,Charlotte Hornets,Player Points,Moussa Diabate,NA,NA,15.5,10.5,NA,Neds
New York Knicks v Charlotte Hornets,New York Knicks,Charlotte Hornets,Player Points,Miles Bridges,Charlotte Hornets,New York Knicks,15.5,2.15,NA,Neds
New York Knicks v Charlotte Hornets,New York Knicks,Charlotte Hornets,Player Points,Ariel Hukporti,New York Knicks,Charlotte Hornets,15.5,4.8,NA,Neds
New York Knicks v Charlotte Hornets,New York Knicks,Charlotte Hornets,Player Points,Jordan Clarkson,New York Knicks,Charlotte Hornets,15.5,1.92,NA,Neds
New York Knicks v Charlotte Hornets,New York Knicks,Charlotte Hornets,Player Points,Miles McBride,New York Knicks,Charlotte Hornets,15.5,2.5,NA,Neds
New York Knicks v Charlotte Hornets,New York Knicks,Charlotte Hornets,Player Points,Jose Alvarado,New York Knicks,Charlotte Hornets,15.5,2.15,NA,Neds
New York Knicks v Charlotte Hornets,New York Knicks,Charlotte Hornets,Player Points,Kon Knueppel,Charlotte Hornets,New York Knicks,15.5,1.18,NA,Neds
New York Knicks v Charlotte Hornets,New York Knicks,Charlotte Hornets,Player Points,LaMelo Ball,Charlotte Hornets,New York Knicks,15.5,1.18,NA,Neds
Minnesota Timberwolves v New Orleans Pelicans,Minnesota Timberwolves,New Orleans Pelicans,Player Points,Derik Queen,New Orleans Pelicans,Minnesota Timberwolves,21.5,2.35,NA,Neds
Minnesota Timberwolves v New Orleans Pelicans,Minnesota Timberwolves,New Orleans Pelicans,Player Points,Terrence Shannon Jr.,Minnesota Timberwolves,New Orleans Pelicans,21.5,1.73,NA,Neds
Minnesota Timberwolves v New Orleans Pelicans,Minnesota Timberwolves,New Orleans Pelicans,Player Points,Jordan Poole,New Orleans Pelicans,Minnesota Timberwolves,21.5,2.1,NA,Neds
Minnesota Timberwolves v New Orleans Pelicans,Minnesota Timberwolves,New Orleans Pelicans,Player Points,Joan Beringer,Minnesota Timberwolves,New Orleans Pelicans,21.5,3.8,NA,Neds
Minnesota Timberwolves v New Orleans Pelicans,Minnesota Timberwolves,New Orleans Pelicans,Player Points,Jeremiah Fears,New Orleans Pelicans,Minnesota Timberwolves,21.5,1.28,NA,Neds
Minnesota Timberwolves v New Orleans Pelicans,Minnesota Timberwolves,New Orleans Pelicans,Player Points,Jaylen Clark,Minnesota Timberwolves,New Orleans Pelicans,21.5,4.6,NA,Neds
Minnesota Timberwolves v New Orleans Pelicans,Minnesota Timberwolves,New Orleans Pelicans,Player Points,Derik Queen,New Orleans Pelicans,Minnesota Timberwolves,11.5,1.11,NA,Neds
Minnesota Timberwolves v New Orleans Pelicans,Minnesota Timberwolves,New Orleans Pelicans,Player Points,Jaylen Clark,Minnesota Timberwolves,New Orleans Pelicans,11.5,1.35,NA,Neds
Minnesota Timberwolves v New Orleans Pelicans,Minnesota Timberwolves,New Orleans Pelicans,Player Points,Jordan Poole,New Orleans Pelicans,Minnesota Timberwolves,11.5,1.08,NA,Neds
Minnesota Timberwolves v New Orleans Pelicans,Minnesota Timberwolves,New Orleans Pelicans,Player Points,Terrence Shannon Jr.,Minnesota Timberwolves,New Orleans Pelicans,11.5,1.02,NA,Neds
Minnesota Timberwolves v New Orleans Pelicans,Minnesota Timberwolves,New Orleans Pelicans,Player Points,Joan Beringer,Minnesota Timberwolves,New Orleans Pelicans,11.5,1.26,NA,Neds
Philadelphia 76ers v Milwaukee Bucks,Philadelphia 76ers,Milwaukee Bucks,Player Points,Tyrese Maxey,Philadelphia 76ers,Milwaukee Bucks,39.5,7,NA,Neds
Houston Rockets v Memphis Grizzlies,Houston Rockets,Memphis Grizzlies,Player Points,Walter Clayton,NA,NA,23.5,4.4,NA,Neds
Houston Rockets v Memphis Grizzlies,Houston Rockets,Memphis Grizzlies,Player Points,Reed Sheppard,Houston Rockets,Memphis Grizzlies,23.5,2.65,NA,Neds
Houston Rockets v Memphis Grizzlies,Houston Rockets,Memphis Grizzlies,Player Points,Tari Eason,Houston Rockets,Memphis Grizzlies,23.5,4.4,NA,Neds
Houston Rockets v Memphis Grizzlies,Houston Rockets,Memphis Grizzlies,Player Points,Lucas Williamson,NA,NA,23.5,9.5,NA,Neds
Houston Rockets v Memphis Grizzlies,Houston Rockets,Memphis Grizzlies,Player Points,Aaron Holiday,Houston Rockets,Memphis Grizzlies,23.5,3.6,NA,Neds
Miami Heat v Atlanta Hawks,Miami Heat,Atlanta Hawks,Player Points,Corey Kispert,Atlanta Hawks,Miami Heat,25.5,4.2,NA,Neds
Miami Heat v Atlanta Hawks,Miami Heat,Atlanta Hawks,Player Points,Zaccharie Risacher,Atlanta Hawks,Miami Heat,25.5,16,NA,Neds
Miami Heat v Atlanta Hawks,Miami Heat,Atlanta Hawks,Player Points,Tyler Herro,Miami Heat,Atlanta Hawks,25.5,2.1,NA,Neds
Miami Heat v Atlanta Hawks,Miami Heat,Atlanta Hawks,Player Points,Buddy Hield,Atlanta Hawks,Miami Heat,25.5,5,NA,Neds
Miami Heat v Atlanta Hawks,Miami Heat,Atlanta Hawks,Player Points,Norman Powell,Miami Heat,Atlanta Hawks,25.5,5,NA,Neds
Miami Heat v Atlanta Hawks,Miami Heat,Atlanta Hawks,Player Points,Bam Adebayo,Miami Heat,Atlanta Hawks,25.5,2.1,NA,Neds
Miami Heat v Atlanta Hawks,Miami Heat,Atlanta Hawks,Player Points,Andrew Wiggins,Miami Heat,Atlanta Hawks,25.5,4.2,NA,Neds
Los Angeles Lakers v Utah Jazz,Los Angeles Lakers,Utah Jazz,Player Points,LeBron James,Los Angeles Lakers,Utah Jazz,23.5,1.46,NA,Neds
Los Angeles Lakers v Utah Jazz,Los Angeles Lakers,Utah Jazz,Player Points,Luke Kennard,Los Angeles Lakers,Utah Jazz,23.5,6,NA,Neds
Los Angeles Lakers v Utah Jazz,Los Angeles Lakers,Utah Jazz,Player Points,Cody Williams,Utah Jazz,Los Angeles Lakers,23.5,6.2,NA,Neds
Los Angeles Lakers v Utah Jazz,Los Angeles Lakers,Utah Jazz,Player Points,Deandre Ayton,Los Angeles Lakers,Utah Jazz,23.5,6,NA,Neds
Los Angeles Lakers v Utah Jazz,Los Angeles Lakers,Utah Jazz,Player Points,Kennedy Chandler,NA,NA,23.5,4.4,NA,Neds
Los Angeles Lakers v Utah Jazz,Los Angeles Lakers,Utah Jazz,Player Points,Rui Hachimura,Los Angeles Lakers,Utah Jazz,23.5,7.75,NA,Neds
Los Angeles Lakers v Utah Jazz,Los Angeles Lakers,Utah Jazz,Player Points,Brice Sensabaugh,Utah Jazz,Los Angeles Lakers,23.5,2.2,NA,Neds
Los Angeles Lakers v Utah Jazz,Los Angeles Lakers,Utah Jazz,Player Points,Ace Bailey,Utah Jazz,Los Angeles Lakers,23.5,3.1,NA,Neds
Toronto Raptors v Brooklyn Nets,Toronto Raptors,Brooklyn Nets,Player Points,E.J. Liddell,Brooklyn Nets,Toronto Raptors,17.5,4.25,NA,Neds
Toronto Raptors v Brooklyn Nets,Toronto Raptors,Brooklyn Nets,Player Points,Drake Powell,Brooklyn Nets,Toronto Raptors,17.5,12.5,NA,Neds
Toronto Raptors v Brooklyn Nets,Toronto Raptors,Brooklyn Nets,Player Points,Trevon Scott,NA,NA,17.5,8,NA,Neds
Toronto Raptors v Brooklyn Nets,Toronto Raptors,Brooklyn Nets,Player Points,Ben Saraf,Brooklyn Nets,Toronto Raptors,17.5,2.85,NA,Neds
Toronto Raptors v Brooklyn Nets,Toronto Raptors,Brooklyn Nets,Player Points,Immanuel Quickley,Toronto Raptors,Brooklyn Nets,17.5,2.8,NA,Neds
Toronto Raptors v Brooklyn Nets,Toronto Raptors,Brooklyn Nets,Player Points,Jakob Poeltl,Toronto Raptors,Brooklyn Nets,17.5,5.75,NA,Neds
Toronto Raptors v Brooklyn Nets,Toronto Raptors,Brooklyn Nets,Player Points,R.J. Barrett,NA,NA,17.5,1.73,NA,Neds
Toronto Raptors v Brooklyn Nets,Toronto Raptors,Brooklyn Nets,Player Points,Brandon Ingram,Toronto Raptors,Brooklyn Nets,17.5,1.38,NA,Neds
Toronto Raptors v Brooklyn Nets,Toronto Raptors,Brooklyn Nets,Player Points,Malachi Smith,NA,NA,17.5,2.15,NA,Neds
Toronto Raptors v Brooklyn Nets,Toronto Raptors,Brooklyn Nets,Player Points,Scottie Barnes,Toronto Raptors,Brooklyn Nets,17.5,1.6,NA,Neds
Minnesota Timberwolves v New Orleans Pelicans,Minnesota Timberwolves,New Orleans Pelicans,Player Points,Derik Queen,New Orleans Pelicans,Minnesota Timberwolves,15.5,1.3599999999999999,NA,Neds
Minnesota Timberwolves v New Orleans Pelicans,Minnesota Timberwolves,New Orleans Pelicans,Player Points,Jeremiah Fears,New Orleans Pelicans,Minnesota Timberwolves,15.5,1.02,NA,Neds
Minnesota Timberwolves v New Orleans Pelicans,Minnesota Timberwolves,New Orleans Pelicans,Player Points,Jordan Poole,New Orleans Pelicans,Minnesota Timberwolves,15.5,1.3,NA,Neds
Minnesota Timberwolves v New Orleans Pelicans,Minnesota Timberwolves,New Orleans Pelicans,Player Points,Terrence Shannon Jr.,Minnesota Timberwolves,New Orleans Pelicans,15.5,1.18,NA,Neds
Minnesota Timberwolves v New Orleans Pelicans,Minnesota Timberwolves,New Orleans Pelicans,Player Points,Joan Beringer,Minnesota Timberwolves,New Orleans Pelicans,15.5,1.73,NA,Neds
Minnesota Timberwolves v New Orleans Pelicans,Minnesota Timberwolves,New Orleans Pelicans,Player Points,Jaylen Clark,Minnesota Timberwolves,New Orleans Pelicans,15.5,1.92,NA,Neds
Philadelphia 76ers v Milwaukee Bucks,Philadelphia 76ers,Milwaukee Bucks,Player Points,AJ Green,Milwaukee Bucks,Philadelphia 76ers,29.5,9,NA,Neds
Philadelphia 76ers v Milwaukee Bucks,Philadelphia 76ers,Milwaukee Bucks,Player Points,Cormac Ryan,NA,NA,29.5,8.25,NA,Neds
Philadelphia 76ers v Milwaukee Bucks,Philadelphia 76ers,Milwaukee Bucks,Player Points,Paul George,Philadelphia 76ers,Milwaukee Bucks,29.5,8,NA,Neds
Philadelphia 76ers v Milwaukee Bucks,Philadelphia 76ers,Milwaukee Bucks,Player Points,VJ Edgecombe,Philadelphia 76ers,Milwaukee Bucks,29.5,13,NA,Neds
Philadelphia 76ers v Milwaukee Bucks,Philadelphia 76ers,Milwaukee Bucks,Player Points,Tyrese Maxey,Philadelphia 76ers,Milwaukee Bucks,29.5,2,NA,Neds
Philadelphia 76ers v Milwaukee Bucks,Philadelphia 76ers,Milwaukee Bucks,Player Points,Ousmane Dieng,Milwaukee Bucks,Philadelphia 76ers,29.5,9,NA,Neds
Portland Trail Blazers v Sacramento Kings,Portland Trail Blazers,Sacramento Kings,Player Points,Toumani Camara,Portland Trail Blazers,Sacramento Kings,17.5,2.7,NA,Neds
Portland Trail Blazers v Sacramento Kings,Portland Trail Blazers,Sacramento Kings,Player Points,Daeqwon Plowden,Sacramento Kings,Portland Trail Blazers,17.5,2.45,NA,Neds
Portland Trail Blazers v Sacramento Kings,Portland Trail Blazers,Sacramento Kings,Player Points,Maxime Raynaud,Sacramento Kings,Portland Trail Blazers,17.5,2.3,NA,Neds
Portland Trail Blazers v Sacramento Kings,Portland Trail Blazers,Sacramento Kings,Player Points,Shaedon Sharpe,Portland Trail Blazers,Sacramento Kings,17.5,3.15,NA,Neds
Portland Trail Blazers v Sacramento Kings,Portland Trail Blazers,Sacramento Kings,Player Points,Devin Carter,Sacramento Kings,Portland Trail Blazers,17.5,2.02,NA,Neds
Portland Trail Blazers v Sacramento Kings,Portland Trail Blazers,Sacramento Kings,Player Points,Killian Hayes,NA,NA,17.5,12.5,NA,Neds
Portland Trail Blazers v Sacramento Kings,Portland Trail Blazers,Sacramento Kings,Player Points,Nique Clifford,Sacramento Kings,Portland Trail Blazers,17.5,1.92,NA,Neds
Portland Trail Blazers v Sacramento Kings,Portland Trail Blazers,Sacramento Kings,Player Points,Precious Achiuwa,Sacramento Kings,Portland Trail Blazers,17.5,3.8,NA,Neds
Portland Trail Blazers v Sacramento Kings,Portland Trail Blazers,Sacramento Kings,Player Points,Donovan Clingan,Portland Trail Blazers,Sacramento Kings,17.5,3.7,NA,Neds
Portland Trail Blazers v Sacramento Kings,Portland Trail Blazers,Sacramento Kings,Player Points,Deni Avdija,Portland Trail Blazers,Sacramento Kings,17.5,1.13,NA,Neds
Portland Trail Blazers v Sacramento Kings,Portland Trail Blazers,Sacramento Kings,Player Points,Scoot Henderson,Portland Trail Blazers,Sacramento Kings,17.5,2.3,NA,Neds
Portland Trail Blazers v Sacramento Kings,Portland Trail Blazers,Sacramento Kings,Player Points,Jrue Holiday,Portland Trail Blazers,Sacramento Kings,17.5,2.3,NA,Neds
Los Angeles Lakers v Utah Jazz,Los Angeles Lakers,Utah Jazz,Player Points,Ace Bailey,Utah Jazz,Los Angeles Lakers,27.5,6,NA,Neds
Los Angeles Lakers v Utah Jazz,Los Angeles Lakers,Utah Jazz,Player Points,Kennedy Chandler,NA,NA,27.5,10,NA,Neds
Los Angeles Lakers v Utah Jazz,Los Angeles Lakers,Utah Jazz,Player Points,Luke Kennard,Los Angeles Lakers,Utah Jazz,27.5,16,NA,Neds
Los Angeles Lakers v Utah Jazz,Los Angeles Lakers,Utah Jazz,Player Points,Deandre Ayton,Los Angeles Lakers,Utah Jazz,27.5,16,NA,Neds
Los Angeles Lakers v Utah Jazz,Los Angeles Lakers,Utah Jazz,Player Points,Cody Williams,Utah Jazz,Los Angeles Lakers,27.5,16,NA,Neds
Los Angeles Lakers v Utah Jazz,Los Angeles Lakers,Utah Jazz,Player Points,Brice Sensabaugh,Utah Jazz,Los Angeles Lakers,27.5,3.7,NA,Neds
Los Angeles Lakers v Utah Jazz,Los Angeles Lakers,Utah Jazz,Player Points,LeBron James,Los Angeles Lakers,Utah Jazz,27.5,2,NA,Neds
Los Angeles Lakers v Utah Jazz,Los Angeles Lakers,Utah Jazz,Player Points,Rui Hachimura,Los Angeles Lakers,Utah Jazz,27.5,21,NA,Neds
Boston Celtics v Orlando Magic,Boston Celtics,Orlando Magic,Player Points,Max Shulga,Boston Celtics,Orlando Magic,24.5,8.75,NA,Neds
Boston Celtics v Orlando Magic,Boston Celtics,Orlando Magic,Player Points,Paolo Banchero,Orlando Magic,Boston Celtics,24.5,2.85,NA,Neds
Boston Celtics v Orlando Magic,Boston Celtics,Orlando Magic,Player Points,Baylor Scheierman,Boston Celtics,Orlando Magic,24.5,11.5,NA,Neds
Boston Celtics v Orlando Magic,Boston Celtics,Orlando Magic,Player Points,Luka Garza,Boston Celtics,Orlando Magic,24.5,4.75,NA,Neds
Boston Celtics v Orlando Magic,Boston Celtics,Orlando Magic,Player Points,Franz Wagner,Orlando Magic,Boston Celtics,24.5,5,NA,Neds
Boston Celtics v Orlando Magic,Boston Celtics,Orlando Magic,Player Points,Desmond Bane,Orlando Magic,Boston Celtics,24.5,4.75,NA,Neds
Dallas Mavericks v Chicago Bulls,Dallas Mavericks,Chicago Bulls,Player Points,Khris Middleton,Dallas Mavericks,Chicago Bulls,17.5,8,NA,Neds
Dallas Mavericks v Chicago Bulls,Dallas Mavericks,Chicago Bulls,Player Points,Ryan Nembhard,Dallas Mavericks,Chicago Bulls,17.5,5,NA,Neds
Dallas Mavericks v Chicago Bulls,Dallas Mavericks,Chicago Bulls,Player Points,Collin Sexton,Chicago Bulls,Dallas Mavericks,17.5,1.22,NA,Neds
Dallas Mavericks v Chicago Bulls,Dallas Mavericks,Chicago Bulls,Player Points,Lachlan Olbrich,Chicago Bulls,Dallas Mavericks,17.5,9.75,NA,Neds
Dallas Mavericks v Chicago Bulls,Dallas Mavericks,Chicago Bulls,Player Points,Patrick Williams,Chicago Bulls,Dallas Mavericks,17.5,3.15,NA,Neds
Dallas Mavericks v Chicago Bulls,Dallas Mavericks,Chicago Bulls,Player Points,Rob Dillingham,Chicago Bulls,Dallas Mavericks,17.5,2.65,NA,Neds
Dallas Mavericks v Chicago Bulls,Dallas Mavericks,Chicago Bulls,Player Points,Max Christie,Dallas Mavericks,Chicago Bulls,17.5,2.65,NA,Neds
Dallas Mavericks v Chicago Bulls,Dallas Mavericks,Chicago Bulls,Player Points,Klay Thompson,Dallas Mavericks,Chicago Bulls,17.5,3,NA,Neds
Dallas Mavericks v Chicago Bulls,Dallas Mavericks,Chicago Bulls,Player Points,Tre Jones,Chicago Bulls,Dallas Mavericks,17.5,1.46,NA,Neds
Dallas Mavericks v Chicago Bulls,Dallas Mavericks,Chicago Bulls,Player Points,Leonard Miller,Chicago Bulls,Dallas Mavericks,17.5,2.02,NA,Neds
Dallas Mavericks v Chicago Bulls,Dallas Mavericks,Chicago Bulls,Player Points,Cooper Flagg,Dallas Mavericks,Chicago Bulls,44.5,4.6,NA,Neds
Dallas Mavericks v Chicago Bulls,Dallas Mavericks,Chicago Bulls,Player Points,Collin Sexton,Chicago Bulls,Dallas Mavericks,39.5,26,NA,Neds
Dallas Mavericks v Chicago Bulls,Dallas Mavericks,Chicago Bulls,Player Points,Cooper Flagg,Dallas Mavericks,Chicago Bulls,39.5,2.65,NA,Neds
Minnesota Timberwolves v New Orleans Pelicans,Minnesota Timberwolves,New Orleans Pelicans,Player Points,Derik Queen,New Orleans Pelicans,Minnesota Timberwolves,23.5,3.1,NA,Neds
Minnesota Timberwolves v New Orleans Pelicans,Minnesota Timberwolves,New Orleans Pelicans,Player Points,Jeremiah Fears,New Orleans Pelicans,Minnesota Timberwolves,23.5,1.42,NA,Neds
Minnesota Timberwolves v New Orleans Pelicans,Minnesota Timberwolves,New Orleans Pelicans,Player Points,Jordan Poole,New Orleans Pelicans,Minnesota Timberwolves,23.5,2.65,NA,Neds
Minnesota Timberwolves v New Orleans Pelicans,Minnesota Timberwolves,New Orleans Pelicans,Player Points,Jaylen Clark,Minnesota Timberwolves,New Orleans Pelicans,23.5,7,NA,Neds
Minnesota Timberwolves v New Orleans Pelicans,Minnesota Timberwolves,New Orleans Pelicans,Player Points,Joan Beringer,Minnesota Timberwolves,New Orleans Pelicans,23.5,5.5,NA,Neds
Minnesota Timberwolves v New Orleans Pelicans,Minnesota Timberwolves,New Orleans Pelicans,Player Points,Terrence Shannon Jr.,Minnesota Timberwolves,New Orleans Pelicans,23.5,2.1,NA,Neds
Dallas Mavericks v Chicago Bulls,Dallas Mavericks,Chicago Bulls,Player Points,Lachlan Olbrich,Chicago Bulls,Dallas Mavericks,11.5,2.45,NA,Neds
Dallas Mavericks v Chicago Bulls,Dallas Mavericks,Chicago Bulls,Player Points,Rob Dillingham,Chicago Bulls,Dallas Mavericks,11.5,1.38,NA,Neds
Dallas Mavericks v Chicago Bulls,Dallas Mavericks,Chicago Bulls,Player Points,Max Christie,Dallas Mavericks,Chicago Bulls,11.5,1.38,NA,Neds
Dallas Mavericks v Chicago Bulls,Dallas Mavericks,Chicago Bulls,Player Points,Leonard Miller,Chicago Bulls,Dallas Mavericks,11.5,1.24,NA,Neds
Dallas Mavericks v Chicago Bulls,Dallas Mavericks,Chicago Bulls,Player Points,Ryan Nembhard,Dallas Mavericks,Chicago Bulls,11.5,1.8199999999999998,NA,Neds
Dallas Mavericks v Chicago Bulls,Dallas Mavericks,Chicago Bulls,Player Points,Klay Thompson,Dallas Mavericks,Chicago Bulls,11.5,1.46,NA,Neds
Dallas Mavericks v Chicago Bulls,Dallas Mavericks,Chicago Bulls,Player Points,Tre Jones,Chicago Bulls,Dallas Mavericks,11.5,1.07,NA,Neds
Dallas Mavericks v Chicago Bulls,Dallas Mavericks,Chicago Bulls,Player Points,Khris Middleton,Dallas Mavericks,Chicago Bulls,11.5,2.25,NA,Neds
Dallas Mavericks v Chicago Bulls,Dallas Mavericks,Chicago Bulls,Player Points,Dwight Powell,Dallas Mavericks,Chicago Bulls,11.5,4.75,NA,Neds
Dallas Mavericks v Chicago Bulls,Dallas Mavericks,Chicago Bulls,Player Points,Patrick Williams,Chicago Bulls,Dallas Mavericks,11.5,1.5,NA,Neds
Oklahoma City Thunder v Phoenix Suns,Oklahoma City Thunder,Phoenix Suns,Player Points,Nikola Topic,NA,NA,23.5,5.6,NA,Neds
Oklahoma City Thunder v Phoenix Suns,Oklahoma City Thunder,Phoenix Suns,Player Points,Jared McCain,Oklahoma City Thunder,Phoenix Suns,23.5,2.85,NA,Neds
Oklahoma City Thunder v Phoenix Suns,Oklahoma City Thunder,Phoenix Suns,Player Points,Collin Gillespie,Phoenix Suns,Oklahoma City Thunder,23.5,6.2,NA,Neds
Oklahoma City Thunder v Phoenix Suns,Oklahoma City Thunder,Phoenix Suns,Player Points,Jalen Green,Phoenix Suns,Oklahoma City Thunder,23.5,2.85,NA,Neds
Oklahoma City Thunder v Phoenix Suns,Oklahoma City Thunder,Phoenix Suns,Player Points,Aaron Wiggins,Oklahoma City Thunder,Phoenix Suns,23.5,2.85,NA,Neds
Oklahoma City Thunder v Phoenix Suns,Oklahoma City Thunder,Phoenix Suns,Player Points,Kenrich Williams,Oklahoma City Thunder,Phoenix Suns,23.5,5.6,NA,Neds
Houston Rockets v Memphis Grizzlies,Houston Rockets,Memphis Grizzlies,Player Points,Aaron Holiday,Houston Rockets,Memphis Grizzlies,29.5,12,NA,Neds
Houston Rockets v Memphis Grizzlies,Houston Rockets,Memphis Grizzlies,Player Points,Tari Eason,Houston Rockets,Memphis Grizzlies,29.5,16,NA,Neds
Houston Rockets v Memphis Grizzlies,Houston Rockets,Memphis Grizzlies,Player Points,Walter Clayton,NA,NA,29.5,16,NA,Neds
Houston Rockets v Memphis Grizzlies,Houston Rockets,Memphis Grizzlies,Player Points,Reed Sheppard,Houston Rockets,Memphis Grizzlies,29.5,7,NA,Neds
Minnesota Timberwolves v New Orleans Pelicans,Minnesota Timberwolves,New Orleans Pelicans,Player Points,Terrence Shannon Jr.,Minnesota Timberwolves,New Orleans Pelicans,17.5,1.3,NA,Neds
Minnesota Timberwolves v New Orleans Pelicans,Minnesota Timberwolves,New Orleans Pelicans,Player Points,Derik Queen,New Orleans Pelicans,Minnesota Timberwolves,17.5,1.6,NA,Neds
Minnesota Timberwolves v New Orleans Pelicans,Minnesota Timberwolves,New Orleans Pelicans,Player Points,Joan Beringer,Minnesota Timberwolves,New Orleans Pelicans,17.5,2.15,NA,Neds
Minnesota Timberwolves v New Orleans Pelicans,Minnesota Timberwolves,New Orleans Pelicans,Player Points,Jaylen Clark,Minnesota Timberwolves,New Orleans Pelicans,17.5,2.45,NA,Neds
Minnesota Timberwolves v New Orleans Pelicans,Minnesota Timberwolves,New Orleans Pelicans,Player Points,Jordan Poole,New Orleans Pelicans,Minnesota Timberwolves,17.5,1.48,NA,Neds
Minnesota Timberwolves v New Orleans Pelicans,Minnesota Timberwolves,New Orleans Pelicans,Player Points,Jeremiah Fears,New Orleans Pelicans,Minnesota Timberwolves,17.5,1.08,NA,Neds
Los Angeles Clippers v Golden State Warriors,Los Angeles Clippers,Golden State Warriors,Player Points,Stephen Curry,Golden State Warriors,Los Angeles Clippers,25.5,1.9,NA,Neds
Los Angeles Clippers v Golden State Warriors,Los Angeles Clippers,Golden State Warriors,Player Points,Darius Garland,Los Angeles Clippers,Golden State Warriors,25.5,3.8,NA,Neds
Los Angeles Clippers v Golden State Warriors,Los Angeles Clippers,Golden State Warriors,Player Points,Brook Lopez,Los Angeles Clippers,Golden State Warriors,25.5,19,NA,Neds
Los Angeles Lakers v Utah Jazz,Los Angeles Lakers,Utah Jazz,Player Points,Cody Williams,Utah Jazz,Los Angeles Lakers,21.5,4.2,NA,Neds
Los Angeles Lakers v Utah Jazz,Los Angeles Lakers,Utah Jazz,Player Points,Brice Sensabaugh,Utah Jazz,Los Angeles Lakers,21.5,1.8199999999999998,NA,Neds
Los Angeles Lakers v Utah Jazz,Los Angeles Lakers,Utah Jazz,Player Points,Rui Hachimura,Los Angeles Lakers,Utah Jazz,21.5,5,NA,Neds
Los Angeles Lakers v Utah Jazz,Los Angeles Lakers,Utah Jazz,Player Points,Ace Bailey,Utah Jazz,Los Angeles Lakers,21.5,2.35,NA,Neds
Los Angeles Lakers v Utah Jazz,Los Angeles Lakers,Utah Jazz,Player Points,Jake LaRavia,Los Angeles Lakers,Utah Jazz,21.5,14,NA,Neds
Los Angeles Lakers v Utah Jazz,Los Angeles Lakers,Utah Jazz,Player Points,Kennedy Chandler,NA,NA,21.5,3.2,NA,Neds
Los Angeles Lakers v Utah Jazz,Los Angeles Lakers,Utah Jazz,Player Points,Luke Kennard,Los Angeles Lakers,Utah Jazz,21.5,4.1,NA,Neds
Los Angeles Lakers v Utah Jazz,Los Angeles Lakers,Utah Jazz,Player Points,LeBron James,Los Angeles Lakers,Utah Jazz,21.5,1.3,NA,Neds
Los Angeles Lakers v Utah Jazz,Los Angeles Lakers,Utah Jazz,Player Points,Deandre Ayton,Los Angeles Lakers,Utah Jazz,21.5,4.1,NA,Neds
Oklahoma City Thunder v Phoenix Suns,Oklahoma City Thunder,Phoenix Suns,Player Points,Mark Williams,Phoenix Suns,Oklahoma City Thunder,11.5,2.1,NA,Neds
Oklahoma City Thunder v Phoenix Suns,Oklahoma City Thunder,Phoenix Suns,Player Points,Jordan Goodwin,Phoenix Suns,Oklahoma City Thunder,11.5,2.05,NA,Neds
Oklahoma City Thunder v Phoenix Suns,Oklahoma City Thunder,Phoenix Suns,Player Points,Nikola Topic,NA,NA,11.5,1.28,NA,Neds
Oklahoma City Thunder v Phoenix Suns,Oklahoma City Thunder,Phoenix Suns,Player Points,Jared McCain,Oklahoma City Thunder,Phoenix Suns,11.5,1.09,NA,Neds
Oklahoma City Thunder v Phoenix Suns,Oklahoma City Thunder,Phoenix Suns,Player Points,Jalen Green,Phoenix Suns,Oklahoma City Thunder,11.5,1.09,NA,Neds
Oklahoma City Thunder v Phoenix Suns,Oklahoma City Thunder,Phoenix Suns,Player Points,Aaron Wiggins,Oklahoma City Thunder,Phoenix Suns,11.5,1.09,NA,Neds
Oklahoma City Thunder v Phoenix Suns,Oklahoma City Thunder,Phoenix Suns,Player Points,Collin Gillespie,Phoenix Suns,Oklahoma City Thunder,11.5,1.3,NA,Neds
Oklahoma City Thunder v Phoenix Suns,Oklahoma City Thunder,Phoenix Suns,Player Points,Kenrich Williams,Oklahoma City Thunder,Phoenix Suns,11.5,1.28,NA,Neds
Los Angeles Lakers v Utah Jazz,Los Angeles Lakers,Utah Jazz,Player Points,Brice Sensabaugh,Utah Jazz,Los Angeles Lakers,34.5,14,NA,Neds
Los Angeles Lakers v Utah Jazz,Los Angeles Lakers,Utah Jazz,Player Points,LeBron James,Los Angeles Lakers,Utah Jazz,34.5,4.6,NA,Neds
Indiana Pacers v Detroit Pistons,Indiana Pacers,Detroit Pistons,Player Points,Micah Potter,Indiana Pacers,Detroit Pistons,24.5,6.75,NA,Neds
Indiana Pacers v Detroit Pistons,Indiana Pacers,Detroit Pistons,Player Points,Ethan Thompson,Indiana Pacers,Detroit Pistons,24.5,8.75,NA,Neds
Indiana Pacers v Detroit Pistons,Indiana Pacers,Detroit Pistons,Player Points,Quenton Jackson,Indiana Pacers,Detroit Pistons,24.5,5.25,NA,Neds
Indiana Pacers v Detroit Pistons,Indiana Pacers,Detroit Pistons,Player Points,Duncan Robinson,Detroit Pistons,Indiana Pacers,24.5,12.5,NA,Neds
Indiana Pacers v Detroit Pistons,Indiana Pacers,Detroit Pistons,Player Points,Cade Cunningham,Detroit Pistons,Indiana Pacers,24.5,3.6,NA,Neds
Toronto Raptors v Brooklyn Nets,Toronto Raptors,Brooklyn Nets,Player Points,Malachi Smith,NA,NA,27.5,14,NA,Neds
Toronto Raptors v Brooklyn Nets,Toronto Raptors,Brooklyn Nets,Player Points,R.J. Barrett,NA,NA,27.5,7.5,NA,Neds
Toronto Raptors v Brooklyn Nets,Toronto Raptors,Brooklyn Nets,Player Points,Scottie Barnes,Toronto Raptors,Brooklyn Nets,27.5,6,NA,Neds
Toronto Raptors v Brooklyn Nets,Toronto Raptors,Brooklyn Nets,Player Points,Brandon Ingram,Toronto Raptors,Brooklyn Nets,27.5,4,NA,Neds
Toronto Raptors v Brooklyn Nets,Toronto Raptors,Brooklyn Nets,Player Points,Ben Saraf,Brooklyn Nets,Toronto Raptors,27.5,29,NA,Neds
Toronto Raptors v Brooklyn Nets,Toronto Raptors,Brooklyn Nets,Player Points,Immanuel Quickley,Toronto Raptors,Brooklyn Nets,27.5,29,NA,Neds
Indiana Pacers v Detroit Pistons,Indiana Pacers,Detroit Pistons,Player Points,Micah Potter,Indiana Pacers,Detroit Pistons,29.5,23,NA,Neds
Indiana Pacers v Detroit Pistons,Indiana Pacers,Detroit Pistons,Player Points,Cade Cunningham,Detroit Pistons,Indiana Pacers,29.5,9,NA,Neds
Indiana Pacers v Detroit Pistons,Indiana Pacers,Detroit Pistons,Player Points,Quenton Jackson,Indiana Pacers,Detroit Pistons,29.5,16,NA,Neds
Philadelphia 76ers v Milwaukee Bucks,Philadelphia 76ers,Milwaukee Bucks,Player Points,Ousmane Dieng,Milwaukee Bucks,Philadelphia 76ers,25.5,4.2,NA,Neds
Philadelphia 76ers v Milwaukee Bucks,Philadelphia 76ers,Milwaukee Bucks,Player Points,Tyrese Maxey,Philadelphia 76ers,Milwaukee Bucks,25.5,1.48,NA,Neds
Philadelphia 76ers v Milwaukee Bucks,Philadelphia 76ers,Milwaukee Bucks,Player Points,Paul George,Philadelphia 76ers,Milwaukee Bucks,25.5,3.9,NA,Neds
Philadelphia 76ers v Milwaukee Bucks,Philadelphia 76ers,Milwaukee Bucks,Player Points,Cormac Ryan,NA,NA,25.5,3.9,NA,Neds
Philadelphia 76ers v Milwaukee Bucks,Philadelphia 76ers,Milwaukee Bucks,Player Points,Kelly Oubre Jr.,Philadelphia 76ers,Milwaukee Bucks,25.5,14,NA,Neds
Philadelphia 76ers v Milwaukee Bucks,Philadelphia 76ers,Milwaukee Bucks,Player Points,AJ Green,Milwaukee Bucks,Philadelphia 76ers,25.5,4.2,NA,Neds
Philadelphia 76ers v Milwaukee Bucks,Philadelphia 76ers,Milwaukee Bucks,Player Points,VJ Edgecombe,Philadelphia 76ers,Milwaukee Bucks,25.5,5.6,NA,Neds
Philadelphia 76ers v Milwaukee Bucks,Philadelphia 76ers,Milwaukee Bucks,Player Points,Taurean Prince,Milwaukee Bucks,Philadelphia 76ers,25.5,14,NA,Neds
Los Angeles Lakers v Utah Jazz,Los Angeles Lakers,Utah Jazz,Player Points,LeBron James,Los Angeles Lakers,Utah Jazz,25.5,1.7,NA,Neds
Los Angeles Lakers v Utah Jazz,Los Angeles Lakers,Utah Jazz,Player Points,Cody Williams,Utah Jazz,Los Angeles Lakers,25.5,9.75,NA,Neds
Los Angeles Lakers v Utah Jazz,Los Angeles Lakers,Utah Jazz,Player Points,Deandre Ayton,Los Angeles Lakers,Utah Jazz,25.5,9.25,NA,Neds
Los Angeles Lakers v Utah Jazz,Los Angeles Lakers,Utah Jazz,Player Points,Kennedy Chandler,NA,NA,25.5,6.4,NA,Neds
Los Angeles Lakers v Utah Jazz,Los Angeles Lakers,Utah Jazz,Player Points,Luke Kennard,Los Angeles Lakers,Utah Jazz,25.5,9.25,NA,Neds
Los Angeles Lakers v Utah Jazz,Los Angeles Lakers,Utah Jazz,Player Points,Ace Bailey,Utah Jazz,Los Angeles Lakers,25.5,4.2,NA,Neds
Los Angeles Lakers v Utah Jazz,Los Angeles Lakers,Utah Jazz,Player Points,Rui Hachimura,Los Angeles Lakers,Utah Jazz,25.5,12.5,NA,Neds
Los Angeles Lakers v Utah Jazz,Los Angeles Lakers,Utah Jazz,Player Points,Brice Sensabaugh,Utah Jazz,Los Angeles Lakers,25.5,2.8,NA,Neds
Minnesota Timberwolves v New Orleans Pelicans,Minnesota Timberwolves,New Orleans Pelicans,Player Points,Jeremiah Fears,New Orleans Pelicans,Minnesota Timberwolves,34.5,4.2,NA,Neds
Minnesota Timberwolves v New Orleans Pelicans,Minnesota Timberwolves,New Orleans Pelicans,Player Points,Terrence Shannon Jr.,Minnesota Timberwolves,New Orleans Pelicans,34.5,12,NA,Neds
Minnesota Timberwolves v New Orleans Pelicans,Minnesota Timberwolves,New Orleans Pelicans,Player Points,Jordan Poole,New Orleans Pelicans,Minnesota Timberwolves,34.5,21,NA,Neds
Minnesota Timberwolves v New Orleans Pelicans,Minnesota Timberwolves,New Orleans Pelicans,Player Points,Jordan Poole,New Orleans Pelicans,Minnesota Timberwolves,9.5,1.01,NA,Neds
Minnesota Timberwolves v New Orleans Pelicans,Minnesota Timberwolves,New Orleans Pelicans,Player Points,Derik Queen,New Orleans Pelicans,Minnesota Timberwolves,9.5,1.04,NA,Neds
Minnesota Timberwolves v New Orleans Pelicans,Minnesota Timberwolves,New Orleans Pelicans,Player Points,Jaylen Clark,Minnesota Timberwolves,New Orleans Pelicans,9.5,1.19,NA,Neds
Minnesota Timberwolves v New Orleans Pelicans,Minnesota Timberwolves,New Orleans Pelicans,Player Points,Joan Beringer,Minnesota Timberwolves,New Orleans Pelicans,9.5,1.1400000000000001,NA,Neds
Minnesota Timberwolves v New Orleans Pelicans,Minnesota Timberwolves,New Orleans Pelicans,Player Points,Jeremiah Fears,New Orleans Pelicans,Minnesota Timberwolves,39.5,9.5,NA,Neds
San Antonio Spurs v Denver Nuggets,San Antonio Spurs,Denver Nuggets,Player Points,Julian Champagnie,San Antonio Spurs,Denver Nuggets,15.5,2.85,NA,Neds
San Antonio Spurs v Denver Nuggets,San Antonio Spurs,Denver Nuggets,Player Points,Nikola Joki<c4><87>,NA,NA,15.5,1.3,NA,Neds
San Antonio Spurs v Denver Nuggets,San Antonio Spurs,Denver Nuggets,Player Points,Julian Strawther,Denver Nuggets,San Antonio Spurs,15.5,1.3599999999999999,NA,Neds
San Antonio Spurs v Denver Nuggets,San Antonio Spurs,Denver Nuggets,Player Points,Bruce Brown,Denver Nuggets,San Antonio Spurs,15.5,4.4,NA,Neds
San Antonio Spurs v Denver Nuggets,San Antonio Spurs,Denver Nuggets,Player Points,Devin Vassell,San Antonio Spurs,Denver Nuggets,15.5,1.85,NA,Neds
San Antonio Spurs v Denver Nuggets,San Antonio Spurs,Denver Nuggets,Player Points,Tyus Jones,Dallas Mavericks,NA,15.5,8.25,NA,Neds
San Antonio Spurs v Denver Nuggets,San Antonio Spurs,Denver Nuggets,Player Points,De'Aaron Fox,San Antonio Spurs,Denver Nuggets,15.5,1.3599999999999999,NA,Neds
San Antonio Spurs v Denver Nuggets,San Antonio Spurs,Denver Nuggets,Player Points,Victor Wembanyama,San Antonio Spurs,Denver Nuggets,15.5,1.04,NA,Neds
San Antonio Spurs v Denver Nuggets,San Antonio Spurs,Denver Nuggets,Player Points,Stephon Castle,San Antonio Spurs,Denver Nuggets,15.5,1.3,NA,Neds
Los Angeles Lakers v Utah Jazz,Los Angeles Lakers,Utah Jazz,Player Points,Rui Hachimura,Los Angeles Lakers,Utah Jazz,11.5,1.3599999999999999,NA,Neds
Los Angeles Lakers v Utah Jazz,Los Angeles Lakers,Utah Jazz,Player Points,Luke Kennard,Los Angeles Lakers,Utah Jazz,11.5,1.28,NA,Neds
Los Angeles Lakers v Utah Jazz,Los Angeles Lakers,Utah Jazz,Player Points,Oscar Tshiebwe,Utah Jazz,Los Angeles Lakers,11.5,2.1,NA,Neds
Los Angeles Lakers v Utah Jazz,Los Angeles Lakers,Utah Jazz,Player Points,Jake LaRavia,Los Angeles Lakers,Utah Jazz,11.5,1.8199999999999998,NA,Neds
Los Angeles Lakers v Utah Jazz,Los Angeles Lakers,Utah Jazz,Player Points,Deandre Ayton,Los Angeles Lakers,Utah Jazz,11.5,1.28,NA,Neds
Los Angeles Lakers v Utah Jazz,Los Angeles Lakers,Utah Jazz,Player Points,Kennedy Chandler,NA,NA,11.5,1.2,NA,Neds
Los Angeles Lakers v Utah Jazz,Los Angeles Lakers,Utah Jazz,Player Points,Ace Bailey,Utah Jazz,Los Angeles Lakers,11.5,1.11,NA,Neds
Los Angeles Lakers v Utah Jazz,Los Angeles Lakers,Utah Jazz,Player Points,Cody Williams,Utah Jazz,Los Angeles Lakers,11.5,1.3,NA,Neds
Los Angeles Lakers v Utah Jazz,Los Angeles Lakers,Utah Jazz,Player Points,Brice Sensabaugh,Utah Jazz,Los Angeles Lakers,11.5,1.04,NA,Neds
Minnesota Timberwolves v New Orleans Pelicans,Minnesota Timberwolves,New Orleans Pelicans,Player Points,Jeremiah Fears,New Orleans Pelicans,Minnesota Timberwolves,24.5,1.5,NA,Neds
Minnesota Timberwolves v New Orleans Pelicans,Minnesota Timberwolves,New Orleans Pelicans,Player Points,Joan Beringer,Minnesota Timberwolves,New Orleans Pelicans,24.5,6.75,NA,Neds
Minnesota Timberwolves v New Orleans Pelicans,Minnesota Timberwolves,New Orleans Pelicans,Player Points,Terrence Shannon Jr.,Minnesota Timberwolves,New Orleans Pelicans,24.5,2.35,NA,Neds
Minnesota Timberwolves v New Orleans Pelicans,Minnesota Timberwolves,New Orleans Pelicans,Player Points,Jordan Poole,New Orleans Pelicans,Minnesota Timberwolves,24.5,3.05,NA,Neds
Minnesota Timberwolves v New Orleans Pelicans,Minnesota Timberwolves,New Orleans Pelicans,Player Points,Derik Queen,New Orleans Pelicans,Minnesota Timberwolves,24.5,3.6,NA,Neds
Minnesota Timberwolves v New Orleans Pelicans,Minnesota Timberwolves,New Orleans Pelicans,Player Points,Jaylen Clark,Minnesota Timberwolves,New Orleans Pelicans,24.5,8.75,NA,Neds
Philadelphia 76ers v Milwaukee Bucks,Philadelphia 76ers,Milwaukee Bucks,Player Points,Tyrese Maxey,Philadelphia 76ers,Milwaukee Bucks,44.5,19,NA,Neds
Los Angeles Lakers v Utah Jazz,Los Angeles Lakers,Utah Jazz,Player Points,LeBron James,Los Angeles Lakers,Utah Jazz,17.5,1.1,NA,Neds
Los Angeles Lakers v Utah Jazz,Los Angeles Lakers,Utah Jazz,Player Points,Oscar Tshiebwe,Utah Jazz,Los Angeles Lakers,17.5,6.75,NA,Neds
Los Angeles Lakers v Utah Jazz,Los Angeles Lakers,Utah Jazz,Player Points,Kennedy Chandler,NA,NA,17.5,1.92,NA,Neds
Los Angeles Lakers v Utah Jazz,Los Angeles Lakers,Utah Jazz,Player Points,Ace Bailey,Utah Jazz,Los Angeles Lakers,17.5,1.6,NA,Neds
Los Angeles Lakers v Utah Jazz,Los Angeles Lakers,Utah Jazz,Player Points,Cody Williams,Utah Jazz,Los Angeles Lakers,17.5,2.3,NA,Neds
Los Angeles Lakers v Utah Jazz,Los Angeles Lakers,Utah Jazz,Player Points,Brice Sensabaugh,Utah Jazz,Los Angeles Lakers,17.5,1.35,NA,Neds
Los Angeles Lakers v Utah Jazz,Los Angeles Lakers,Utah Jazz,Player Points,Deandre Ayton,Los Angeles Lakers,Utah Jazz,17.5,2.25,NA,Neds
Los Angeles Lakers v Utah Jazz,Los Angeles Lakers,Utah Jazz,Player Points,Luke Kennard,Los Angeles Lakers,Utah Jazz,17.5,2.25,NA,Neds
Los Angeles Lakers v Utah Jazz,Los Angeles Lakers,Utah Jazz,Player Points,Jake LaRavia,Los Angeles Lakers,Utah Jazz,17.5,5,NA,Neds
Los Angeles Lakers v Utah Jazz,Los Angeles Lakers,Utah Jazz,Player Points,Rui Hachimura,Los Angeles Lakers,Utah Jazz,17.5,2.55,NA,Neds
San Antonio Spurs v Denver Nuggets,San Antonio Spurs,Denver Nuggets,Player Points,Devin Vassell,San Antonio Spurs,Denver Nuggets,14.5,1.67,NA,Neds
San Antonio Spurs v Denver Nuggets,San Antonio Spurs,Denver Nuggets,Player Points,Julian Champagnie,San Antonio Spurs,Denver Nuggets,14.5,2.45,NA,Neds
San Antonio Spurs v Denver Nuggets,San Antonio Spurs,Denver Nuggets,Player Points,Stephon Castle,San Antonio Spurs,Denver Nuggets,14.5,1.22,NA,Neds
San Antonio Spurs v Denver Nuggets,San Antonio Spurs,Denver Nuggets,Player Points,Tyus Jones,Dallas Mavericks,NA,14.5,6.2,NA,Neds
San Antonio Spurs v Denver Nuggets,San Antonio Spurs,Denver Nuggets,Player Points,Bruce Brown,Denver Nuggets,San Antonio Spurs,14.5,3.6,NA,Neds
San Antonio Spurs v Denver Nuggets,San Antonio Spurs,Denver Nuggets,Player Points,De'Aaron Fox,San Antonio Spurs,Denver Nuggets,14.5,1.28,NA,Neds
San Antonio Spurs v Denver Nuggets,San Antonio Spurs,Denver Nuggets,Player Points,Victor Wembanyama,San Antonio Spurs,Denver Nuggets,14.5,1.02,NA,Neds
San Antonio Spurs v Denver Nuggets,San Antonio Spurs,Denver Nuggets,Player Points,Nikola Joki<c4><87>,NA,NA,14.5,1.22,NA,Neds
San Antonio Spurs v Denver Nuggets,San Antonio Spurs,Denver Nuggets,Player Points,Julian Strawther,Denver Nuggets,San Antonio Spurs,14.5,1.28,NA,Neds
Boston Celtics v Orlando Magic,Boston Celtics,Orlando Magic,Player Points,Wendell Carter Jr.,Orlando Magic,Boston Celtics,15.5,4.2,NA,Neds
Boston Celtics v Orlando Magic,Boston Celtics,Orlando Magic,Player Points,Luka Garza,Boston Celtics,Orlando Magic,15.5,1.52,NA,Neds
Boston Celtics v Orlando Magic,Boston Celtics,Orlando Magic,Player Points,Baylor Scheierman,Boston Celtics,Orlando Magic,15.5,2.1,NA,Neds
Boston Celtics v Orlando Magic,Boston Celtics,Orlando Magic,Player Points,Desmond Bane,Orlando Magic,Boston Celtics,15.5,1.52,NA,Neds
Boston Celtics v Orlando Magic,Boston Celtics,Orlando Magic,Player Points,Anthony Black,Orlando Magic,Boston Celtics,15.5,4.5,NA,Neds
Boston Celtics v Orlando Magic,Boston Celtics,Orlando Magic,Player Points,Max Shulga,Boston Celtics,Orlando Magic,15.5,1.92,NA,Neds
Boston Celtics v Orlando Magic,Boston Celtics,Orlando Magic,Player Points,Paolo Banchero,Orlando Magic,Boston Celtics,15.5,1.28,NA,Neds
Boston Celtics v Orlando Magic,Boston Celtics,Orlando Magic,Player Points,Ron Harper Jr.,Boston Celtics,Orlando Magic,15.5,2.3,NA,Neds
Boston Celtics v Orlando Magic,Boston Celtics,Orlando Magic,Player Points,Franz Wagner,Orlando Magic,Boston Celtics,15.5,1.55,NA,Neds
Boston Celtics v Orlando Magic,Boston Celtics,Orlando Magic,Player Points,Tristan da Silva,Orlando Magic,Boston Celtics,15.5,12,NA,Neds
Boston Celtics v Orlando Magic,Boston Celtics,Orlando Magic,Player Points,Jalen Suggs,Orlando Magic,Boston Celtics,15.5,2.8,NA,Neds
Boston Celtics v Orlando Magic,Boston Celtics,Orlando Magic,Player Points,Jordan Walsh,Boston Celtics,Orlando Magic,15.5,4.8,NA,Neds
