match_id,match_type,match_date_utc,home_team_id,away_team_id,home_team_name,away_team_name,match_date_adl,date_scraped
0012500008,Neutral Site,2025-10-02T16:00:00Z,1610612752,1610612755,New York Knicks,Philadelphia 76ers,2025-10-03 01:30:00+09:30,2026-01-07T19:11:00.11Z
0012500001,Regular Season,2025-10-04T02:00:00Z,1610612747,1610612756,Los Angeles Lakers,Phoenix Suns,2025-10-04 11:30:00+09:30,2026-01-07T19:11:00.11Z
0012500010,Neutral Site,2025-10-04T15:00:00Z,1610612755,1610612752,Philadelphia 76ers,New York Knicks,2025-10-05 00:30:00+09:30,2026-01-07T19:11:00.11Z
0012500027,Regular Season,2025-10-05T00:00:00Z,1610612748,1610612753,Miami Heat,Orlando Magic,2025-10-05 10:30:00+10:30,2026-01-07T19:11:00.11Z
0012500028,Regular Season,2025-10-05T01:00:00Z,1610612743,1610612750,Denver Nuggets,Minnesota Timberwolves,2025-10-05 11:30:00+10:30,2026-01-07T19:11:00.11Z
0012500029,Regular Season,2025-10-05T21:00:00Z,1610612766,1610612760,Charlotte Hornets,Oklahoma City Thunder,2025-10-06 07:30:00+10:30,2026-01-07T19:11:00.11Z
0012500030,Regular Season,2025-10-06T00:30:00Z,1610612744,1610612747,Golden State Warriors,Los Angeles Lakers,2025-10-06 11:00:00+10:30,2026-01-07T19:11:00.11Z
0012500002,Regular Season,2025-10-06T23:30:00Z,1610612748,1610612749,Miami Heat,Milwaukee Bucks,2025-10-07 10:00:00+10:30,2026-01-07T19:11:00.11Z
0012500031,Regular Season,2025-10-07T00:00:00Z,1610612763,1610612765,Memphis Grizzlies,Detroit Pistons,2025-10-07 10:30:00+10:30,2026-01-07T19:11:00.11Z
0012500014,Regular Season,2025-10-07T00:00:00Z,1610612745,1610612737,Houston Rockets,Atlanta Hawks,2025-10-07 10:30:00+10:30,2026-01-07T19:11:00.11Z
0012500033,Regular Season,2025-10-07T00:30:00Z,1610612742,1610612760,Dallas Mavericks,Oklahoma City Thunder,2025-10-07 11:00:00+10:30,2026-01-07T19:11:00.11Z
0012500034,Regular Season,2025-10-07T02:00:00Z,1610612761,1610612743,Toronto Raptors,Denver Nuggets,2025-10-07 12:30:00+10:30,2026-01-07T19:11:00.11Z
0012500035,Regular Season,2025-10-07T23:00:00Z,1610612739,1610612741,Cleveland Cavaliers,Chicago Bulls,2025-10-08 09:30:00+10:30,2026-01-07T19:11:00.11Z
0012500036,Regular Season,2025-10-08T00:00:00Z,1610612750,1610612754,Minnesota Timberwolves,Indiana Pacers,2025-10-08 10:30:00+10:30,2026-01-07T19:11:00.11Z
0012500003,Regular Season,2025-10-08T23:30:00Z,1610612748,1610612759,Miami Heat,San Antonio Spurs,2025-10-09 10:00:00+10:30,2026-01-07T19:11:00.11Z
0012500037,Regular Season,2025-10-09T00:00:00Z,1610612745,1610612762,Houston Rockets,Utah Jazz,2025-10-09 10:30:00+10:30,2026-01-07T19:11:00.11Z
0012500038,Regular Season,2025-10-09T00:00:00Z,1610612763,1610612738,Memphis Grizzlies,Boston Celtics,2025-10-09 10:30:00+10:30,2026-01-07T19:11:00.11Z
0012500015,Regular Season,2025-10-09T02:00:00Z,1610612744,1610612757,Golden State Warriors,Portland Trail Blazers,2025-10-09 12:30:00+10:30,2026-01-07T19:11:00.11Z
0012500016,Regular Season,2025-10-09T02:00:00Z,1610612758,1610612761,Sacramento Kings,Toronto Raptors,2025-10-09 12:30:00+10:30,2026-01-07T19:11:00.11Z
0012500039,Regular Season,2025-10-09T23:30:00Z,1610612752,1610612750,New York Knicks,Minnesota Timberwolves,2025-10-10 10:00:00+10:30,2026-01-07T19:11:00.11Z
0012500040,Regular Season,2025-10-10T00:00:00Z,1610612741,1610612739,Chicago Bulls,Cleveland Cavaliers,2025-10-10 10:30:00+10:30,2026-01-07T19:11:00.11Z
0012500041,Regular Season,2025-10-10T00:00:00Z,1610612749,1610612765,Milwaukee Bucks,Detroit Pistons,2025-10-10 10:30:00+10:30,2026-01-07T19:11:00.11Z
0012500042,Regular Season,2025-10-10T00:00:00Z,1610612760,1610612766,Oklahoma City Thunder,Charlotte Hornets,2025-10-10 10:30:00+10:30,2026-01-07T19:11:00.11Z
0012500012,Neutral Site,2025-10-10T12:00:00Z,1610612751,1610612756,Brooklyn Nets,Phoenix Suns,2025-10-10 22:30:00+10:30,2026-01-07T19:11:00.11Z
0012500044,Regular Season,2025-10-10T23:00:00Z,1610612761,1610612738,Toronto Raptors,Boston Celtics,2025-10-11 09:30:00+10:30,2026-01-07T19:11:00.11Z
0012500070,Regular Season,2025-10-10T23:00:00Z,1610612755,1610612753,Philadelphia 76ers,Orlando Magic,2025-10-11 09:30:00+10:30,2026-01-07T19:11:00.11Z
0012500045,Regular Season,2025-10-11T00:00:00Z,1610612759,1610612762,San Antonio Spurs,Utah Jazz,2025-10-11 10:30:00+10:30,2026-01-07T19:11:00.11Z
0012500017,Regular Season,2025-10-11T02:00:00Z,1610612757,1610612758,Portland Trail Blazers,Sacramento Kings,2025-10-11 12:30:00+10:30,2026-01-07T19:11:00.11Z
0012500046,Regular Season,2025-10-11T23:00:00Z,1610612754,1610612760,Indiana Pacers,Oklahoma City Thunder,2025-10-12 09:30:00+10:30,2026-01-07T19:11:00.11Z
0012500018,Regular Season,2025-10-12T00:00:00Z,1610612763,1610612737,Memphis Grizzlies,Atlanta Hawks,2025-10-12 10:30:00+10:30,2026-01-07T19:11:00.11Z
0012500047,Regular Season,2025-10-12T00:30:00Z,1610612742,1610612766,Dallas Mavericks,Charlotte Hornets,2025-10-12 11:00:00+10:30,2026-01-07T19:11:00.11Z
0012500013,Neutral Site,2025-10-12T11:00:00Z,1610612756,1610612751,Phoenix Suns,Brooklyn Nets,2025-10-12 21:30:00+10:30,2026-01-07T19:11:00.11Z
0012500048,Regular Season,2025-10-12T19:00:00Z,1610612764,1610612761,Washington Wizards,Toronto Raptors,2025-10-13 05:30:00+10:30,2026-01-07T19:11:00.11Z
0012500049,Regular Season,2025-10-12T22:00:00Z,1610612753,1610612748,Orlando Magic,Miami Heat,2025-10-13 08:30:00+10:30,2026-01-07T19:11:00.11Z
0012500050,Regular Season,2025-10-12T23:00:00Z,1610612738,1610612739,Boston Celtics,Cleveland Cavaliers,2025-10-13 09:30:00+10:30,2026-01-07T19:11:00.11Z
0012500051,Regular Season,2025-10-12T23:00:00Z,1610612741,1610612749,Chicago Bulls,Milwaukee Bucks,2025-10-13 09:30:00+10:30,2026-01-07T19:11:00.11Z
0012500052,Regular Season,2025-10-13T01:30:00Z,1610612746,1610612743,Los Angeles Clippers,Denver Nuggets,2025-10-13 12:00:00+10:30,2026-01-07T19:11:00.11Z
0012500004,Regular Season,2025-10-13T01:30:00Z,1610612747,1610612744,Los Angeles Lakers,Golden State Warriors,2025-10-13 12:00:00+10:30,2026-01-07T19:11:00.11Z
0012500019,Regular Season,2025-10-13T22:00:00Z,1610612737,1610612748,Atlanta Hawks,Miami Heat,2025-10-14 08:30:00+10:30,2026-01-07T19:11:00.11Z
0012500053,Regular Season,2025-10-13T23:00:00Z,1610612754,1610612759,Indiana Pacers,San Antonio Spurs,2025-10-14 09:30:00+10:30,2026-01-07T19:11:00.11Z
0012500054,Regular Season,2025-10-13T23:30:00Z,1610612752,1610612764,New York Knicks,Washington Wizards,2025-10-14 10:00:00+10:30,2026-01-07T19:11:00.11Z
0012500056,Regular Season,2025-10-14T01:00:00Z,1610612762,1610612742,Utah Jazz,Dallas Mavericks,2025-10-14 11:30:00+10:30,2026-01-07T19:11:00.11Z
0012500057,Regular Season,2025-10-14T23:00:00Z,1610612739,1610612765,Cleveland Cavaliers,Detroit Pistons,2025-10-15 09:30:00+10:30,2026-01-07T19:11:00.11Z
0012500020,Regular Season,2025-10-15T00:00:00Z,1610612740,1610612745,New Orleans Pelicans,Houston Rockets,2025-10-15 10:30:00+10:30,2026-01-07T19:11:00.11Z
0012500058,Regular Season,2025-10-15T00:00:00Z,1610612749,1610612760,Milwaukee Bucks,Oklahoma City Thunder,2025-10-15 10:30:00+10:30,2026-01-07T19:11:00.11Z
0012500059,Regular Season,2025-10-15T01:00:00Z,1610612743,1610612741,Denver Nuggets,Chicago Bulls,2025-10-15 11:30:00+10:30,2026-01-07T19:11:00.11Z
0012500021,Regular Season,2025-10-15T02:00:00Z,1610612757,1610612744,Portland Trail Blazers,Golden State Warriors,2025-10-15 12:30:00+10:30,2026-01-07T19:11:00.11Z
0012500060,Regular Season,2025-10-15T02:00:00Z,1610612756,1610612747,Phoenix Suns,Los Angeles Lakers,2025-10-15 12:30:00+10:30,2026-01-07T19:11:00.11Z
0012500061,Regular Season,2025-10-15T23:00:00Z,1610612766,1610612763,Charlotte Hornets,Memphis Grizzlies,2025-10-16 09:30:00+10:30,2026-01-07T19:11:00.11Z
0012500062,Regular Season,2025-10-15T23:30:00Z,1610612738,1610612761,Boston Celtics,Toronto Raptors,2025-10-16 10:00:00+10:30,2026-01-07T19:11:00.11Z
0012500022,Regular Season,2025-10-16T02:00:00Z,1610612758,1610612746,Sacramento Kings,Los Angeles Clippers,2025-10-16 12:30:00+10:30,2026-01-07T19:11:00.11Z
0012500005,Regular Season,2025-10-16T02:30:00Z,1610612747,1610612742,Los Angeles Lakers,Dallas Mavericks,2025-10-16 13:00:00+10:30,2026-01-07T19:11:00.11Z
0012500023,Regular Season,2025-10-16T23:00:00Z,1610612753,1610612740,Orlando Magic,New Orleans Pelicans,2025-10-17 09:30:00+10:30,2026-01-07T19:11:00.11Z
0012500063,Regular Season,2025-10-16T23:00:00Z,1610612765,1610612764,Detroit Pistons,Washington Wizards,2025-10-17 09:30:00+10:30,2026-01-07T19:11:00.11Z
0012500024,Regular Season,2025-10-16T23:30:00Z,1610612737,1610612745,Atlanta Hawks,Houston Rockets,2025-10-17 10:00:00+10:30,2026-01-07T19:11:00.11Z
0012500064,Regular Season,2025-10-17T00:00:00Z,1610612741,1610612750,Chicago Bulls,Minnesota Timberwolves,2025-10-17 10:30:00+10:30,2026-01-07T19:11:00.11Z
0012500025,Regular Season,2025-10-17T01:00:00Z,1610612762,1610612757,Utah Jazz,Portland Trail Blazers,2025-10-17 11:30:00+10:30,2026-01-07T19:11:00.11Z
0012500071,Regular Season,2025-10-17T23:00:00Z,1610612755,1610612750,Philadelphia 76ers,Minnesota Timberwolves,2025-10-18 09:30:00+10:30,2026-01-07T19:11:00.11Z
0012500065,Regular Season,2025-10-17T23:00:00Z,1610612761,1610612751,Toronto Raptors,Brooklyn Nets,2025-10-18 09:30:00+10:30,2026-01-07T19:11:00.11Z
0012500066,Regular Season,2025-10-17T23:30:00Z,1610612752,1610612766,New York Knicks,Charlotte Hornets,2025-10-18 10:00:00+10:30,2026-01-07T19:11:00.11Z
0012500067,Regular Season,2025-10-18T00:00:00Z,1610612760,1610612743,Oklahoma City Thunder,Denver Nuggets,2025-10-18 10:30:00+10:30,2026-01-07T19:11:00.11Z
0012500068,Regular Season,2025-10-18T00:00:00Z,1610612759,1610612754,San Antonio Spurs,Indiana Pacers,2025-10-18 10:30:00+10:30,2026-01-07T19:11:00.11Z
0012500006,Regular Season,2025-10-18T00:00:00Z,1610612748,1610612763,Miami Heat,Memphis Grizzlies,2025-10-18 10:30:00+10:30,2026-01-07T19:11:00.11Z
0012500069,Regular Season,2025-10-18T02:00:00Z,1610612744,1610612746,Golden State Warriors,Los Angeles Clippers,2025-10-18 12:30:00+10:30,2026-01-07T19:11:00.11Z
0012500007,Regular Season,2025-10-18T02:30:00Z,1610612747,1610612758,Los Angeles Lakers,Sacramento Kings,2025-10-18 13:00:00+10:30,2026-01-07T19:11:00.11Z
0022500001,Regular Season,2025-10-21T23:30:00Z,1610612760,1610612745,Oklahoma City Thunder,Houston Rockets,2025-10-22 10:00:00+10:30,2026-01-07T19:11:00.11Z
0022500002,Regular Season,2025-10-22T02:00:00Z,1610612747,1610612744,Los Angeles Lakers,Golden State Warriors,2025-10-22 12:30:00+10:30,2026-01-07T19:11:00.11Z
0022500080,Regular Season,2025-10-22T23:00:00Z,1610612766,1610612751,Charlotte Hornets,Brooklyn Nets,2025-10-23 09:30:00+10:30,2026-01-07T19:11:00.11Z
0022500081,Regular Season,2025-10-22T23:00:00Z,1610612753,1610612748,Orlando Magic,Miami Heat,2025-10-23 09:30:00+10:30,2026-01-07T19:11:00.11Z
0022500003,Regular Season,2025-10-22T23:00:00Z,1610612752,1610612739,New York Knicks,Cleveland Cavaliers,2025-10-23 09:30:00+10:30,2026-01-07T19:11:00.11Z
0022500082,Regular Season,2025-10-22T23:30:00Z,1610612737,1610612761,Atlanta Hawks,Toronto Raptors,2025-10-23 10:00:00+10:30,2026-01-07T19:11:00.11Z
0022500083,Regular Season,2025-10-22T23:30:00Z,1610612738,1610612755,Boston Celtics,Philadelphia 76ers,2025-10-23 10:00:00+10:30,2026-01-07T19:11:00.11Z
0022500086,Regular Season,2025-10-23T00:00:00Z,1610612749,1610612764,Milwaukee Bucks,Washington Wizards,2025-10-23 10:30:00+10:30,2026-01-07T19:11:00.11Z
0022500084,Regular Season,2025-10-23T00:00:00Z,1610612741,1610612765,Chicago Bulls,Detroit Pistons,2025-10-23 10:30:00+10:30,2026-01-07T19:11:00.11Z
0022500085,Regular Season,2025-10-23T00:00:00Z,1610612763,1610612740,Memphis Grizzlies,New Orleans Pelicans,2025-10-23 10:30:00+10:30,2026-01-07T19:11:00.11Z
0022500087,Regular Season,2025-10-23T01:00:00Z,1610612762,1610612746,Utah Jazz,Los Angeles Clippers,2025-10-23 11:30:00+10:30,2026-01-07T19:11:00.11Z
0022500004,Regular Season,2025-10-23T01:30:00Z,1610612742,1610612759,Dallas Mavericks,San Antonio Spurs,2025-10-23 12:00:00+10:30,2026-01-07T19:11:00.11Z
0022500089,Regular Season,2025-10-23T02:00:00Z,1610612757,1610612750,Portland Trail Blazers,Minnesota Timberwolves,2025-10-23 12:30:00+10:30,2026-01-07T19:11:00.11Z
0022500088,Regular Season,2025-10-23T02:00:00Z,1610612756,1610612758,Phoenix Suns,Sacramento Kings,2025-10-23 12:30:00+10:30,2026-01-07T19:11:00.11Z
0022500005,Regular Season,2025-10-23T23:30:00Z,1610612754,1610612760,Indiana Pacers,Oklahoma City Thunder,2025-10-24 10:00:00+10:30,2026-01-07T19:11:00.11Z
0022500006,Regular Season,2025-10-24T02:00:00Z,1610612744,1610612743,Golden State Warriors,Denver Nuggets,2025-10-24 12:30:00+10:30,2026-01-07T19:11:00.11Z
0022500092,Regular Season,2025-10-24T22:30:00Z,1610612761,1610612749,Toronto Raptors,Milwaukee Bucks,2025-10-25 09:00:00+10:30,2026-01-07T19:11:00.11Z
0022500090,Regular Season,2025-10-24T23:00:00Z,1610612753,1610612737,Orlando Magic,Atlanta Hawks,2025-10-25 09:30:00+10:30,2026-01-07T19:11:00.11Z
0022500018,Regular Season,2025-10-24T23:30:00Z,1610612752,1610612738,New York Knicks,Boston Celtics,2025-10-25 10:00:00+10:30,2026-01-07T19:11:00.11Z
0022500091,Regular Season,2025-10-24T23:30:00Z,1610612751,1610612739,Brooklyn Nets,Cleveland Cavaliers,2025-10-25 10:00:00+10:30,2026-01-07T19:11:00.11Z
0022500093,Regular Season,2025-10-25T00:00:00Z,1610612745,1610612765,Houston Rockets,Detroit Pistons,2025-10-25 10:30:00+10:30,2026-01-07T19:11:00.11Z
0022500094,Regular Season,2025-10-25T00:00:00Z,1610612763,1610612748,Memphis Grizzlies,Miami Heat,2025-10-25 10:30:00+10:30,2026-01-07T19:11:00.11Z
0022500095,Regular Season,2025-10-25T00:00:00Z,1610612740,1610612759,New Orleans Pelicans,San Antonio Spurs,2025-10-25 10:30:00+10:30,2026-01-07T19:11:00.11Z
0022500096,Regular Season,2025-10-25T00:30:00Z,1610612742,1610612764,Dallas Mavericks,Washington Wizards,2025-10-25 11:00:00+10:30,2026-01-07T19:11:00.11Z
0022500098,Regular Season,2025-10-25T02:00:00Z,1610612758,1610612762,Sacramento Kings,Utah Jazz,2025-10-25 12:30:00+10:30,2026-01-07T19:11:00.11Z
0022500097,Regular Season,2025-10-25T02:00:00Z,1610612757,1610612744,Portland Trail Blazers,Golden State Warriors,2025-10-25 12:30:00+10:30,2026-01-07T19:11:00.11Z
0022500019,Regular Season,2025-10-25T02:00:00Z,1610612747,1610612750,Los Angeles Lakers,Minnesota Timberwolves,2025-10-25 12:30:00+10:30,2026-01-07T19:11:00.11Z
0022500099,Regular Season,2025-10-25T02:30:00Z,1610612746,1610612756,Los Angeles Clippers,Phoenix Suns,2025-10-25 13:00:00+10:30,2026-01-07T19:11:00.11Z
0022500100,Regular Season,2025-10-25T23:00:00Z,1610612753,1610612741,Orlando Magic,Chicago Bulls,2025-10-26 09:30:00+10:30,2026-01-07T19:11:00.11Z
0022500101,Regular Season,2025-10-25T23:30:00Z,1610612737,1610612760,Atlanta Hawks,Oklahoma City Thunder,2025-10-26 10:00:00+10:30,2026-01-07T19:11:00.11Z
0022500102,Regular Season,2025-10-25T23:30:00Z,1610612755,1610612766,Philadelphia 76ers,Charlotte Hornets,2025-10-26 10:00:00+10:30,2026-01-07T19:11:00.11Z
0022500103,Regular Season,2025-10-26T00:00:00Z,1610612763,1610612754,Memphis Grizzlies,Indiana Pacers,2025-10-26 10:30:00+10:30,2026-01-07T19:11:00.11Z
0022500104,Regular Season,2025-10-26T01:00:00Z,1610612743,1610612756,Denver Nuggets,Phoenix Suns,2025-10-26 11:30:00+10:30,2026-01-07T19:11:00.11Z
0022500105,Regular Season,2025-10-26T18:00:00Z,1610612759,1610612751,San Antonio Spurs,Brooklyn Nets,2025-10-27 04:30:00+10:30,2026-01-07T19:11:00.11Z
0022500106,Regular Season,2025-10-26T19:30:00Z,1610612765,1610612738,Detroit Pistons,Boston Celtics,2025-10-27 06:00:00+10:30,2026-01-07T19:11:00.11Z
0022500109,Regular Season,2025-10-26T22:00:00Z,1610612764,1610612766,Washington Wizards,Charlotte Hornets,2025-10-27 08:30:00+10:30,2026-01-07T19:11:00.11Z
0022500107,Regular Season,2025-10-26T22:00:00Z,1610612739,1610612749,Cleveland Cavaliers,Milwaukee Bucks,2025-10-27 08:30:00+10:30,2026-01-07T19:11:00.11Z
0022500108,Regular Season,2025-10-26T22:00:00Z,1610612748,1610612752,Miami Heat,New York Knicks,2025-10-27 08:30:00+10:30,2026-01-07T19:11:00.11Z
0022500110,Regular Season,2025-10-26T23:00:00Z,1610612750,1610612754,Minnesota Timberwolves,Indiana Pacers,2025-10-27 09:30:00+10:30,2026-01-07T19:11:00.11Z
0022500111,Regular Season,2025-10-26T23:30:00Z,1610612742,1610612761,Dallas Mavericks,Toronto Raptors,2025-10-27 10:00:00+10:30,2026-01-07T19:11:00.11Z
0022500112,Regular Season,2025-10-27T01:00:00Z,1610612746,1610612757,Los Angeles Clippers,Portland Trail Blazers,2025-10-27 11:30:00+10:30,2026-01-07T19:11:00.11Z
0022500113,Regular Season,2025-10-27T01:00:00Z,1610612758,1610612747,Sacramento Kings,Los Angeles Lakers,2025-10-27 11:30:00+10:30,2026-01-07T19:11:00.11Z
0022500007,Regular Season,2025-10-27T23:00:00Z,1610612765,1610612739,Detroit Pistons,Cleveland Cavaliers,2025-10-28 09:30:00+10:30,2026-01-07T19:11:00.11Z
0022500114,Regular Season,2025-10-27T23:00:00Z,1610612755,1610612753,Philadelphia 76ers,Orlando Magic,2025-10-28 09:30:00+10:30,2026-01-07T19:11:00.11Z
0022500115,Regular Season,2025-10-28T00:00:00Z,1610612741,1610612737,Chicago Bulls,Atlanta Hawks,2025-10-28 10:30:00+10:30,2026-01-07T19:11:00.11Z
0022500116,Regular Season,2025-10-28T00:00:00Z,1610612745,1610612751,Houston Rockets,Brooklyn Nets,2025-10-28 10:30:00+10:30,2026-01-07T19:11:00.11Z
0022500117,Regular Season,2025-10-28T00:00:00Z,1610612740,1610612738,New Orleans Pelicans,Boston Celtics,2025-10-28 10:30:00+10:30,2026-01-07T19:11:00.11Z
0022500118,Regular Season,2025-10-28T00:00:00Z,1610612759,1610612761,San Antonio Spurs,Toronto Raptors,2025-10-28 10:30:00+10:30,2026-01-07T19:11:00.11Z
0022500119,Regular Season,2025-10-28T00:30:00Z,1610612742,1610612760,Dallas Mavericks,Oklahoma City Thunder,2025-10-28 11:00:00+10:30,2026-01-07T19:11:00.11Z
0022500120,Regular Season,2025-10-28T01:00:00Z,1610612762,1610612756,Utah Jazz,Phoenix Suns,2025-10-28 11:30:00+10:30,2026-01-07T19:11:00.11Z
0022500008,Regular Season,2025-10-28T01:30:00Z,1610612750,1610612743,Minnesota Timberwolves,Denver Nuggets,2025-10-28 12:00:00+10:30,2026-01-07T19:11:00.11Z
0022500121,Regular Season,2025-10-28T02:00:00Z,1610612744,1610612763,Golden State Warriors,Memphis Grizzlies,2025-10-28 12:30:00+10:30,2026-01-07T19:11:00.11Z
0022500122,Regular Season,2025-10-28T02:30:00Z,1610612747,1610612757,Los Angeles Lakers,Portland Trail Blazers,2025-10-28 13:00:00+10:30,2026-01-07T19:11:00.11Z
0022500123,Regular Season,2025-10-28T23:00:00Z,1610612764,1610612755,Washington Wizards,Philadelphia 76ers,2025-10-29 09:30:00+10:30,2026-01-07T19:11:00.11Z
0022500124,Regular Season,2025-10-28T23:30:00Z,1610612748,1610612766,Miami Heat,Charlotte Hornets,2025-10-29 10:00:00+10:30,2026-01-07T19:11:00.11Z
0022500126,Regular Season,2025-10-29T00:00:00Z,1610612760,1610612758,Oklahoma City Thunder,Sacramento Kings,2025-10-29 10:30:00+10:30,2026-01-07T19:11:00.11Z
0022500125,Regular Season,2025-10-29T00:00:00Z,1610612749,1610612752,Milwaukee Bucks,New York Knicks,2025-10-29 10:30:00+10:30,2026-01-07T19:11:00.11Z
0022500127,Regular Season,2025-10-29T03:00:00Z,1610612744,1610612746,Golden State Warriors,Los Angeles Clippers,2025-10-29 13:30:00+10:30,2026-01-07T19:11:00.11Z
0022500131,Regular Season,2025-10-29T22:30:00Z,1610612761,1610612745,Toronto Raptors,Houston Rockets,2025-10-30 09:00:00+10:30,2026-01-07T19:11:00.11Z
0022500128,Regular Season,2025-10-29T23:00:00Z,1610612738,1610612739,Boston Celtics,Cleveland Cavaliers,2025-10-30 09:30:00+10:30,2026-01-07T19:11:00.11Z
0022500129,Regular Season,2025-10-29T23:00:00Z,1610612765,1610612753,Detroit Pistons,Orlando Magic,2025-10-30 09:30:00+10:30,2026-01-07T19:11:00.11Z
0022500130,Regular Season,2025-10-29T23:30:00Z,1610612751,1610612737,Brooklyn Nets,Atlanta Hawks,2025-10-30 10:00:00+10:30,2026-01-07T19:11:00.11Z
0022500132,Regular Season,2025-10-30T00:00:00Z,1610612741,1610612758,Chicago Bulls,Sacramento Kings,2025-10-30 10:30:00+10:30,2026-01-07T19:11:00.11Z
0022500133,Regular Season,2025-10-30T00:30:00Z,1610612742,1610612754,Dallas Mavericks,Indiana Pacers,2025-10-30 11:00:00+10:30,2026-01-07T19:11:00.11Z
0022500135,Regular Season,2025-10-30T01:00:00Z,1610612762,1610612757,Utah Jazz,Portland Trail Blazers,2025-10-30 11:30:00+10:30,2026-01-07T19:11:00.11Z
0022500134,Regular Season,2025-10-30T01:00:00Z,1610612743,1610612740,Denver Nuggets,New Orleans Pelicans,2025-10-30 11:30:00+10:30,2026-01-07T19:11:00.11Z
0022500136,Regular Season,2025-10-30T01:30:00Z,1610612750,1610612747,Minnesota Timberwolves,Los Angeles Lakers,2025-10-30 12:00:00+10:30,2026-01-07T19:11:00.11Z
0022500137,Regular Season,2025-10-30T02:00:00Z,1610612756,1610612763,Phoenix Suns,Memphis Grizzlies,2025-10-30 12:30:00+10:30,2026-01-07T19:11:00.11Z
0022500138,Regular Season,2025-10-30T23:00:00Z,1610612766,1610612753,Charlotte Hornets,Orlando Magic,2025-10-31 09:30:00+10:30,2026-01-07T19:11:00.11Z
0022500139,Regular Season,2025-10-31T00:00:00Z,1610612749,1610612744,Milwaukee Bucks,Golden State Warriors,2025-10-31 10:30:00+10:30,2026-01-07T19:11:00.11Z
0022500140,Regular Season,2025-10-31T00:00:00Z,1610612760,1610612764,Oklahoma City Thunder,Washington Wizards,2025-10-31 10:30:00+10:30,2026-01-07T19:11:00.11Z
0022500141,Regular Season,2025-10-31T00:30:00Z,1610612759,1610612748,San Antonio Spurs,Miami Heat,2025-10-31 11:00:00+10:30,2026-01-07T19:11:00.11Z
0022500020,Regular Season,2025-10-31T23:00:00Z,1610612754,1610612737,Indiana Pacers,Atlanta Hawks,2025-11-01 09:30:00+10:30,2026-01-07T19:11:00.11Z
0022500021,Regular Season,2025-10-31T23:00:00Z,1610612755,1610612738,Philadelphia 76ers,Boston Celtics,2025-11-01 09:30:00+10:30,2026-01-07T19:11:00.11Z
0022500022,Regular Season,2025-10-31T23:30:00Z,1610612739,1610612761,Cleveland Cavaliers,Toronto Raptors,2025-11-01 10:00:00+10:30,2026-01-07T19:11:00.11Z
0022500023,Regular Season,2025-11-01T00:00:00Z,1610612741,1610612752,Chicago Bulls,New York Knicks,2025-11-01 10:30:00+10:30,2026-01-07T19:11:00.11Z
0022500024,Regular Season,2025-11-01T01:30:00Z,1610612763,1610612747,Memphis Grizzlies,Los Angeles Lakers,2025-11-01 12:00:00+10:30,2026-01-07T19:11:00.11Z
0022500025,Regular Season,2025-11-01T02:00:00Z,1610612756,1610612762,Phoenix Suns,Utah Jazz,2025-11-01 12:30:00+10:30,2026-01-07T19:11:00.11Z
0022500026,Regular Season,2025-11-01T02:00:00Z,1610612757,1610612743,Portland Trail Blazers,Denver Nuggets,2025-11-01 12:30:00+10:30,2026-01-07T19:11:00.11Z
0022500027,Regular Season,2025-11-01T02:30:00Z,1610612746,1610612740,Los Angeles Clippers,New Orleans Pelicans,2025-11-01 13:00:00+10:30,2026-01-07T19:11:00.11Z
0022500142,Regular Season,2025-11-01T21:00:00Z,1610612749,1610612758,Milwaukee Bucks,Sacramento Kings,2025-11-02 07:30:00+10:30,2026-01-07T19:11:00.11Z
0022500143,Regular Season,2025-11-01T22:00:00Z,1610612766,1610612750,Charlotte Hornets,Minnesota Timberwolves,2025-11-02 08:30:00+10:30,2026-01-07T19:11:00.11Z
0022500144,Regular Season,2025-11-01T23:00:00Z,1610612754,1610612744,Indiana Pacers,Golden State Warriors,2025-11-02 09:30:00+10:30,2026-01-07T19:11:00.11Z
0022500145,Regular Season,2025-11-01T23:00:00Z,1610612764,1610612753,Washington Wizards,Orlando Magic,2025-11-02 09:30:00+10:30,2026-01-07T19:11:00.11Z
0022500146,Regular Season,2025-11-02T00:00:00Z,1610612738,1610612745,Boston Celtics,Houston Rockets,2025-11-02 10:30:00+10:30,2026-01-07T19:11:00.11Z
0022500147,Neutral Site,2025-11-02T02:00:00Z,1610612765,1610612742,Detroit Pistons,Dallas Mavericks,2025-11-02 12:30:00+10:30,2026-01-07T19:11:00.11Z
0022500148,Regular Season,2025-11-02T20:30:00Z,1610612760,1610612740,Oklahoma City Thunder,New Orleans Pelicans,2025-11-03 07:00:00+10:30,2026-01-07T19:11:00.11Z
0022500149,Regular Season,2025-11-02T23:00:00Z,1610612751,1610612755,Brooklyn Nets,Philadelphia 76ers,2025-11-03 09:30:00+10:30,2026-01-07T19:11:00.11Z
0022500150,Regular Season,2025-11-02T23:00:00Z,1610612766,1610612762,Charlotte Hornets,Utah Jazz,2025-11-03 09:30:00+10:30,2026-01-07T19:11:00.11Z
0022500151,Regular Season,2025-11-02T23:00:00Z,1610612739,1610612737,Cleveland Cavaliers,Atlanta Hawks,2025-11-03 09:30:00+10:30,2026-01-07T19:11:00.11Z
0022500152,Regular Season,2025-11-02T23:00:00Z,1610612761,1610612763,Toronto Raptors,Memphis Grizzlies,2025-11-03 09:30:00+10:30,2026-01-07T19:11:00.11Z
0022500153,Regular Season,2025-11-03T00:00:00Z,1610612752,1610612741,New York Knicks,Chicago Bulls,2025-11-03 10:30:00+10:30,2026-01-07T19:11:00.11Z
0022500154,Regular Season,2025-11-03T01:00:00Z,1610612756,1610612759,Phoenix Suns,San Antonio Spurs,2025-11-03 11:30:00+10:30,2026-01-07T19:11:00.11Z
0022500155,Regular Season,2025-11-03T02:30:00Z,1610612747,1610612748,Los Angeles Lakers,Miami Heat,2025-11-03 13:00:00+10:30,2026-01-07T19:11:00.11Z
0022500157,Regular Season,2025-11-04T00:00:00Z,1610612754,1610612749,Indiana Pacers,Milwaukee Bucks,2025-11-04 10:30:00+10:30,2026-01-07T19:11:00.11Z
0022500156,Regular Season,2025-11-04T00:00:00Z,1610612751,1610612750,Brooklyn Nets,Minnesota Timberwolves,2025-11-04 10:30:00+10:30,2026-01-07T19:11:00.11Z
0022500159,Regular Season,2025-11-04T00:30:00Z,1610612752,1610612764,New York Knicks,Washington Wizards,2025-11-04 11:00:00+10:30,2026-01-07T19:11:00.11Z
0022500158,Regular Season,2025-11-04T00:30:00Z,1610612738,1610612762,Boston Celtics,Utah Jazz,2025-11-04 11:00:00+10:30,2026-01-07T19:11:00.11Z
0022500160,Regular Season,2025-11-04T01:00:00Z,1610612745,1610612742,Houston Rockets,Dallas Mavericks,2025-11-04 11:30:00+10:30,2026-01-07T19:11:00.11Z
0022500161,Regular Season,2025-11-04T01:00:00Z,1610612763,1610612765,Memphis Grizzlies,Detroit Pistons,2025-11-04 11:30:00+10:30,2026-01-07T19:11:00.11Z
0022500162,Regular Season,2025-11-04T02:00:00Z,1610612743,1610612758,Denver Nuggets,Sacramento Kings,2025-11-04 12:30:00+10:30,2026-01-07T19:11:00.11Z
0022500163,Regular Season,2025-11-04T03:00:00Z,1610612757,1610612747,Portland Trail Blazers,Los Angeles Lakers,2025-11-04 13:30:00+10:30,2026-01-07T19:11:00.11Z
0022500164,Regular Season,2025-11-04T03:30:00Z,1610612746,1610612748,Los Angeles Clippers,Miami Heat,2025-11-04 14:00:00+10:30,2026-01-07T19:11:00.11Z
0022500165,Regular Season,2025-11-05T00:30:00Z,1610612761,1610612749,Toronto Raptors,Milwaukee Bucks,2025-11-05 11:00:00+10:30,2026-01-07T19:11:00.11Z
0022500167,Regular Season,2025-11-05T01:00:00Z,1610612741,1610612755,Chicago Bulls,Philadelphia 76ers,2025-11-05 11:30:00+10:30,2026-01-07T19:11:00.11Z
0022500168,Regular Season,2025-11-05T01:00:00Z,1610612740,1610612766,New Orleans Pelicans,Charlotte Hornets,2025-11-05 11:30:00+10:30,2026-01-07T19:11:00.11Z
0022500166,Regular Season,2025-11-05T01:00:00Z,1610612737,1610612753,Atlanta Hawks,Orlando Magic,2025-11-05 11:30:00+10:30,2026-01-07T19:11:00.11Z
0022500169,Regular Season,2025-11-05T03:00:00Z,1610612744,1610612756,Golden State Warriors,Phoenix Suns,2025-11-05 13:30:00+10:30,2026-01-07T19:11:00.11Z
0022500170,Regular Season,2025-11-05T04:00:00Z,1610612746,1610612760,Los Angeles Clippers,Oklahoma City Thunder,2025-11-05 14:30:00+10:30,2026-01-07T19:11:00.11Z
0022500171,Regular Season,2025-11-06T00:00:00Z,1610612739,1610612755,Cleveland Cavaliers,Philadelphia 76ers,2025-11-06 10:30:00+10:30,2026-01-07T19:11:00.11Z
0022500172,Regular Season,2025-11-06T00:00:00Z,1610612765,1610612762,Detroit Pistons,Utah Jazz,2025-11-06 10:30:00+10:30,2026-01-07T19:11:00.11Z
0022500173,Regular Season,2025-11-06T00:00:00Z,1610612754,1610612751,Indiana Pacers,Brooklyn Nets,2025-11-06 10:30:00+10:30,2026-01-07T19:11:00.11Z
0022500174,Regular Season,2025-11-06T00:30:00Z,1610612738,1610612764,Boston Celtics,Washington Wizards,2025-11-06 11:00:00+10:30,2026-01-07T19:11:00.11Z
0022500175,Regular Season,2025-11-06T00:30:00Z,1610612752,1610612750,New York Knicks,Minnesota Timberwolves,2025-11-06 11:00:00+10:30,2026-01-07T19:11:00.11Z
0022500176,Regular Season,2025-11-06T01:00:00Z,1610612763,1610612745,Memphis Grizzlies,Houston Rockets,2025-11-06 11:30:00+10:30,2026-01-07T19:11:00.11Z
0022500177,Regular Season,2025-11-06T01:30:00Z,1610612742,1610612740,Dallas Mavericks,New Orleans Pelicans,2025-11-06 12:00:00+10:30,2026-01-07T19:11:00.11Z
0022500178,Regular Season,2025-11-06T02:00:00Z,1610612743,1610612748,Denver Nuggets,Miami Heat,2025-11-06 12:30:00+10:30,2026-01-07T19:11:00.11Z
0022500179,Regular Season,2025-11-06T03:00:00Z,1610612747,1610612759,Los Angeles Lakers,San Antonio Spurs,2025-11-06 13:30:00+10:30,2026-01-07T19:11:00.11Z
0022500180,Regular Season,2025-11-06T03:00:00Z,1610612757,1610612760,Portland Trail Blazers,Oklahoma City Thunder,2025-11-06 13:30:00+10:30,2026-01-07T19:11:00.11Z
0022500181,Regular Season,2025-11-06T03:00:00Z,1610612758,1610612744,Sacramento Kings,Golden State Warriors,2025-11-06 13:30:00+10:30,2026-01-07T19:11:00.11Z
0022500182,Regular Season,2025-11-07T02:00:00Z,1610612756,1610612746,Phoenix Suns,Los Angeles Clippers,2025-11-07 12:30:00+10:30,2026-01-07T19:11:00.11Z
0022500028,Regular Season,2025-11-08T00:00:00Z,1610612753,1610612738,Orlando Magic,Boston Celtics,2025-11-08 10:30:00+10:30,2026-01-07T19:11:00.11Z
0022500029,Regular Season,2025-11-08T00:00:00Z,1610612764,1610612739,Washington Wizards,Cleveland Cavaliers,2025-11-08 10:30:00+10:30,2026-01-07T19:11:00.11Z
0022500031,Regular Season,2025-11-08T00:30:00Z,1610612751,1610612765,Brooklyn Nets,Detroit Pistons,2025-11-08 11:00:00+10:30,2026-01-07T19:11:00.11Z
0022500032,Regular Season,2025-11-08T00:30:00Z,1610612759,1610612745,San Antonio Spurs,Houston Rockets,2025-11-08 11:00:00+10:30,2026-01-07T19:11:00.11Z
0022500030,Regular Season,2025-11-08T00:30:00Z,1610612737,1610612761,Atlanta Hawks,Toronto Raptors,2025-11-08 11:00:00+10:30,2026-01-07T19:11:00.11Z
0022500033,Regular Season,2025-11-08T01:00:00Z,1610612748,1610612766,Miami Heat,Charlotte Hornets,2025-11-08 11:30:00+10:30,2026-01-07T19:11:00.11Z
0022500034,Regular Season,2025-11-08T01:00:00Z,1610612763,1610612742,Memphis Grizzlies,Dallas Mavericks,2025-11-08 11:30:00+10:30,2026-01-07T19:11:00.11Z
0022500035,Regular Season,2025-11-08T01:00:00Z,1610612749,1610612741,Milwaukee Bucks,Chicago Bulls,2025-11-08 11:30:00+10:30,2026-01-07T19:11:00.11Z
0022500036,Regular Season,2025-11-08T01:00:00Z,1610612750,1610612762,Minnesota Timberwolves,Utah Jazz,2025-11-08 11:30:00+10:30,2026-01-07T19:11:00.11Z
0022500037,Regular Season,2025-11-08T03:00:00Z,1610612743,1610612744,Denver Nuggets,Golden State Warriors,2025-11-08 13:30:00+10:30,2026-01-07T19:11:00.11Z
0022500038,Regular Season,2025-11-08T03:00:00Z,1610612758,1610612760,Sacramento Kings,Oklahoma City Thunder,2025-11-08 13:30:00+10:30,2026-01-07T19:11:00.11Z
0022500183,Regular Season,2025-11-09T00:00:00Z,1610612764,1610612742,Washington Wizards,Dallas Mavericks,2025-11-09 10:30:00+10:30,2026-01-07T19:11:00.11Z
0022500184,Regular Season,2025-11-09T00:30:00Z,1610612755,1610612761,Philadelphia 76ers,Toronto Raptors,2025-11-09 11:00:00+10:30,2026-01-07T19:11:00.11Z
0022500187,Regular Season,2025-11-09T01:00:00Z,1610612748,1610612757,Miami Heat,Portland Trail Blazers,2025-11-09 11:30:00+10:30,2026-01-07T19:11:00.11Z
0022500188,Regular Season,2025-11-09T01:00:00Z,1610612759,1610612740,San Antonio Spurs,New Orleans Pelicans,2025-11-09 11:30:00+10:30,2026-01-07T19:11:00.11Z
0022500185,Regular Season,2025-11-09T01:00:00Z,1610612737,1610612747,Atlanta Hawks,Los Angeles Lakers,2025-11-09 11:30:00+10:30,2026-01-07T19:11:00.11Z
0022500186,Regular Season,2025-11-09T01:00:00Z,1610612739,1610612741,Cleveland Cavaliers,Chicago Bulls,2025-11-09 11:30:00+10:30,2026-01-07T19:11:00.11Z
0022500189,Regular Season,2025-11-09T02:00:00Z,1610612743,1610612754,Denver Nuggets,Indiana Pacers,2025-11-09 12:30:00+10:30,2026-01-07T19:11:00.11Z
0022500190,Regular Season,2025-11-09T03:30:00Z,1610612746,1610612756,Los Angeles Clippers,Phoenix Suns,2025-11-09 14:00:00+10:30,2026-01-07T19:11:00.11Z
0022500191,Regular Season,2025-11-09T20:30:00Z,1610612749,1610612745,Milwaukee Bucks,Houston Rockets,2025-11-10 07:00:00+10:30,2026-01-07T19:11:00.11Z
0022500192,Regular Season,2025-11-09T23:00:00Z,1610612752,1610612751,New York Knicks,Brooklyn Nets,2025-11-10 09:30:00+10:30,2026-01-07T19:11:00.11Z
0022500193,Regular Season,2025-11-09T23:00:00Z,1610612753,1610612738,Orlando Magic,Boston Celtics,2025-11-10 09:30:00+10:30,2026-01-07T19:11:00.11Z
0022500194,Regular Season,2025-11-09T23:00:00Z,1610612763,1610612760,Memphis Grizzlies,Oklahoma City Thunder,2025-11-10 09:30:00+10:30,2026-01-07T19:11:00.11Z
0022500195,Regular Season,2025-11-10T00:30:00Z,1610612755,1610612765,Philadelphia 76ers,Detroit Pistons,2025-11-10 11:00:00+10:30,2026-01-07T19:11:00.11Z
0022500196,Regular Season,2025-11-10T01:30:00Z,1610612744,1610612754,Golden State Warriors,Indiana Pacers,2025-11-10 12:00:00+10:30,2026-01-07T19:11:00.11Z
0022500197,Regular Season,2025-11-10T02:00:00Z,1610612758,1610612750,Sacramento Kings,Minnesota Timberwolves,2025-11-10 12:30:00+10:30,2026-01-07T19:11:00.11Z
0022500199,Regular Season,2025-11-11T00:00:00Z,1610612765,1610612764,Detroit Pistons,Washington Wizards,2025-11-11 10:30:00+10:30,2026-01-07T19:11:00.11Z
0022500200,Regular Season,2025-11-11T00:00:00Z,1610612753,1610612757,Orlando Magic,Portland Trail Blazers,2025-11-11 10:30:00+10:30,2026-01-07T19:11:00.11Z
0022500198,Regular Season,2025-11-11T00:00:00Z,1610612766,1610612747,Charlotte Hornets,Los Angeles Lakers,2025-11-11 10:30:00+10:30,2026-01-07T19:11:00.11Z
0022500201,Regular Season,2025-11-11T00:30:00Z,1610612748,1610612739,Miami Heat,Cleveland Cavaliers,2025-11-11 11:00:00+10:30,2026-01-07T19:11:00.11Z
0022500202,Regular Season,2025-11-11T01:00:00Z,1610612741,1610612759,Chicago Bulls,San Antonio Spurs,2025-11-11 11:30:00+10:30,2026-01-07T19:11:00.11Z
0022500203,Regular Season,2025-11-11T01:30:00Z,1610612742,1610612749,Dallas Mavericks,Milwaukee Bucks,2025-11-11 12:00:00+10:30,2026-01-07T19:11:00.11Z
0022500204,Regular Season,2025-11-11T02:00:00Z,1610612756,1610612740,Phoenix Suns,New Orleans Pelicans,2025-11-11 12:30:00+10:30,2026-01-07T19:11:00.11Z
0022500205,Regular Season,2025-11-11T02:00:00Z,1610612762,1610612750,Utah Jazz,Minnesota Timberwolves,2025-11-11 12:30:00+10:30,2026-01-07T19:11:00.11Z
0022500206,Regular Season,2025-11-11T03:30:00Z,1610612746,1610612737,Los Angeles Clippers,Atlanta Hawks,2025-11-11 14:00:00+10:30,2026-01-07T19:11:00.11Z
0022500208,Regular Season,2025-11-12T00:30:00Z,1610612752,1610612763,New York Knicks,Memphis Grizzlies,2025-11-12 11:00:00+10:30,2026-01-07T19:11:00.11Z
0022500207,Regular Season,2025-11-12T00:30:00Z,1610612751,1610612761,Brooklyn Nets,Toronto Raptors,2025-11-12 11:00:00+10:30,2026-01-07T19:11:00.11Z
0022500209,Regular Season,2025-11-12T01:00:00Z,1610612755,1610612738,Philadelphia 76ers,Boston Celtics,2025-11-12 11:30:00+10:30,2026-01-07T19:11:00.11Z
0022500210,Regular Season,2025-11-12T01:00:00Z,1610612760,1610612744,Oklahoma City Thunder,Golden State Warriors,2025-11-12 11:30:00+10:30,2026-01-07T19:11:00.11Z
0022500211,Regular Season,2025-11-12T02:00:00Z,1610612762,1610612754,Utah Jazz,Indiana Pacers,2025-11-12 12:30:00+10:30,2026-01-07T19:11:00.11Z
0022500212,Regular Season,2025-11-12T04:00:00Z,1610612758,1610612743,Sacramento Kings,Denver Nuggets,2025-11-12 14:30:00+10:30,2026-01-07T19:11:00.11Z
0022500213,Regular Season,2025-11-13T00:00:00Z,1610612766,1610612749,Charlotte Hornets,Milwaukee Bucks,2025-11-13 10:30:00+10:30,2026-01-07T19:11:00.11Z
0022500214,Regular Season,2025-11-13T00:00:00Z,1610612765,1610612741,Detroit Pistons,Chicago Bulls,2025-11-13 10:30:00+10:30,2026-01-07T19:11:00.11Z
0022500215,Regular Season,2025-11-13T00:00:00Z,1610612752,1610612753,New York Knicks,Orlando Magic,2025-11-13 10:30:00+10:30,2026-01-07T19:11:00.11Z
0022500216,Regular Season,2025-11-13T00:30:00Z,1610612738,1610612763,Boston Celtics,Memphis Grizzlies,2025-11-13 11:00:00+10:30,2026-01-07T19:11:00.11Z
0022500217,Regular Season,2025-11-13T00:30:00Z,1610612748,1610612739,Miami Heat,Cleveland Cavaliers,2025-11-13 11:00:00+10:30,2026-01-07T19:11:00.11Z
0022500220,Regular Season,2025-11-13T01:00:00Z,1610612759,1610612744,San Antonio Spurs,Golden State Warriors,2025-11-13 11:30:00+10:30,2026-01-07T19:11:00.11Z
0022500218,Regular Season,2025-11-13T01:00:00Z,1610612745,1610612764,Houston Rockets,Washington Wizards,2025-11-13 11:30:00+10:30,2026-01-07T19:11:00.11Z
0022500219,Regular Season,2025-11-13T01:00:00Z,1610612740,1610612757,New Orleans Pelicans,Portland Trail Blazers,2025-11-13 11:30:00+10:30,2026-01-07T19:11:00.11Z
0022500221,Regular Season,2025-11-13T01:30:00Z,1610612742,1610612756,Dallas Mavericks,Phoenix Suns,2025-11-13 12:00:00+10:30,2026-01-07T19:11:00.11Z
0022500222,Regular Season,2025-11-13T02:30:00Z,1610612760,1610612747,Oklahoma City Thunder,Los Angeles Lakers,2025-11-13 13:00:00+10:30,2026-01-07T19:11:00.11Z
0022500223,Regular Season,2025-11-13T03:00:00Z,1610612758,1610612737,Sacramento Kings,Atlanta Hawks,2025-11-13 13:30:00+10:30,2026-01-07T19:11:00.11Z
0022500224,Regular Season,2025-11-13T03:30:00Z,1610612746,1610612743,Los Angeles Clippers,Denver Nuggets,2025-11-13 14:00:00+10:30,2026-01-07T19:11:00.11Z
0022500225,Regular Season,2025-11-14T00:00:00Z,1610612739,1610612761,Cleveland Cavaliers,Toronto Raptors,2025-11-14 10:30:00+10:30,2026-01-07T19:11:00.11Z
0022500226,Regular Season,2025-11-14T02:00:00Z,1610612756,1610612754,Phoenix Suns,Indiana Pacers,2025-11-14 12:30:00+10:30,2026-01-07T19:11:00.11Z
0022500227,Regular Season,2025-11-14T02:00:00Z,1610612762,1610612737,Utah Jazz,Atlanta Hawks,2025-11-14 12:30:00+10:30,2026-01-07T19:11:00.11Z
0022500040,Regular Season,2025-11-15T00:00:00Z,1610612753,1610612751,Orlando Magic,Brooklyn Nets,2025-11-15 10:30:00+10:30,2026-01-07T19:11:00.11Z
0022500039,Regular Season,2025-11-15T00:00:00Z,1610612752,1610612748,New York Knicks,Miami Heat,2025-11-15 10:30:00+10:30,2026-01-07T19:11:00.11Z
0022500041,Regular Season,2025-11-15T00:30:00Z,1610612765,1610612755,Detroit Pistons,Philadelphia 76ers,2025-11-15 11:00:00+10:30,2026-01-07T19:11:00.11Z
0022500042,Regular Season,2025-11-15T01:00:00Z,1610612745,1610612757,Houston Rockets,Portland Trail Blazers,2025-11-15 11:30:00+10:30,2026-01-07T19:11:00.11Z
0022500043,Regular Season,2025-11-15T01:00:00Z,1610612749,1610612766,Milwaukee Bucks,Charlotte Hornets,2025-11-15 11:30:00+10:30,2026-01-07T19:11:00.11Z
0022500044,Regular Season,2025-11-15T01:00:00Z,1610612750,1610612758,Minnesota Timberwolves,Sacramento Kings,2025-11-15 11:30:00+10:30,2026-01-07T19:11:00.11Z
0022500045,Regular Season,2025-11-15T01:00:00Z,1610612740,1610612747,New Orleans Pelicans,Los Angeles Lakers,2025-11-15 11:30:00+10:30,2026-01-07T19:11:00.11Z
0022500046,Regular Season,2025-11-15T01:30:00Z,1610612742,1610612746,Dallas Mavericks,Los Angeles Clippers,2025-11-15 12:00:00+10:30,2026-01-07T19:11:00.11Z
0022500047,Regular Season,2025-11-15T02:30:00Z,1610612759,1610612744,San Antonio Spurs,Golden State Warriors,2025-11-15 13:00:00+10:30,2026-01-07T19:11:00.11Z
0022500228,Regular Season,2025-11-15T22:00:00Z,1610612739,1610612763,Cleveland Cavaliers,Memphis Grizzlies,2025-11-16 08:30:00+10:30,2026-01-07T19:11:00.11Z
0022500230,Regular Season,2025-11-16T00:00:00Z,1610612754,1610612761,Indiana Pacers,Toronto Raptors,2025-11-16 10:30:00+10:30,2026-01-07T19:11:00.11Z
0022500229,Regular Season,2025-11-16T00:00:00Z,1610612766,1610612760,Charlotte Hornets,Oklahoma City Thunder,2025-11-16 10:30:00+10:30,2026-01-07T19:11:00.11Z
0022500231,Regular Season,2025-11-16T01:00:00Z,1610612749,1610612747,Milwaukee Bucks,Los Angeles Lakers,2025-11-16 11:30:00+10:30,2026-01-07T19:11:00.11Z
0022500232,Regular Season,2025-11-16T01:00:00Z,1610612750,1610612743,Minnesota Timberwolves,Denver Nuggets,2025-11-16 11:30:00+10:30,2026-01-07T19:11:00.11Z
0022500233,Regular Season,2025-11-16T20:30:00Z,1610612738,1610612746,Boston Celtics,Los Angeles Clippers,2025-11-17 07:00:00+10:30,2026-01-07T19:11:00.11Z
0022500234,Regular Season,2025-11-16T21:00:00Z,1610612759,1610612758,San Antonio Spurs,Sacramento Kings,2025-11-17 07:30:00+10:30,2026-01-07T19:11:00.11Z
0022500235,Regular Season,2025-11-16T23:00:00Z,1610612764,1610612751,Washington Wizards,Brooklyn Nets,2025-11-17 09:30:00+10:30,2026-01-07T19:11:00.11Z
0022500236,Regular Season,2025-11-17T00:00:00Z,1610612745,1610612753,Houston Rockets,Orlando Magic,2025-11-17 10:30:00+10:30,2026-01-07T19:11:00.11Z
0022500237,Regular Season,2025-11-17T00:00:00Z,1610612740,1610612744,New Orleans Pelicans,Golden State Warriors,2025-11-17 10:30:00+10:30,2026-01-07T19:11:00.11Z
0022500238,Regular Season,2025-11-17T00:30:00Z,1610612742,1610612757,Dallas Mavericks,Portland Trail Blazers,2025-11-17 11:00:00+10:30,2026-01-07T19:11:00.11Z
0022500240,Regular Season,2025-11-17T01:00:00Z,1610612762,1610612741,Utah Jazz,Chicago Bulls,2025-11-17 11:30:00+10:30,2026-01-07T19:11:00.11Z
0022500239,Regular Season,2025-11-17T01:00:00Z,1610612756,1610612737,Phoenix Suns,Atlanta Hawks,2025-11-17 11:30:00+10:30,2026-01-07T19:11:00.11Z
0022500241,Regular Season,2025-11-18T00:00:00Z,1610612739,1610612749,Cleveland Cavaliers,Milwaukee Bucks,2025-11-18 10:30:00+10:30,2026-01-07T19:11:00.11Z
0022500242,Regular Season,2025-11-18T00:00:00Z,1610612765,1610612754,Detroit Pistons,Indiana Pacers,2025-11-18 10:30:00+10:30,2026-01-07T19:11:00.11Z
0022500243,Regular Season,2025-11-18T00:00:00Z,1610612755,1610612746,Philadelphia 76ers,Los Angeles Clippers,2025-11-18 10:30:00+10:30,2026-01-07T19:11:00.11Z
0022500244,Regular Season,2025-11-18T00:30:00Z,1610612748,1610612752,Miami Heat,New York Knicks,2025-11-18 11:00:00+10:30,2026-01-07T19:11:00.11Z
0022500245,Regular Season,2025-11-18T00:30:00Z,1610612761,1610612766,Toronto Raptors,Charlotte Hornets,2025-11-18 11:00:00+10:30,2026-01-07T19:11:00.11Z
0022500246,Regular Season,2025-11-18T01:00:00Z,1610612750,1610612742,Minnesota Timberwolves,Dallas Mavericks,2025-11-18 11:30:00+10:30,2026-01-07T19:11:00.11Z
0022500247,Regular Season,2025-11-18T01:00:00Z,1610612740,1610612760,New Orleans Pelicans,Oklahoma City Thunder,2025-11-18 11:30:00+10:30,2026-01-07T19:11:00.11Z
0022500248,Regular Season,2025-11-18T02:00:00Z,1610612743,1610612741,Denver Nuggets,Chicago Bulls,2025-11-18 12:30:00+10:30,2026-01-07T19:11:00.11Z
0022500249,Regular Season,2025-11-19T00:00:00Z,1610612753,1610612744,Orlando Magic,Golden State Warriors,2025-11-19 10:30:00+10:30,2026-01-07T19:11:00.11Z
0022500251,Regular Season,2025-11-19T00:30:00Z,1610612737,1610612765,Atlanta Hawks,Detroit Pistons,2025-11-19 11:00:00+10:30,2026-01-07T19:11:00.11Z
0022500250,Regular Season,2025-11-19T00:30:00Z,1610612751,1610612738,Brooklyn Nets,Boston Celtics,2025-11-19 11:00:00+10:30,2026-01-07T19:11:00.11Z
0022500252,Regular Season,2025-11-19T01:00:00Z,1610612759,1610612763,San Antonio Spurs,Memphis Grizzlies,2025-11-19 11:30:00+10:30,2026-01-07T19:11:00.11Z
0022500253,Regular Season,2025-11-19T03:30:00Z,1610612747,1610612762,Los Angeles Lakers,Utah Jazz,2025-11-19 14:00:00+10:30,2026-01-07T19:11:00.11Z
0022500254,Regular Season,2025-11-19T04:00:00Z,1610612757,1610612756,Portland Trail Blazers,Phoenix Suns,2025-11-19 14:30:00+10:30,2026-01-07T19:11:00.11Z
0022500255,Regular Season,2025-11-20T00:00:00Z,1610612739,1610612745,Cleveland Cavaliers,Houston Rockets,2025-11-20 10:30:00+10:30,2026-01-07T19:11:00.11Z
0022500256,Regular Season,2025-11-20T00:00:00Z,1610612754,1610612766,Indiana Pacers,Charlotte Hornets,2025-11-20 10:30:00+10:30,2026-01-07T19:11:00.11Z
0022500258,Regular Season,2025-11-20T00:00:00Z,1610612755,1610612761,Philadelphia 76ers,Toronto Raptors,2025-11-20 10:30:00+10:30,2026-01-07T19:11:00.11Z
0022500257,Regular Season,2025-11-20T00:30:00Z,1610612748,1610612744,Miami Heat,Golden State Warriors,2025-11-20 11:00:00+10:30,2026-01-07T19:11:00.11Z
0022500261,Regular Season,2025-11-20T01:00:00Z,1610612760,1610612758,Oklahoma City Thunder,Sacramento Kings,2025-11-20 11:30:00+10:30,2026-01-07T19:11:00.11Z
0022500260,Regular Season,2025-11-20T01:00:00Z,1610612740,1610612743,New Orleans Pelicans,Denver Nuggets,2025-11-20 11:30:00+10:30,2026-01-07T19:11:00.11Z
0022500259,Regular Season,2025-11-20T01:00:00Z,1610612750,1610612764,Minnesota Timberwolves,Washington Wizards,2025-11-20 11:30:00+10:30,2026-01-07T19:11:00.11Z
0022500262,Regular Season,2025-11-20T02:30:00Z,1610612742,1610612752,Dallas Mavericks,New York Knicks,2025-11-20 13:00:00+10:30,2026-01-07T19:11:00.11Z
0022500263,Regular Season,2025-11-20T03:00:00Z,1610612757,1610612741,Portland Trail Blazers,Chicago Bulls,2025-11-20 13:30:00+10:30,2026-01-07T19:11:00.11Z
0022500264,Regular Season,2025-11-21T00:00:00Z,1610612753,1610612746,Orlando Magic,Los Angeles Clippers,2025-11-21 10:30:00+10:30,2026-01-07T19:11:00.11Z
0022500265,Regular Season,2025-11-21T01:00:00Z,1610612763,1610612758,Memphis Grizzlies,Sacramento Kings,2025-11-21 11:30:00+10:30,2026-01-07T19:11:00.11Z
0022500266,Regular Season,2025-11-21T01:00:00Z,1610612749,1610612755,Milwaukee Bucks,Philadelphia 76ers,2025-11-21 11:30:00+10:30,2026-01-07T19:11:00.11Z
0022500267,Regular Season,2025-11-21T01:00:00Z,1610612759,1610612737,San Antonio Spurs,Atlanta Hawks,2025-11-21 11:30:00+10:30,2026-01-07T19:11:00.11Z
0022500048,Regular Season,2025-11-22T00:00:00Z,1610612739,1610612754,Cleveland Cavaliers,Indiana Pacers,2025-11-22 10:30:00+10:30,2026-01-07T19:11:00.11Z
0022500049,Regular Season,2025-11-22T00:30:00Z,1610612738,1610612751,Boston Celtics,Brooklyn Nets,2025-11-22 11:00:00+10:30,2026-01-07T19:11:00.11Z
0022500050,Regular Season,2025-11-22T00:30:00Z,1610612761,1610612764,Toronto Raptors,Washington Wizards,2025-11-22 11:00:00+10:30,2026-01-07T19:11:00.11Z
0022500051,Regular Season,2025-11-22T01:00:00Z,1610612741,1610612748,Chicago Bulls,Miami Heat,2025-11-22 11:30:00+10:30,2026-01-07T19:11:00.11Z
0022500052,Regular Season,2025-11-22T01:30:00Z,1610612742,1610612740,Dallas Mavericks,New Orleans Pelicans,2025-11-22 12:00:00+10:30,2026-01-07T19:11:00.11Z
0022500053,Regular Season,2025-11-22T02:00:00Z,1610612756,1610612750,Phoenix Suns,Minnesota Timberwolves,2025-11-22 12:30:00+10:30,2026-01-07T19:11:00.11Z
0022500054,Regular Season,2025-11-22T02:30:00Z,1610612745,1610612743,Houston Rockets,Denver Nuggets,2025-11-22 13:00:00+10:30,2026-01-07T19:11:00.11Z
0022500055,Regular Season,2025-11-22T03:00:00Z,1610612762,1610612760,Utah Jazz,Oklahoma City Thunder,2025-11-22 13:30:00+10:30,2026-01-07T19:11:00.11Z
0022500056,Regular Season,2025-11-22T03:00:00Z,1610612744,1610612757,Golden State Warriors,Portland Trail Blazers,2025-11-22 13:30:00+10:30,2026-01-07T19:11:00.11Z
0022500268,Regular Season,2025-11-22T18:00:00Z,1610612766,1610612746,Charlotte Hornets,Los Angeles Clippers,2025-11-23 04:30:00+10:30,2026-01-07T19:11:00.11Z
0022500269,Regular Season,2025-11-22T22:00:00Z,1610612753,1610612752,Orlando Magic,New York Knicks,2025-11-23 08:30:00+10:30,2026-01-07T19:11:00.11Z
0022500270,Regular Season,2025-11-23T00:00:00Z,1610612740,1610612737,New Orleans Pelicans,Atlanta Hawks,2025-11-23 10:30:00+10:30,2026-01-07T19:11:00.11Z
0022500272,Regular Season,2025-11-23T01:00:00Z,1610612749,1610612765,Milwaukee Bucks,Detroit Pistons,2025-11-23 11:30:00+10:30,2026-01-07T19:11:00.11Z
0022500271,Regular Season,2025-11-23T01:00:00Z,1610612741,1610612764,Chicago Bulls,Washington Wizards,2025-11-23 11:30:00+10:30,2026-01-07T19:11:00.11Z
0022500273,Regular Season,2025-11-23T01:30:00Z,1610612742,1610612763,Dallas Mavericks,Memphis Grizzlies,2025-11-23 12:00:00+10:30,2026-01-07T19:11:00.11Z
0022500274,Regular Season,2025-11-23T03:00:00Z,1610612743,1610612758,Denver Nuggets,Sacramento Kings,2025-11-23 13:30:00+10:30,2026-01-07T19:11:00.11Z
0022500275,Regular Season,2025-11-23T18:00:00Z,1610612755,1610612748,Philadelphia 76ers,Miami Heat,2025-11-24 04:30:00+10:30,2026-01-07T19:11:00.11Z
0022500276,Regular Season,2025-11-23T23:00:00Z,1610612737,1610612766,Atlanta Hawks,Charlotte Hornets,2025-11-24 09:30:00+10:30,2026-01-07T19:11:00.11Z
0022500277,Regular Season,2025-11-23T23:00:00Z,1610612738,1610612753,Boston Celtics,Orlando Magic,2025-11-24 09:30:00+10:30,2026-01-07T19:11:00.11Z
0022500278,Regular Season,2025-11-23T23:00:00Z,1610612739,1610612746,Cleveland Cavaliers,Los Angeles Clippers,2025-11-24 09:30:00+10:30,2026-01-07T19:11:00.11Z
0022500279,Regular Season,2025-11-23T23:00:00Z,1610612761,1610612751,Toronto Raptors,Brooklyn Nets,2025-11-24 09:30:00+10:30,2026-01-07T19:11:00.11Z
0022500280,Regular Season,2025-11-24T00:00:00Z,1610612760,1610612757,Oklahoma City Thunder,Portland Trail Blazers,2025-11-24 10:30:00+10:30,2026-01-07T19:11:00.11Z
0022500282,Regular Season,2025-11-24T01:00:00Z,1610612762,1610612747,Utah Jazz,Los Angeles Lakers,2025-11-24 11:30:00+10:30,2026-01-07T19:11:00.11Z
0022500281,Regular Season,2025-11-24T01:00:00Z,1610612756,1610612759,Phoenix Suns,San Antonio Spurs,2025-11-24 11:30:00+10:30,2026-01-07T19:11:00.11Z
0022500283,Regular Season,2025-11-25T00:00:00Z,1610612754,1610612765,Indiana Pacers,Detroit Pistons,2025-11-25 10:30:00+10:30,2026-01-07T19:11:00.11Z
0022500284,Regular Season,2025-11-25T00:00:00Z,1610612761,1610612739,Toronto Raptors,Cleveland Cavaliers,2025-11-25 10:30:00+10:30,2026-01-07T19:11:00.11Z
0022500285,Regular Season,2025-11-25T00:30:00Z,1610612751,1610612752,Brooklyn Nets,New York Knicks,2025-11-25 11:00:00+10:30,2026-01-07T19:11:00.11Z
0022500286,Regular Season,2025-11-25T00:30:00Z,1610612748,1610612742,Miami Heat,Dallas Mavericks,2025-11-25 11:00:00+10:30,2026-01-07T19:11:00.11Z
0022500287,Regular Season,2025-11-25T01:00:00Z,1610612763,1610612743,Memphis Grizzlies,Denver Nuggets,2025-11-25 11:30:00+10:30,2026-01-07T19:11:00.11Z
0022500288,Regular Season,2025-11-25T01:00:00Z,1610612749,1610612757,Milwaukee Bucks,Portland Trail Blazers,2025-11-25 11:30:00+10:30,2026-01-07T19:11:00.11Z
0022500289,Regular Season,2025-11-25T01:00:00Z,1610612740,1610612741,New Orleans Pelicans,Chicago Bulls,2025-11-25 11:30:00+10:30,2026-01-07T19:11:00.11Z
0022500290,Regular Season,2025-11-25T02:30:00Z,1610612756,1610612745,Phoenix Suns,Houston Rockets,2025-11-25 13:00:00+10:30,2026-01-07T19:11:00.11Z
0022500292,Regular Season,2025-11-25T03:00:00Z,1610612758,1610612750,Sacramento Kings,Minnesota Timberwolves,2025-11-25 13:30:00+10:30,2026-01-07T19:11:00.11Z
0022500291,Regular Season,2025-11-25T03:00:00Z,1610612744,1610612762,Golden State Warriors,Utah Jazz,2025-11-25 13:30:00+10:30,2026-01-07T19:11:00.11Z
0022500057,Regular Season,2025-11-26T00:00:00Z,1610612764,1610612737,Washington Wizards,Atlanta Hawks,2025-11-26 10:30:00+10:30,2026-01-07T19:11:00.11Z
0022500058,Regular Season,2025-11-26T01:00:00Z,1610612755,1610612753,Philadelphia 76ers,Orlando Magic,2025-11-26 11:30:00+10:30,2026-01-07T19:11:00.11Z
0022500059,Regular Season,2025-11-26T04:00:00Z,1610612747,1610612746,Los Angeles Lakers,Los Angeles Clippers,2025-11-26 14:30:00+10:30,2026-01-07T19:11:00.11Z
0022500060,Regular Season,2025-11-26T22:00:00Z,1610612738,1610612765,Boston Celtics,Detroit Pistons,2025-11-27 08:30:00+10:30,2026-01-07T19:11:00.11Z
0022500061,Regular Season,2025-11-27T00:00:00Z,1610612766,1610612752,Charlotte Hornets,New York Knicks,2025-11-27 10:30:00+10:30,2026-01-07T19:11:00.11Z
0022500062,Regular Season,2025-11-27T00:30:00Z,1610612748,1610612749,Miami Heat,Milwaukee Bucks,2025-11-27 11:00:00+10:30,2026-01-07T19:11:00.11Z
0022500063,Regular Season,2025-11-27T00:30:00Z,1610612761,1610612754,Toronto Raptors,Indiana Pacers,2025-11-27 11:00:00+10:30,2026-01-07T19:11:00.11Z
0022500064,Regular Season,2025-11-27T00:30:00Z,1610612760,1610612750,Oklahoma City Thunder,Minnesota Timberwolves,2025-11-27 11:00:00+10:30,2026-01-07T19:11:00.11Z
0022500065,Regular Season,2025-11-27T01:00:00Z,1610612740,1610612763,New Orleans Pelicans,Memphis Grizzlies,2025-11-27 11:30:00+10:30,2026-01-07T19:11:00.11Z
0022500068,Regular Season,2025-11-27T03:00:00Z,1610612758,1610612756,Sacramento Kings,Phoenix Suns,2025-11-27 13:30:00+10:30,2026-01-07T19:11:00.11Z
0022500066,Regular Season,2025-11-27T03:00:00Z,1610612744,1610612745,Golden State Warriors,Houston Rockets,2025-11-27 13:30:00+10:30,2026-01-07T19:11:00.11Z
0022500067,Regular Season,2025-11-27T03:00:00Z,1610612757,1610612759,Portland Trail Blazers,San Antonio Spurs,2025-11-27 13:30:00+10:30,2026-01-07T19:11:00.11Z
0022500074,Regular Season,2025-11-29T00:30:00Z,1610612752,1610612749,New York Knicks,Milwaukee Bucks,2025-11-29 11:00:00+10:30,2026-01-07T19:11:00.11Z
0022500069,Regular Season,2025-11-29T00:30:00Z,1610612737,1610612739,Atlanta Hawks,Cleveland Cavaliers,2025-11-29 11:00:00+10:30,2026-01-07T19:11:00.11Z
0022500070,Regular Season,2025-11-29T00:30:00Z,1610612751,1610612755,Brooklyn Nets,Philadelphia 76ers,2025-11-29 11:00:00+10:30,2026-01-07T19:11:00.11Z
0022500071,Regular Season,2025-11-29T00:30:00Z,1610612766,1610612741,Charlotte Hornets,Chicago Bulls,2025-11-29 11:00:00+10:30,2026-01-07T19:11:00.11Z
0022500072,Regular Season,2025-11-29T00:30:00Z,1610612765,1610612753,Detroit Pistons,Orlando Magic,2025-11-29 11:00:00+10:30,2026-01-07T19:11:00.11Z
0022500073,Regular Season,2025-11-29T00:30:00Z,1610612754,1610612764,Indiana Pacers,Washington Wizards,2025-11-29 11:00:00+10:30,2026-01-07T19:11:00.11Z
0022500077,Regular Season,2025-11-29T02:30:00Z,1610612762,1610612758,Utah Jazz,Sacramento Kings,2025-11-29 13:00:00+10:30,2026-01-07T19:11:00.11Z
0022500076,Regular Season,2025-11-29T02:30:00Z,1610612743,1610612759,Denver Nuggets,San Antonio Spurs,2025-11-29 13:00:00+10:30,2026-01-07T19:11:00.11Z
0022500075,Regular Season,2025-11-29T02:30:00Z,1610612760,1610612756,Oklahoma City Thunder,Phoenix Suns,2025-11-29 13:00:00+10:30,2026-01-07T19:11:00.11Z
0022500078,Regular Season,2025-11-29T03:00:00Z,1610612747,1610612742,Los Angeles Lakers,Dallas Mavericks,2025-11-29 13:30:00+10:30,2026-01-07T19:11:00.11Z
0022500079,Regular Season,2025-11-29T03:00:00Z,1610612746,1610612763,Los Angeles Clippers,Memphis Grizzlies,2025-11-29 13:30:00+10:30,2026-01-07T19:11:00.11Z
0022500293,Regular Season,2025-11-29T22:00:00Z,1610612750,1610612738,Minnesota Timberwolves,Boston Celtics,2025-11-30 08:30:00+10:30,2026-01-07T19:11:00.11Z
0022500294,Regular Season,2025-11-29T23:00:00Z,1610612766,1610612761,Charlotte Hornets,Toronto Raptors,2025-11-30 09:30:00+10:30,2026-01-07T19:11:00.11Z
0022500295,Regular Season,2025-11-30T00:30:00Z,1610612754,1610612741,Indiana Pacers,Chicago Bulls,2025-11-30 11:00:00+10:30,2026-01-07T19:11:00.11Z
0022500296,Regular Season,2025-11-30T01:00:00Z,1610612748,1610612765,Miami Heat,Detroit Pistons,2025-11-30 11:30:00+10:30,2026-01-07T19:11:00.11Z
0022500297,Regular Season,2025-11-30T01:00:00Z,1610612749,1610612751,Milwaukee Bucks,Brooklyn Nets,2025-11-30 11:30:00+10:30,2026-01-07T19:11:00.11Z
0022500298,Regular Season,2025-11-30T01:30:00Z,1610612744,1610612740,Golden State Warriors,New Orleans Pelicans,2025-11-30 12:00:00+10:30,2026-01-07T19:11:00.11Z
0022500299,Regular Season,2025-11-30T02:00:00Z,1610612756,1610612743,Phoenix Suns,Denver Nuggets,2025-11-30 12:30:00+10:30,2026-01-07T19:11:00.11Z
0022500300,Regular Season,2025-11-30T03:00:00Z,1610612746,1610612742,Los Angeles Clippers,Dallas Mavericks,2025-11-30 13:30:00+10:30,2026-01-07T19:11:00.11Z
0022500301,Regular Season,2025-11-30T20:00:00Z,1610612762,1610612745,Utah Jazz,Houston Rockets,2025-12-01 06:30:00+10:30,2026-01-07T19:11:00.11Z
0022500302,Regular Season,2025-11-30T23:00:00Z,1610612739,1610612738,Cleveland Cavaliers,Boston Celtics,2025-12-01 09:30:00+10:30,2026-01-07T19:11:00.11Z
0022500303,Regular Season,2025-11-30T23:00:00Z,1610612752,1610612761,New York Knicks,Toronto Raptors,2025-12-01 09:30:00+10:30,2026-01-07T19:11:00.11Z
0022500304,Regular Season,2025-11-30T23:00:00Z,1610612755,1610612737,Philadelphia 76ers,Atlanta Hawks,2025-12-01 09:30:00+10:30,2026-01-07T19:11:00.11Z
0022500305,Regular Season,2025-11-30T23:00:00Z,1610612757,1610612760,Portland Trail Blazers,Oklahoma City Thunder,2025-12-01 09:30:00+10:30,2026-01-07T19:11:00.11Z
0022500306,Regular Season,2025-12-01T00:00:00Z,1610612750,1610612759,Minnesota Timberwolves,San Antonio Spurs,2025-12-01 10:30:00+10:30,2026-01-07T19:11:00.11Z
0022500307,Regular Season,2025-12-01T02:00:00Z,1610612758,1610612763,Sacramento Kings,Memphis Grizzlies,2025-12-01 12:30:00+10:30,2026-01-07T19:11:00.11Z
0022500308,Regular Season,2025-12-01T02:30:00Z,1610612747,1610612740,Los Angeles Lakers,New Orleans Pelicans,2025-12-01 13:00:00+10:30,2026-01-07T19:11:00.11Z
0022500311,Regular Season,2025-12-02T00:00:00Z,1610612764,1610612749,Washington Wizards,Milwaukee Bucks,2025-12-02 10:30:00+10:30,2026-01-07T19:11:00.11Z
0022500309,Regular Season,2025-12-02T00:00:00Z,1610612765,1610612737,Detroit Pistons,Atlanta Hawks,2025-12-02 10:30:00+10:30,2026-01-07T19:11:00.11Z
0022500310,Regular Season,2025-12-02T00:00:00Z,1610612754,1610612739,Indiana Pacers,Cleveland Cavaliers,2025-12-02 10:30:00+10:30,2026-01-07T19:11:00.11Z
0022500312,Regular Season,2025-12-02T00:30:00Z,1610612751,1610612766,Brooklyn Nets,Charlotte Hornets,2025-12-02 11:00:00+10:30,2026-01-07T19:11:00.11Z
0022500313,Regular Season,2025-12-02T00:30:00Z,1610612748,1610612746,Miami Heat,Los Angeles Clippers,2025-12-02 11:00:00+10:30,2026-01-07T19:11:00.11Z
0022500314,Regular Season,2025-12-02T00:30:00Z,1610612753,1610612741,Orlando Magic,Chicago Bulls,2025-12-02 11:00:00+10:30,2026-01-07T19:11:00.11Z
0022500315,Regular Season,2025-12-02T02:00:00Z,1610612743,1610612742,Denver Nuggets,Dallas Mavericks,2025-12-02 12:30:00+10:30,2026-01-07T19:11:00.11Z
0022500316,Regular Season,2025-12-02T02:00:00Z,1610612762,1610612745,Utah Jazz,Houston Rockets,2025-12-02 12:30:00+10:30,2026-01-07T19:11:00.11Z
0022500317,Regular Season,2025-12-02T03:00:00Z,1610612747,1610612756,Los Angeles Lakers,Phoenix Suns,2025-12-02 13:30:00+10:30,2026-01-07T19:11:00.11Z
0022500318,Regular Season,2025-12-03T00:00:00Z,1610612755,1610612764,Philadelphia 76ers,Washington Wizards,2025-12-03 10:30:00+10:30,2026-01-07T19:11:00.11Z
0022500319,Regular Season,2025-12-03T00:30:00Z,1610612761,1610612757,Toronto Raptors,Portland Trail Blazers,2025-12-03 11:00:00+10:30,2026-01-07T19:11:00.11Z
0022500322,Regular Season,2025-12-03T01:00:00Z,1610612759,1610612763,San Antonio Spurs,Memphis Grizzlies,2025-12-03 11:30:00+10:30,2026-01-07T19:11:00.11Z
0022500320,Regular Season,2025-12-03T01:00:00Z,1610612738,1610612752,Boston Celtics,New York Knicks,2025-12-03 11:30:00+10:30,2026-01-07T19:11:00.11Z
0022500321,Regular Season,2025-12-03T01:00:00Z,1610612740,1610612750,New Orleans Pelicans,Minnesota Timberwolves,2025-12-03 11:30:00+10:30,2026-01-07T19:11:00.11Z
0022500323,Regular Season,2025-12-03T04:00:00Z,1610612744,1610612760,Golden State Warriors,Oklahoma City Thunder,2025-12-03 14:30:00+10:30,2026-01-07T19:11:00.11Z
0022500324,Regular Season,2025-12-04T00:00:00Z,1610612739,1610612757,Cleveland Cavaliers,Portland Trail Blazers,2025-12-04 10:30:00+10:30,2026-01-07T19:11:00.11Z
0022500325,Regular Season,2025-12-04T00:00:00Z,1610612754,1610612743,Indiana Pacers,Denver Nuggets,2025-12-04 10:30:00+10:30,2026-01-07T19:11:00.11Z
0022500326,Regular Season,2025-12-04T00:00:00Z,1610612753,1610612759,Orlando Magic,San Antonio Spurs,2025-12-04 10:30:00+10:30,2026-01-07T19:11:00.11Z
0022500327,Regular Season,2025-12-04T00:30:00Z,1610612737,1610612746,Atlanta Hawks,Los Angeles Clippers,2025-12-04 11:00:00+10:30,2026-01-07T19:11:00.11Z
0022500328,Regular Season,2025-12-04T00:30:00Z,1610612752,1610612766,New York Knicks,Charlotte Hornets,2025-12-04 11:00:00+10:30,2026-01-07T19:11:00.11Z
0022500331,Regular Season,2025-12-04T01:00:00Z,1610612749,1610612765,Milwaukee Bucks,Detroit Pistons,2025-12-04 11:30:00+10:30,2026-01-07T19:11:00.11Z
0022500330,Regular Season,2025-12-04T01:00:00Z,1610612745,1610612758,Houston Rockets,Sacramento Kings,2025-12-04 11:30:00+10:30,2026-01-07T19:11:00.11Z
0022500329,Regular Season,2025-12-04T01:00:00Z,1610612741,1610612751,Chicago Bulls,Brooklyn Nets,2025-12-04 11:30:00+10:30,2026-01-07T19:11:00.11Z
0022500332,Regular Season,2025-12-04T01:30:00Z,1610612742,1610612748,Dallas Mavericks,Miami Heat,2025-12-04 12:00:00+10:30,2026-01-07T19:11:00.11Z
0022500333,Regular Season,2025-12-05T00:00:00Z,1610612755,1610612744,Philadelphia 76ers,Golden State Warriors,2025-12-05 10:30:00+10:30,2026-01-07T19:11:00.11Z
0022500334,Regular Season,2025-12-05T00:00:00Z,1610612764,1610612738,Washington Wizards,Boston Celtics,2025-12-05 10:30:00+10:30,2026-01-07T19:11:00.11Z
0022500335,Regular Season,2025-12-05T00:30:00Z,1610612751,1610612762,Brooklyn Nets,Utah Jazz,2025-12-05 11:00:00+10:30,2026-01-07T19:11:00.11Z
0022500336,Regular Season,2025-12-05T00:30:00Z,1610612761,1610612747,Toronto Raptors,Los Angeles Lakers,2025-12-05 11:00:00+10:30,2026-01-07T19:11:00.11Z
0022500337,Regular Season,2025-12-05T01:00:00Z,1610612740,1610612750,New Orleans Pelicans,Minnesota Timberwolves,2025-12-05 11:30:00+10:30,2026-01-07T19:11:00.11Z
0022500338,Regular Season,2025-12-06T00:00:00Z,1610612738,1610612747,Boston Celtics,Los Angeles Lakers,2025-12-06 10:30:00+10:30,2026-01-07T19:11:00.11Z
0022500339,Regular Season,2025-12-06T00:00:00Z,1610612753,1610612748,Orlando Magic,Miami Heat,2025-12-06 10:30:00+10:30,2026-01-07T19:11:00.11Z
0022500344,Regular Season,2025-12-06T00:30:00Z,1610612761,1610612766,Toronto Raptors,Charlotte Hornets,2025-12-06 11:00:00+10:30,2026-01-07T19:11:00.11Z
0022500340,Regular Season,2025-12-06T00:30:00Z,1610612737,1610612743,Atlanta Hawks,Denver Nuggets,2025-12-06 11:00:00+10:30,2026-01-07T19:11:00.11Z
0022500341,Regular Season,2025-12-06T00:30:00Z,1610612739,1610612759,Cleveland Cavaliers,San Antonio Spurs,2025-12-06 11:00:00+10:30,2026-01-07T19:11:00.11Z
0022500342,Regular Season,2025-12-06T00:30:00Z,1610612765,1610612757,Detroit Pistons,Portland Trail Blazers,2025-12-06 11:00:00+10:30,2026-01-07T19:11:00.11Z
0022500343,Regular Season,2025-12-06T00:30:00Z,1610612752,1610612762,New York Knicks,Utah Jazz,2025-12-06 11:00:00+10:30,2026-01-07T19:11:00.11Z
0022500347,Regular Season,2025-12-06T01:00:00Z,1610612763,1610612746,Memphis Grizzlies,Los Angeles Clippers,2025-12-06 11:30:00+10:30,2026-01-07T19:11:00.11Z
0022500348,Regular Season,2025-12-06T01:00:00Z,1610612749,1610612755,Milwaukee Bucks,Philadelphia 76ers,2025-12-06 11:30:00+10:30,2026-01-07T19:11:00.11Z
0022500345,Regular Season,2025-12-06T01:00:00Z,1610612741,1610612754,Chicago Bulls,Indiana Pacers,2025-12-06 11:30:00+10:30,2026-01-07T19:11:00.11Z
0022500346,Regular Season,2025-12-06T01:00:00Z,1610612745,1610612756,Houston Rockets,Phoenix Suns,2025-12-06 11:30:00+10:30,2026-01-07T19:11:00.11Z
0022500349,Regular Season,2025-12-06T02:30:00Z,1610612760,1610612742,Oklahoma City Thunder,Dallas Mavericks,2025-12-06 13:00:00+10:30,2026-01-07T19:11:00.11Z
0022500350,Regular Season,2025-12-06T22:00:00Z,1610612751,1610612740,Brooklyn Nets,New Orleans Pelicans,2025-12-07 08:30:00+10:30,2026-01-07T19:11:00.11Z
0022500351,Regular Season,2025-12-07T00:00:00Z,1610612764,1610612737,Washington Wizards,Atlanta Hawks,2025-12-07 10:30:00+10:30,2026-01-07T19:11:00.11Z
0022500352,Regular Season,2025-12-07T00:30:00Z,1610612739,1610612744,Cleveland Cavaliers,Golden State Warriors,2025-12-07 11:00:00+10:30,2026-01-07T19:11:00.11Z
0022500353,Regular Season,2025-12-07T00:30:00Z,1610612765,1610612749,Detroit Pistons,Milwaukee Bucks,2025-12-07 11:00:00+10:30,2026-01-07T19:11:00.11Z
0022500354,Regular Season,2025-12-07T01:00:00Z,1610612748,1610612758,Miami Heat,Sacramento Kings,2025-12-07 11:30:00+10:30,2026-01-07T19:11:00.11Z
0022500355,Regular Season,2025-12-07T01:00:00Z,1610612750,1610612746,Minnesota Timberwolves,Los Angeles Clippers,2025-12-07 11:30:00+10:30,2026-01-07T19:11:00.11Z
0022500356,Regular Season,2025-12-07T01:30:00Z,1610612742,1610612745,Dallas Mavericks,Houston Rockets,2025-12-07 12:00:00+10:30,2026-01-07T19:11:00.11Z
0022500357,Regular Season,2025-12-07T17:00:00Z,1610612752,1610612753,New York Knicks,Orlando Magic,2025-12-08 03:30:00+10:30,2026-01-07T19:11:00.11Z
0022500358,Regular Season,2025-12-07T20:30:00Z,1610612761,1610612738,Toronto Raptors,Boston Celtics,2025-12-08 07:00:00+10:30,2026-01-07T19:11:00.11Z
0022500360,Regular Season,2025-12-07T23:00:00Z,1610612763,1610612757,Memphis Grizzlies,Portland Trail Blazers,2025-12-08 09:30:00+10:30,2026-01-07T19:11:00.11Z
0022500359,Regular Season,2025-12-07T23:00:00Z,1610612766,1610612743,Charlotte Hornets,Denver Nuggets,2025-12-08 09:30:00+10:30,2026-01-07T19:11:00.11Z
0022500361,Regular Season,2025-12-08T00:00:00Z,1610612741,1610612744,Chicago Bulls,Golden State Warriors,2025-12-08 10:30:00+10:30,2026-01-07T19:11:00.11Z
0022500362,Regular Season,2025-12-08T00:30:00Z,1610612755,1610612747,Philadelphia 76ers,Los Angeles Lakers,2025-12-08 11:00:00+10:30,2026-01-07T19:11:00.11Z
0022500363,Regular Season,2025-12-08T01:00:00Z,1610612762,1610612760,Utah Jazz,Oklahoma City Thunder,2025-12-08 11:30:00+10:30,2026-01-07T19:11:00.11Z
0022500364,Regular Season,2025-12-09T00:00:00Z,1610612754,1610612758,Indiana Pacers,Sacramento Kings,2025-12-09 10:30:00+10:30,2026-01-07T19:11:00.11Z
0022500365,Regular Season,2025-12-09T00:30:00Z,1610612750,1610612756,Minnesota Timberwolves,Phoenix Suns,2025-12-09 11:00:00+10:30,2026-01-07T19:11:00.11Z
0022500366,Regular Season,2025-12-09T01:00:00Z,1610612740,1610612759,New Orleans Pelicans,San Antonio Spurs,2025-12-09 11:30:00+10:30,2026-01-07T19:11:00.11Z
0022501201,Regular Season,2025-12-09T23:00:00Z,1610612753,1610612748,Orlando Magic,Miami Heat,2025-12-10 09:30:00+10:30,2026-01-07T19:11:00.11Z
0022501202,Regular Season,2025-12-10T01:30:00Z,1610612761,1610612752,Toronto Raptors,New York Knicks,2025-12-10 12:00:00+10:30,2026-01-07T19:11:00.11Z
0022501203,Regular Season,2025-12-11T00:30:00Z,1610612760,1610612756,Oklahoma City Thunder,Phoenix Suns,2025-12-11 11:00:00+10:30,2026-01-07T19:11:00.11Z
0022501204,Regular Season,2025-12-11T03:00:00Z,1610612747,1610612759,Los Angeles Lakers,San Antonio Spurs,2025-12-11 13:30:00+10:30,2026-01-07T19:11:00.11Z
0022501205,Regular Season,2025-12-12T01:00:00Z,1610612745,1610612746,Houston Rockets,Los Angeles Clippers,2025-12-12 11:30:00+10:30,2026-01-07T19:11:00.11Z
0022501206,Regular Season,2025-12-12T01:00:00Z,1610612749,1610612738,Milwaukee Bucks,Boston Celtics,2025-12-12 11:30:00+10:30,2026-01-07T19:11:00.11Z
0022501207,Regular Season,2025-12-12T01:00:00Z,1610612740,1610612757,New Orleans Pelicans,Portland Trail Blazers,2025-12-12 11:30:00+10:30,2026-01-07T19:11:00.11Z
0022501208,Regular Season,2025-12-12T03:00:00Z,1610612758,1610612743,Sacramento Kings,Denver Nuggets,2025-12-12 13:30:00+10:30,2026-01-07T19:11:00.11Z
0022501211,Regular Season,2025-12-13T00:00:00Z,1610612755,1610612754,Philadelphia 76ers,Indiana Pacers,2025-12-13 10:30:00+10:30,2026-01-07T19:11:00.11Z
0022501212,Regular Season,2025-12-13T00:00:00Z,1610612764,1610612739,Washington Wizards,Cleveland Cavaliers,2025-12-13 10:30:00+10:30,2026-01-07T19:11:00.11Z
0022501209,Regular Season,2025-12-13T00:00:00Z,1610612766,1610612741,Charlotte Hornets,Chicago Bulls,2025-12-13 10:30:00+10:30,2026-01-07T19:11:00.11Z
0022501210,Regular Season,2025-12-13T00:00:00Z,1610612765,1610612737,Detroit Pistons,Atlanta Hawks,2025-12-13 10:30:00+10:30,2026-01-07T19:11:00.11Z
0022501213,Regular Season,2025-12-13T01:00:00Z,1610612763,1610612762,Memphis Grizzlies,Utah Jazz,2025-12-13 11:30:00+10:30,2026-01-07T19:11:00.11Z
0022501214,Regular Season,2025-12-13T01:30:00Z,1610612742,1610612751,Dallas Mavericks,Brooklyn Nets,2025-12-13 12:00:00+10:30,2026-01-07T19:11:00.11Z
0022501215,Regular Season,2025-12-13T03:00:00Z,1610612744,1610612750,Golden State Warriors,Minnesota Timberwolves,2025-12-13 13:30:00+10:30,2026-01-07T19:11:00.11Z
0022501229,Neutral Site,2025-12-13T22:30:00Z,1610612753,1610612752,Orlando Magic,New York Knicks,2025-12-14 09:00:00+10:30,2026-01-07T19:11:00.11Z
0022501230,Neutral Site,2025-12-14T02:00:00Z,1610612760,1610612759,Oklahoma City Thunder,San Antonio Spurs,2025-12-14 12:30:00+10:30,2026-01-07T19:11:00.11Z
0022501216,Regular Season,2025-12-14T20:00:00Z,1610612754,1610612764,Indiana Pacers,Washington Wizards,2025-12-15 06:30:00+10:30,2026-01-07T19:11:00.11Z
0022501218,Regular Season,2025-12-14T20:30:00Z,1610612739,1610612766,Cleveland Cavaliers,Charlotte Hornets,2025-12-15 07:00:00+10:30,2026-01-07T19:11:00.11Z
0022501217,Regular Season,2025-12-14T23:00:00Z,1610612737,1610612755,Atlanta Hawks,Philadelphia 76ers,2025-12-15 09:30:00+10:30,2026-01-07T19:11:00.11Z
0022501219,Regular Season,2025-12-14T23:00:00Z,1610612751,1610612749,Brooklyn Nets,Milwaukee Bucks,2025-12-15 09:30:00+10:30,2026-01-07T19:11:00.11Z
0022501223,Regular Season,2025-12-15T00:00:00Z,1610612741,1610612740,Chicago Bulls,New Orleans Pelicans,2025-12-15 10:30:00+10:30,2026-01-07T19:11:00.11Z
0022501220,Regular Season,2025-12-15T00:00:00Z,1610612750,1610612758,Minnesota Timberwolves,Sacramento Kings,2025-12-15 10:30:00+10:30,2026-01-07T19:11:00.11Z
0022501228,Regular Season,2025-12-15T01:00:00Z,1610612756,1610612747,Phoenix Suns,Los Angeles Lakers,2025-12-15 11:30:00+10:30,2026-01-07T19:11:00.11Z
0022501221,Regular Season,2025-12-15T02:00:00Z,1610612757,1610612744,Portland Trail Blazers,Golden State Warriors,2025-12-15 12:30:00+10:30,2026-01-07T19:11:00.11Z
0022501222,Regular Season,2025-12-16T00:00:00Z,1610612738,1610612765,Boston Celtics,Detroit Pistons,2025-12-16 10:30:00+10:30,2026-01-07T19:11:00.11Z
0022501227,Regular Season,2025-12-16T00:30:00Z,1610612748,1610612761,Miami Heat,Toronto Raptors,2025-12-16 11:00:00+10:30,2026-01-07T19:11:00.11Z
0022501224,Regular Season,2025-12-16T02:00:00Z,1610612762,1610612742,Utah Jazz,Dallas Mavericks,2025-12-16 12:30:00+10:30,2026-01-07T19:11:00.11Z
0022501225,Regular Season,2025-12-16T02:30:00Z,1610612743,1610612745,Denver Nuggets,Houston Rockets,2025-12-16 13:00:00+10:30,2026-01-07T19:11:00.11Z
0022501226,Regular Season,2025-12-16T03:30:00Z,1610612746,1610612763,Los Angeles Clippers,Memphis Grizzlies,2025-12-16 14:00:00+10:30,2026-01-07T19:11:00.11Z
0062500001,Neutral Site,2025-12-17T01:30:00Z,1610612752,1610612759,New York Knicks,San Antonio Spurs,2025-12-17 12:00:00+10:30,2026-01-07T19:11:00.11Z
0022500368,Regular Season,2025-12-18T01:00:00Z,1610612750,1610612763,Minnesota Timberwolves,Memphis Grizzlies,2025-12-18 11:30:00+10:30,2026-01-07T19:11:00.11Z
0022500367,Regular Season,2025-12-18T01:00:00Z,1610612741,1610612739,Chicago Bulls,Cleveland Cavaliers,2025-12-18 11:30:00+10:30,2026-01-07T19:11:00.11Z
0022500371,Regular Season,2025-12-19T00:00:00Z,1610612766,1610612737,Charlotte Hornets,Atlanta Hawks,2025-12-19 10:30:00+10:30,2026-01-07T19:11:00.11Z
0022500372,Regular Season,2025-12-19T00:00:00Z,1610612754,1610612752,Indiana Pacers,New York Knicks,2025-12-19 10:30:00+10:30,2026-01-07T19:11:00.11Z
0022500373,Regular Season,2025-12-19T00:30:00Z,1610612751,1610612748,Brooklyn Nets,Miami Heat,2025-12-19 11:00:00+10:30,2026-01-07T19:11:00.11Z
0022500370,Regular Season,2025-12-19T01:00:00Z,1610612759,1610612764,San Antonio Spurs,Washington Wizards,2025-12-19 11:30:00+10:30,2026-01-07T19:11:00.11Z
0022500374,Regular Season,2025-12-19T01:00:00Z,1610612749,1610612761,Milwaukee Bucks,Toronto Raptors,2025-12-19 11:30:00+10:30,2026-01-07T19:11:00.11Z
0022500375,Regular Season,2025-12-19T01:00:00Z,1610612740,1610612745,New Orleans Pelicans,Houston Rockets,2025-12-19 11:30:00+10:30,2026-01-07T19:11:00.11Z
0022500369,Regular Season,2025-12-19T01:00:00Z,1610612760,1610612746,Oklahoma City Thunder,Los Angeles Clippers,2025-12-19 11:30:00+10:30,2026-01-07T19:11:00.11Z
0022500376,Regular Season,2025-12-19T01:30:00Z,1610612742,1610612765,Dallas Mavericks,Detroit Pistons,2025-12-19 12:00:00+10:30,2026-01-07T19:11:00.11Z
0022500379,Regular Season,2025-12-19T02:00:00Z,1610612762,1610612747,Utah Jazz,Los Angeles Lakers,2025-12-19 12:30:00+10:30,2026-01-07T19:11:00.11Z
0022500378,Regular Season,2025-12-19T02:00:00Z,1610612756,1610612744,Phoenix Suns,Golden State Warriors,2025-12-19 12:30:00+10:30,2026-01-07T19:11:00.11Z
0022500377,Regular Season,2025-12-19T02:00:00Z,1610612743,1610612753,Denver Nuggets,Orlando Magic,2025-12-19 12:30:00+10:30,2026-01-07T19:11:00.11Z
0022500380,Regular Season,2025-12-19T03:00:00Z,1610612757,1610612758,Portland Trail Blazers,Sacramento Kings,2025-12-19 13:30:00+10:30,2026-01-07T19:11:00.11Z
0022500381,Regular Season,2025-12-20T00:00:00Z,1610612738,1610612748,Boston Celtics,Miami Heat,2025-12-20 10:30:00+10:30,2026-01-07T19:11:00.11Z
0022500382,Regular Season,2025-12-20T00:00:00Z,1610612752,1610612755,New York Knicks,Philadelphia 76ers,2025-12-20 10:30:00+10:30,2026-01-07T19:11:00.11Z
0022500383,Regular Season,2025-12-20T00:30:00Z,1610612737,1610612759,Atlanta Hawks,San Antonio Spurs,2025-12-20 11:00:00+10:30,2026-01-07T19:11:00.11Z
0022500384,Regular Season,2025-12-20T00:30:00Z,1610612739,1610612741,Cleveland Cavaliers,Chicago Bulls,2025-12-20 11:00:00+10:30,2026-01-07T19:11:00.11Z
0022500385,Regular Season,2025-12-20T02:30:00Z,1610612750,1610612760,Minnesota Timberwolves,Oklahoma City Thunder,2025-12-20 13:00:00+10:30,2026-01-07T19:11:00.11Z
0022500386,Regular Season,2025-12-20T22:00:00Z,1610612743,1610612745,Denver Nuggets,Houston Rockets,2025-12-21 08:30:00+10:30,2026-01-07T19:11:00.11Z
0022500389,Regular Season,2025-12-21T00:00:00Z,1610612740,1610612754,New Orleans Pelicans,Indiana Pacers,2025-12-21 10:30:00+10:30,2026-01-07T19:11:00.11Z
0022500387,Regular Season,2025-12-21T00:00:00Z,1610612755,1610612742,Philadelphia 76ers,Dallas Mavericks,2025-12-21 10:30:00+10:30,2026-01-07T19:11:00.11Z
0022500388,Regular Season,2025-12-21T00:00:00Z,1610612761,1610612738,Toronto Raptors,Boston Celtics,2025-12-21 10:30:00+10:30,2026-01-07T19:11:00.11Z
0022500390,Regular Season,2025-12-21T00:30:00Z,1610612765,1610612766,Detroit Pistons,Charlotte Hornets,2025-12-21 11:00:00+10:30,2026-01-07T19:11:00.11Z
0022500391,Regular Season,2025-12-21T01:00:00Z,1610612763,1610612764,Memphis Grizzlies,Washington Wizards,2025-12-21 11:30:00+10:30,2026-01-07T19:11:00.11Z
0022500392,Regular Season,2025-12-21T01:30:00Z,1610612744,1610612756,Golden State Warriors,Phoenix Suns,2025-12-21 12:00:00+10:30,2026-01-07T19:11:00.11Z
0022500393,Regular Season,2025-12-21T02:30:00Z,1610612762,1610612753,Utah Jazz,Orlando Magic,2025-12-21 13:00:00+10:30,2026-01-07T19:11:00.11Z
0022500394,Regular Season,2025-12-21T03:00:00Z,1610612758,1610612757,Sacramento Kings,Portland Trail Blazers,2025-12-21 13:30:00+10:30,2026-01-07T19:11:00.11Z
0022500395,Regular Season,2025-12-21T03:30:00Z,1610612746,1610612747,Los Angeles Clippers,Los Angeles Lakers,2025-12-21 14:00:00+10:30,2026-01-07T19:11:00.11Z
0022500396,Regular Season,2025-12-21T20:30:00Z,1610612737,1610612741,Atlanta Hawks,Chicago Bulls,2025-12-22 07:00:00+10:30,2026-01-07T19:11:00.11Z
0022500398,Regular Season,2025-12-21T23:00:00Z,1610612752,1610612748,New York Knicks,Miami Heat,2025-12-22 09:30:00+10:30,2026-01-07T19:11:00.11Z
0022500397,Regular Season,2025-12-21T23:00:00Z,1610612751,1610612761,Brooklyn Nets,Toronto Raptors,2025-12-22 09:30:00+10:30,2026-01-07T19:11:00.11Z
0022500400,Regular Season,2025-12-22T00:00:00Z,1610612750,1610612749,Minnesota Timberwolves,Milwaukee Bucks,2025-12-22 10:30:00+10:30,2026-01-07T19:11:00.11Z
0022500399,Regular Season,2025-12-22T00:00:00Z,1610612764,1610612759,Washington Wizards,San Antonio Spurs,2025-12-22 10:30:00+10:30,2026-01-07T19:11:00.11Z
0022500401,Regular Season,2025-12-22T03:00:00Z,1610612758,1610612745,Sacramento Kings,Houston Rockets,2025-12-22 13:30:00+10:30,2026-01-07T19:11:00.11Z
0022500402,Regular Season,2025-12-23T00:00:00Z,1610612739,1610612766,Cleveland Cavaliers,Charlotte Hornets,2025-12-23 10:30:00+10:30,2026-01-07T19:11:00.11Z
0022500403,Regular Season,2025-12-23T00:30:00Z,1610612738,1610612754,Boston Celtics,Indiana Pacers,2025-12-23 11:00:00+10:30,2026-01-07T19:11:00.11Z
0022500404,Regular Season,2025-12-23T01:00:00Z,1610612740,1610612742,New Orleans Pelicans,Dallas Mavericks,2025-12-23 11:30:00+10:30,2026-01-07T19:11:00.11Z
0022500405,Regular Season,2025-12-23T02:00:00Z,1610612743,1610612762,Denver Nuggets,Utah Jazz,2025-12-23 12:30:00+10:30,2026-01-07T19:11:00.11Z
0022500406,Regular Season,2025-12-23T02:30:00Z,1610612760,1610612763,Oklahoma City Thunder,Memphis Grizzlies,2025-12-23 13:00:00+10:30,2026-01-07T19:11:00.11Z
0022500407,Regular Season,2025-12-23T03:00:00Z,1610612744,1610612753,Golden State Warriors,Orlando Magic,2025-12-23 13:30:00+10:30,2026-01-07T19:11:00.11Z
0022500408,Regular Season,2025-12-23T03:00:00Z,1610612757,1610612765,Portland Trail Blazers,Detroit Pistons,2025-12-23 13:30:00+10:30,2026-01-07T19:11:00.11Z
0022500410,Regular Season,2025-12-24T00:00:00Z,1610612755,1610612751,Philadelphia 76ers,Brooklyn Nets,2025-12-24 10:30:00+10:30,2026-01-07T19:11:00.11Z
0022500409,Regular Season,2025-12-24T00:00:00Z,1610612766,1610612764,Charlotte Hornets,Washington Wizards,2025-12-24 10:30:00+10:30,2026-01-07T19:11:00.11Z
0022500411,Regular Season,2025-12-24T00:30:00Z,1610612737,1610612741,Atlanta Hawks,Chicago Bulls,2025-12-24 11:00:00+10:30,2026-01-07T19:11:00.11Z
0022500412,Regular Season,2025-12-24T00:30:00Z,1610612739,1610612740,Cleveland Cavaliers,New Orleans Pelicans,2025-12-24 11:00:00+10:30,2026-01-07T19:11:00.11Z
0022500413,Regular Season,2025-12-24T00:30:00Z,1610612754,1610612749,Indiana Pacers,Milwaukee Bucks,2025-12-24 11:00:00+10:30,2026-01-07T19:11:00.11Z
0022500414,Regular Season,2025-12-24T00:30:00Z,1610612748,1610612761,Miami Heat,Toronto Raptors,2025-12-24 11:00:00+10:30,2026-01-07T19:11:00.11Z
0022500415,Regular Season,2025-12-24T01:00:00Z,1610612742,1610612743,Dallas Mavericks,Denver Nuggets,2025-12-24 11:30:00+10:30,2026-01-07T19:11:00.11Z
0022500416,Regular Season,2025-12-24T01:00:00Z,1610612750,1610612752,Minnesota Timberwolves,New York Knicks,2025-12-24 11:30:00+10:30,2026-01-07T19:11:00.11Z
0022500417,Regular Season,2025-12-24T01:30:00Z,1610612759,1610612760,San Antonio Spurs,Oklahoma City Thunder,2025-12-24 12:00:00+10:30,2026-01-07T19:11:00.11Z
0022500418,Regular Season,2025-12-24T02:00:00Z,1610612756,1610612747,Phoenix Suns,Los Angeles Lakers,2025-12-24 12:30:00+10:30,2026-01-07T19:11:00.11Z
0022500419,Regular Season,2025-12-24T02:00:00Z,1610612762,1610612763,Utah Jazz,Memphis Grizzlies,2025-12-24 12:30:00+10:30,2026-01-07T19:11:00.11Z
0022500421,Regular Season,2025-12-24T03:00:00Z,1610612758,1610612765,Sacramento Kings,Detroit Pistons,2025-12-24 13:30:00+10:30,2026-01-07T19:11:00.11Z
0022500420,Regular Season,2025-12-24T03:00:00Z,1610612757,1610612753,Portland Trail Blazers,Orlando Magic,2025-12-24 13:30:00+10:30,2026-01-07T19:11:00.11Z
0022500422,Regular Season,2025-12-24T03:30:00Z,1610612746,1610612745,Los Angeles Clippers,Houston Rockets,2025-12-24 14:00:00+10:30,2026-01-07T19:11:00.11Z
0022500009,Regular Season,2025-12-25T17:00:00Z,1610612752,1610612739,New York Knicks,Cleveland Cavaliers,2025-12-26 03:30:00+10:30,2026-01-07T19:11:00.11Z
0022500010,Regular Season,2025-12-25T19:30:00Z,1610612760,1610612759,Oklahoma City Thunder,San Antonio Spurs,2025-12-26 06:00:00+10:30,2026-01-07T19:11:00.11Z
0022500011,Regular Season,2025-12-25T22:00:00Z,1610612744,1610612742,Golden State Warriors,Dallas Mavericks,2025-12-26 08:30:00+10:30,2026-01-07T19:11:00.11Z
0022500012,Regular Season,2025-12-26T01:00:00Z,1610612747,1610612745,Los Angeles Lakers,Houston Rockets,2025-12-26 11:30:00+10:30,2026-01-07T19:11:00.11Z
0022500013,Regular Season,2025-12-26T03:30:00Z,1610612743,1610612750,Denver Nuggets,Minnesota Timberwolves,2025-12-26 14:00:00+10:30,2026-01-07T19:11:00.11Z
0022500426,Regular Season,2025-12-27T00:00:00Z,1610612754,1610612738,Indiana Pacers,Boston Celtics,2025-12-27 10:30:00+10:30,2026-01-07T19:11:00.11Z
0022500425,Regular Season,2025-12-27T00:00:00Z,1610612764,1610612761,Washington Wizards,Toronto Raptors,2025-12-27 10:30:00+10:30,2026-01-07T19:11:00.11Z
0022500423,Regular Season,2025-12-27T00:00:00Z,1610612737,1610612748,Atlanta Hawks,Miami Heat,2025-12-27 10:30:00+10:30,2026-01-07T19:11:00.11Z
0022500424,Regular Season,2025-12-27T00:00:00Z,1610612753,1610612766,Orlando Magic,Charlotte Hornets,2025-12-27 10:30:00+10:30,2026-01-07T19:11:00.11Z
0022500427,Regular Season,2025-12-27T00:30:00Z,1610612741,1610612755,Chicago Bulls,Philadelphia 76ers,2025-12-27 11:00:00+10:30,2026-01-07T19:11:00.11Z
0022500428,Regular Season,2025-12-27T01:00:00Z,1610612763,1610612749,Memphis Grizzlies,Milwaukee Bucks,2025-12-27 11:30:00+10:30,2026-01-07T19:11:00.11Z
0022500429,Regular Season,2025-12-27T01:00:00Z,1610612740,1610612756,New Orleans Pelicans,Phoenix Suns,2025-12-27 11:30:00+10:30,2026-01-07T19:11:00.11Z
0022500430,Regular Season,2025-12-27T02:30:00Z,1610612762,1610612765,Utah Jazz,Detroit Pistons,2025-12-27 13:00:00+10:30,2026-01-07T19:11:00.11Z
0022500431,Regular Season,2025-12-27T03:00:00Z,1610612757,1610612746,Portland Trail Blazers,Los Angeles Clippers,2025-12-27 13:30:00+10:30,2026-01-07T19:11:00.11Z
0022500432,Regular Season,2025-12-27T22:00:00Z,1610612758,1610612742,Sacramento Kings,Dallas Mavericks,2025-12-28 08:30:00+10:30,2026-01-07T19:11:00.11Z
0022500433,Regular Season,2025-12-28T00:00:00Z,1610612753,1610612743,Orlando Magic,Denver Nuggets,2025-12-28 10:30:00+10:30,2026-01-07T19:11:00.11Z
0022500434,Regular Season,2025-12-28T00:00:00Z,1610612740,1610612756,New Orleans Pelicans,Phoenix Suns,2025-12-28 10:30:00+10:30,2026-01-07T19:11:00.11Z
0022500439,Regular Season,2025-12-28T01:00:00Z,1610612750,1610612751,Minnesota Timberwolves,Brooklyn Nets,2025-12-28 11:30:00+10:30,2026-01-07T19:11:00.11Z
0022500440,Regular Season,2025-12-28T01:00:00Z,1610612759,1610612762,San Antonio Spurs,Utah Jazz,2025-12-28 11:30:00+10:30,2026-01-07T19:11:00.11Z
0022500438,Regular Season,2025-12-28T01:00:00Z,1610612745,1610612739,Houston Rockets,Cleveland Cavaliers,2025-12-28 11:30:00+10:30,2026-01-07T19:11:00.11Z
0022500435,Regular Season,2025-12-28T01:00:00Z,1610612737,1610612752,Atlanta Hawks,New York Knicks,2025-12-28 11:30:00+10:30,2026-01-07T19:11:00.11Z
0022500436,Regular Season,2025-12-28T01:00:00Z,1610612748,1610612754,Miami Heat,Indiana Pacers,2025-12-28 11:30:00+10:30,2026-01-07T19:11:00.11Z
0022500437,Regular Season,2025-12-28T01:00:00Z,1610612741,1610612749,Chicago Bulls,Milwaukee Bucks,2025-12-28 11:30:00+10:30,2026-01-07T19:11:00.11Z
0022500441,Regular Season,2025-12-28T20:30:00Z,1610612761,1610612744,Toronto Raptors,Golden State Warriors,2025-12-29 07:00:00+10:30,2026-01-07T19:11:00.11Z
0022500442,Regular Season,2025-12-28T20:30:00Z,1610612760,1610612755,Oklahoma City Thunder,Philadelphia 76ers,2025-12-29 07:00:00+10:30,2026-01-07T19:11:00.11Z
0022500443,Regular Season,2025-12-28T23:00:00Z,1610612764,1610612763,Washington Wizards,Memphis Grizzlies,2025-12-29 09:30:00+10:30,2026-01-07T19:11:00.11Z
0022500444,Regular Season,2025-12-28T23:00:00Z,1610612757,1610612738,Portland Trail Blazers,Boston Celtics,2025-12-29 09:30:00+10:30,2026-01-07T19:11:00.11Z
0022500445,Regular Season,2025-12-29T02:00:00Z,1610612746,1610612765,Los Angeles Clippers,Detroit Pistons,2025-12-29 12:30:00+10:30,2026-01-07T19:11:00.11Z
0022500446,Regular Season,2025-12-29T02:30:00Z,1610612747,1610612758,Los Angeles Lakers,Sacramento Kings,2025-12-29 13:00:00+10:30,2026-01-07T19:11:00.11Z
0022500447,Regular Season,2025-12-30T00:00:00Z,1610612766,1610612749,Charlotte Hornets,Milwaukee Bucks,2025-12-30 10:30:00+10:30,2026-01-07T19:11:00.11Z
0022500448,Regular Season,2025-12-30T00:00:00Z,1610612764,1610612756,Washington Wizards,Phoenix Suns,2025-12-30 10:30:00+10:30,2026-01-07T19:11:00.11Z
0022500449,Regular Season,2025-12-30T00:30:00Z,1610612751,1610612744,Brooklyn Nets,Golden State Warriors,2025-12-30 11:00:00+10:30,2026-01-07T19:11:00.11Z
0022500450,Regular Season,2025-12-30T00:30:00Z,1610612748,1610612743,Miami Heat,Denver Nuggets,2025-12-30 11:00:00+10:30,2026-01-07T19:11:00.11Z
0022500451,Regular Season,2025-12-30T00:30:00Z,1610612761,1610612753,Toronto Raptors,Orlando Magic,2025-12-30 11:00:00+10:30,2026-01-07T19:11:00.11Z
0022500455,Regular Season,2025-12-30T01:00:00Z,1610612760,1610612737,Oklahoma City Thunder,Atlanta Hawks,2025-12-30 11:30:00+10:30,2026-01-07T19:11:00.11Z
0022500454,Regular Season,2025-12-30T01:00:00Z,1610612740,1610612752,New Orleans Pelicans,New York Knicks,2025-12-30 11:30:00+10:30,2026-01-07T19:11:00.11Z
0022500456,Regular Season,2025-12-30T01:00:00Z,1610612759,1610612739,San Antonio Spurs,Cleveland Cavaliers,2025-12-30 11:30:00+10:30,2026-01-07T19:11:00.11Z
0022500452,Regular Season,2025-12-30T01:00:00Z,1610612741,1610612750,Chicago Bulls,Minnesota Timberwolves,2025-12-30 11:30:00+10:30,2026-01-07T19:11:00.11Z
0022500453,Regular Season,2025-12-30T01:00:00Z,1610612745,1610612754,Houston Rockets,Indiana Pacers,2025-12-30 11:30:00+10:30,2026-01-07T19:11:00.11Z
0022500457,Regular Season,2025-12-30T03:30:00Z,1610612757,1610612742,Portland Trail Blazers,Dallas Mavericks,2025-12-30 14:00:00+10:30,2026-01-07T19:11:00.11Z
0022500458,Regular Season,2025-12-31T01:00:00Z,1610612763,1610612755,Memphis Grizzlies,Philadelphia 76ers,2025-12-31 11:30:00+10:30,2026-01-07T19:11:00.11Z
0022500459,Regular Season,2025-12-31T02:00:00Z,1610612762,1610612738,Utah Jazz,Boston Celtics,2025-12-31 12:30:00+10:30,2026-01-07T19:11:00.11Z
0022500460,Regular Season,2025-12-31T03:30:00Z,1610612747,1610612765,Los Angeles Lakers,Detroit Pistons,2025-12-31 14:00:00+10:30,2026-01-07T19:11:00.11Z
0022500461,Regular Season,2025-12-31T04:00:00Z,1610612746,1610612758,Los Angeles Clippers,Sacramento Kings,2025-12-31 14:30:00+10:30,2026-01-07T19:11:00.11Z
0022500462,Regular Season,2025-12-31T18:00:00Z,1610612766,1610612744,Charlotte Hornets,Golden State Warriors,2026-01-01 04:30:00+10:30,2026-01-07T19:11:00.11Z
0022500464,Regular Season,2025-12-31T20:00:00Z,1610612754,1610612753,Indiana Pacers,Orlando Magic,2026-01-01 06:30:00+10:30,2026-01-07T19:11:00.11Z
0022500463,Regular Season,2025-12-31T20:00:00Z,1610612737,1610612750,Atlanta Hawks,Minnesota Timberwolves,2026-01-01 06:30:00+10:30,2026-01-07T19:11:00.11Z
0022500465,Regular Season,2025-12-31T20:30:00Z,1610612739,1610612756,Cleveland Cavaliers,Phoenix Suns,2026-01-01 07:00:00+10:30,2026-01-07T19:11:00.11Z
0022500466,Regular Season,2026-01-01T00:00:00Z,1610612741,1610612740,Chicago Bulls,New Orleans Pelicans,2026-01-01 10:30:00+10:30,2026-01-07T19:11:00.11Z
0022500467,Regular Season,2026-01-01T00:00:00Z,1610612759,1610612752,San Antonio Spurs,New York Knicks,2026-01-01 10:30:00+10:30,2026-01-07T19:11:00.11Z
0022500468,Regular Season,2026-01-01T00:30:00Z,1610612761,1610612743,Toronto Raptors,Denver Nuggets,2026-01-01 11:00:00+10:30,2026-01-07T19:11:00.11Z
0022500469,Regular Season,2026-01-01T01:00:00Z,1610612749,1610612764,Milwaukee Bucks,Washington Wizards,2026-01-01 11:30:00+10:30,2026-01-07T19:11:00.11Z
0022500470,Regular Season,2026-01-01T01:00:00Z,1610612760,1610612757,Oklahoma City Thunder,Portland Trail Blazers,2026-01-01 11:30:00+10:30,2026-01-07T19:11:00.11Z
0022500471,Regular Season,2026-01-01T23:00:00Z,1610612751,1610612745,Brooklyn Nets,Houston Rockets,2026-01-02 09:30:00+10:30,2026-01-07T19:11:00.11Z
0022500472,Regular Season,2026-01-02T00:00:00Z,1610612765,1610612748,Detroit Pistons,Miami Heat,2026-01-02 10:30:00+10:30,2026-01-07T19:11:00.11Z
0022500473,Regular Season,2026-01-02T01:30:00Z,1610612742,1610612755,Dallas Mavericks,Philadelphia 76ers,2026-01-02 12:00:00+10:30,2026-01-07T19:11:00.11Z
0022500474,Regular Season,2026-01-02T03:00:00Z,1610612758,1610612738,Sacramento Kings,Boston Celtics,2026-01-02 13:30:00+10:30,2026-01-07T19:11:00.11Z
0022500475,Regular Season,2026-01-02T03:30:00Z,1610612746,1610612762,Los Angeles Clippers,Utah Jazz,2026-01-02 14:00:00+10:30,2026-01-07T19:11:00.11Z
0022500476,Regular Season,2026-01-03T00:00:00Z,1610612754,1610612759,Indiana Pacers,San Antonio Spurs,2026-01-03 10:30:00+10:30,2026-01-07T19:11:00.11Z
0022500477,Regular Season,2026-01-03T00:00:00Z,1610612764,1610612751,Washington Wizards,Brooklyn Nets,2026-01-03 10:30:00+10:30,2026-01-07T19:11:00.11Z
0022500478,Regular Season,2026-01-03T00:30:00Z,1610612739,1610612743,Cleveland Cavaliers,Denver Nuggets,2026-01-03 11:00:00+10:30,2026-01-07T19:11:00.11Z
0022500479,Regular Season,2026-01-03T00:30:00Z,1610612752,1610612737,New York Knicks,Atlanta Hawks,2026-01-03 11:00:00+10:30,2026-01-07T19:11:00.11Z
0022500480,Regular Season,2026-01-03T01:00:00Z,1610612741,1610612753,Chicago Bulls,Orlando Magic,2026-01-03 11:30:00+10:30,2026-01-07T19:11:00.11Z
0022500481,Regular Season,2026-01-03T01:00:00Z,1610612749,1610612766,Milwaukee Bucks,Charlotte Hornets,2026-01-03 11:30:00+10:30,2026-01-07T19:11:00.11Z
0022500482,Regular Season,2026-01-03T01:00:00Z,1610612740,1610612757,New Orleans Pelicans,Portland Trail Blazers,2026-01-03 11:30:00+10:30,2026-01-07T19:11:00.11Z
0022500483,Regular Season,2026-01-03T02:00:00Z,1610612756,1610612758,Phoenix Suns,Sacramento Kings,2026-01-03 12:30:00+10:30,2026-01-07T19:11:00.11Z
0022500484,Regular Season,2026-01-03T03:00:00Z,1610612744,1610612760,Golden State Warriors,Oklahoma City Thunder,2026-01-03 13:30:00+10:30,2026-01-07T19:11:00.11Z
0022500485,Regular Season,2026-01-03T03:30:00Z,1610612747,1610612763,Los Angeles Lakers,Memphis Grizzlies,2026-01-03 14:00:00+10:30,2026-01-07T19:11:00.11Z
0022500486,Regular Season,2026-01-03T22:00:00Z,1610612748,1610612750,Miami Heat,Minnesota Timberwolves,2026-01-04 08:30:00+10:30,2026-01-07T19:11:00.11Z
0022500487,Regular Season,2026-01-04T00:30:00Z,1610612752,1610612755,New York Knicks,Philadelphia 76ers,2026-01-04 11:00:00+10:30,2026-01-07T19:11:00.11Z
0022500488,Regular Season,2026-01-04T00:30:00Z,1610612761,1610612737,Toronto Raptors,Atlanta Hawks,2026-01-04 11:00:00+10:30,2026-01-07T19:11:00.11Z
0022500489,Regular Season,2026-01-04T01:00:00Z,1610612741,1610612766,Chicago Bulls,Charlotte Hornets,2026-01-04 11:30:00+10:30,2026-01-07T19:11:00.11Z
0022500490,Regular Season,2026-01-04T01:00:00Z,1610612759,1610612757,San Antonio Spurs,Portland Trail Blazers,2026-01-04 11:30:00+10:30,2026-01-07T19:11:00.11Z
0022500491,Regular Season,2026-01-04T01:30:00Z,1610612742,1610612745,Dallas Mavericks,Houston Rockets,2026-01-04 12:00:00+10:30,2026-01-07T19:11:00.11Z
0022500492,Regular Season,2026-01-04T03:00:00Z,1610612744,1610612762,Golden State Warriors,Utah Jazz,2026-01-04 13:30:00+10:30,2026-01-07T19:11:00.11Z
0022500493,Regular Season,2026-01-04T03:30:00Z,1610612746,1610612738,Los Angeles Clippers,Boston Celtics,2026-01-04 14:00:00+10:30,2026-01-07T19:11:00.11Z
0022500494,Regular Season,2026-01-04T19:00:00Z,1610612739,1610612765,Cleveland Cavaliers,Detroit Pistons,2026-01-05 05:30:00+10:30,2026-01-07T19:11:00.11Z
0022500495,Regular Season,2026-01-04T20:00:00Z,1610612753,1610612754,Orlando Magic,Indiana Pacers,2026-01-05 06:30:00+10:30,2026-01-07T19:11:00.11Z
0022500496,Regular Season,2026-01-04T20:30:00Z,1610612751,1610612743,Brooklyn Nets,Denver Nuggets,2026-01-05 07:00:00+10:30,2026-01-07T19:11:00.11Z
0022500497,Regular Season,2026-01-04T23:00:00Z,1610612748,1610612740,Miami Heat,New Orleans Pelicans,2026-01-05 09:30:00+10:30,2026-01-07T19:11:00.11Z
0022500498,Regular Season,2026-01-04T23:00:00Z,1610612764,1610612750,Washington Wizards,Minnesota Timberwolves,2026-01-05 09:30:00+10:30,2026-01-07T19:11:00.11Z
0022500499,Regular Season,2026-01-05T01:00:00Z,1610612756,1610612760,Phoenix Suns,Oklahoma City Thunder,2026-01-05 11:30:00+10:30,2026-01-07T19:11:00.11Z
0022500500,Regular Season,2026-01-05T02:00:00Z,1610612758,1610612749,Sacramento Kings,Milwaukee Bucks,2026-01-05 12:30:00+10:30,2026-01-07T19:11:00.11Z
0022500501,Regular Season,2026-01-05T02:30:00Z,1610612747,1610612763,Los Angeles Lakers,Memphis Grizzlies,2026-01-05 13:00:00+10:30,2026-01-07T19:11:00.11Z
0022500502,Regular Season,2026-01-06T00:00:00Z,1610612765,1610612752,Detroit Pistons,New York Knicks,2026-01-06 10:30:00+10:30,2026-01-07T19:11:00.11Z
0022500503,Regular Season,2026-01-06T00:30:00Z,1610612738,1610612741,Boston Celtics,Chicago Bulls,2026-01-06 11:00:00+10:30,2026-01-07T19:11:00.11Z
0022500504,Regular Season,2026-01-06T00:30:00Z,1610612761,1610612737,Toronto Raptors,Atlanta Hawks,2026-01-06 11:00:00+10:30,2026-01-07T19:11:00.11Z
0022500506,Regular Season,2026-01-06T01:00:00Z,1610612760,1610612766,Oklahoma City Thunder,Charlotte Hornets,2026-01-06 11:30:00+10:30,2026-01-07T19:11:00.11Z
0022500505,Regular Season,2026-01-06T01:00:00Z,1610612745,1610612756,Houston Rockets,Phoenix Suns,2026-01-06 11:30:00+10:30,2026-01-07T19:11:00.11Z
0022500507,Regular Season,2026-01-06T01:30:00Z,1610612755,1610612743,Philadelphia 76ers,Denver Nuggets,2026-01-06 12:00:00+10:30,2026-01-07T19:11:00.11Z
0022500508,Regular Season,2026-01-06T03:00:00Z,1610612746,1610612744,Los Angeles Clippers,Golden State Warriors,2026-01-06 13:30:00+10:30,2026-01-07T19:11:00.11Z
0022500509,Regular Season,2026-01-06T03:00:00Z,1610612757,1610612762,Portland Trail Blazers,Utah Jazz,2026-01-06 13:30:00+10:30,2026-01-07T19:11:00.11Z
0022500510,Regular Season,2026-01-07T00:00:00Z,1610612754,1610612739,Indiana Pacers,Cleveland Cavaliers,2026-01-07 10:30:00+10:30,2026-01-07T19:11:00.11Z
0022500511,Regular Season,2026-01-07T00:00:00Z,1610612764,1610612753,Washington Wizards,Orlando Magic,2026-01-07 10:30:00+10:30,2026-01-07T19:11:00.11Z
0022500512,Regular Season,2026-01-07T01:00:00Z,1610612763,1610612759,Memphis Grizzlies,San Antonio Spurs,2026-01-07 11:30:00+10:30,2026-01-07T19:11:00.11Z
0022500513,Regular Season,2026-01-07T01:00:00Z,1610612750,1610612748,Minnesota Timberwolves,Miami Heat,2026-01-07 11:30:00+10:30,2026-01-07T19:11:00.11Z
0022500514,Regular Season,2026-01-07T01:00:00Z,1610612740,1610612747,New Orleans Pelicans,Los Angeles Lakers,2026-01-07 11:30:00+10:30,2026-01-07T19:11:00.11Z
0022500515,Regular Season,2026-01-07T04:00:00Z,1610612758,1610612742,Sacramento Kings,Dallas Mavericks,2026-01-07 14:30:00+10:30,2026-01-07T19:11:00.11Z
0022500516,Regular Season,2026-01-08T00:00:00Z,1610612766,1610612761,Charlotte Hornets,Toronto Raptors,2026-01-08 10:30:00+10:30,2026-01-07T19:11:00.11Z
0022500517,Regular Season,2026-01-08T00:00:00Z,1610612765,1610612741,Detroit Pistons,Chicago Bulls,2026-01-08 10:30:00+10:30,2026-01-07T19:11:00.11Z
0022500518,Regular Season,2026-01-08T00:00:00Z,1610612755,1610612764,Philadelphia 76ers,Washington Wizards,2026-01-08 10:30:00+10:30,2026-01-07T19:11:00.11Z
0022500520,Regular Season,2026-01-08T00:00:00Z,1610612738,1610612743,Boston Celtics,Denver Nuggets,2026-01-08 10:30:00+10:30,2026-01-07T19:11:00.11Z
0022500519,Regular Season,2026-01-08T00:30:00Z,1610612737,1610612740,Atlanta Hawks,New Orleans Pelicans,2026-01-08 11:00:00+10:30,2026-01-07T19:11:00.11Z
0022500521,Regular Season,2026-01-08T00:30:00Z,1610612751,1610612753,Brooklyn Nets,Orlando Magic,2026-01-08 11:00:00+10:30,2026-01-07T19:11:00.11Z
0022500522,Regular Season,2026-01-08T00:30:00Z,1610612752,1610612746,New York Knicks,Los Angeles Clippers,2026-01-08 11:00:00+10:30,2026-01-07T19:11:00.11Z
0022500524,Regular Season,2026-01-08T01:00:00Z,1610612763,1610612756,Memphis Grizzlies,Phoenix Suns,2026-01-08 11:30:00+10:30,2026-01-07T19:11:00.11Z
0022500525,Regular Season,2026-01-08T01:00:00Z,1610612760,1610612762,Oklahoma City Thunder,Utah Jazz,2026-01-08 11:30:00+10:30,2026-01-07T19:11:00.11Z
0022500523,Regular Season,2026-01-08T02:30:00Z,1610612759,1610612747,San Antonio Spurs,Los Angeles Lakers,2026-01-08 13:00:00+10:30,2026-01-07T19:11:00.11Z
0022500526,Regular Season,2026-01-08T03:00:00Z,1610612744,1610612749,Golden State Warriors,Milwaukee Bucks,2026-01-08 13:30:00+10:30,2026-01-07T19:11:00.11Z
0022500527,Regular Season,2026-01-08T03:00:00Z,1610612757,1610612745,Portland Trail Blazers,Houston Rockets,2026-01-08 13:30:00+10:30,2026-01-07T19:11:00.11Z
0022500528,Regular Season,2026-01-09T00:00:00Z,1610612766,1610612754,Charlotte Hornets,Indiana Pacers,2026-01-09 10:30:00+10:30,2026-01-07T19:11:00.11Z
0022500529,Regular Season,2026-01-09T01:00:00Z,1610612741,1610612748,Chicago Bulls,Miami Heat,2026-01-09 11:30:00+10:30,2026-01-07T19:11:00.11Z
0022500530,Regular Season,2026-01-09T01:00:00Z,1610612750,1610612739,Minnesota Timberwolves,Cleveland Cavaliers,2026-01-09 11:30:00+10:30,2026-01-07T19:11:00.11Z
0022500531,Regular Season,2026-01-09T02:00:00Z,1610612762,1610612742,Utah Jazz,Dallas Mavericks,2026-01-09 12:30:00+10:30,2026-01-07T19:11:00.11Z
0022500533,Regular Season,2026-01-10T00:00:00Z,1610612753,1610612755,Orlando Magic,Philadelphia 76ers,2026-01-10 10:30:00+10:30,2026-01-07T19:11:00.11Z
0022500532,Regular Season,2026-01-10T00:00:00Z,1610612738,1610612761,Boston Celtics,Toronto Raptors,2026-01-10 10:30:00+10:30,2026-01-07T19:11:00.11Z
0022500534,Regular Season,2026-01-10T00:00:00Z,1610612764,1610612740,Washington Wizards,New Orleans Pelicans,2026-01-10 10:30:00+10:30,2026-01-07T19:11:00.11Z
0022500535,Regular Season,2026-01-10T00:30:00Z,1610612751,1610612746,Brooklyn Nets,Los Angeles Clippers,2026-01-10 11:00:00+10:30,2026-01-07T19:11:00.11Z
0022500536,Regular Season,2026-01-10T01:00:00Z,1610612763,1610612760,Memphis Grizzlies,Oklahoma City Thunder,2026-01-10 11:30:00+10:30,2026-01-07T19:11:00.11Z
0022500537,Regular Season,2026-01-10T02:00:00Z,1610612743,1610612737,Denver Nuggets,Atlanta Hawks,2026-01-10 12:30:00+10:30,2026-01-07T19:11:00.11Z
0022500538,Regular Season,2026-01-10T02:00:00Z,1610612756,1610612752,Phoenix Suns,New York Knicks,2026-01-10 12:30:00+10:30,2026-01-07T19:11:00.11Z
0022500539,Regular Season,2026-01-10T03:00:00Z,1610612744,1610612758,Golden State Warriors,Sacramento Kings,2026-01-10 13:30:00+10:30,2026-01-07T19:11:00.11Z
0022500540,Regular Season,2026-01-10T03:00:00Z,1610612757,1610612745,Portland Trail Blazers,Houston Rockets,2026-01-10 13:30:00+10:30,2026-01-07T19:11:00.11Z
0022500541,Regular Season,2026-01-10T03:30:00Z,1610612747,1610612749,Los Angeles Lakers,Milwaukee Bucks,2026-01-10 14:00:00+10:30,2026-01-07T19:11:00.11Z
0022500542,Regular Season,2026-01-10T18:00:00Z,1610612739,1610612750,Cleveland Cavaliers,Minnesota Timberwolves,2026-01-11 04:30:00+10:30,2026-01-07T19:11:00.11Z
0022500543,Regular Season,2026-01-11T00:00:00Z,1610612754,1610612748,Indiana Pacers,Miami Heat,2026-01-11 10:30:00+10:30,2026-01-07T19:11:00.11Z
0022500544,Regular Season,2026-01-11T00:30:00Z,1610612765,1610612746,Detroit Pistons,Los Angeles Clippers,2026-01-11 11:00:00+10:30,2026-01-07T19:11:00.11Z
0022500546,Regular Season,2026-01-11T01:00:00Z,1610612741,1610612742,Chicago Bulls,Dallas Mavericks,2026-01-11 11:30:00+10:30,2026-01-07T19:11:00.11Z
0022500545,Regular Season,2026-01-11T01:00:00Z,1610612738,1610612759,Boston Celtics,San Antonio Spurs,2026-01-11 11:30:00+10:30,2026-01-07T19:11:00.11Z
0022500547,Regular Season,2026-01-11T02:30:00Z,1610612762,1610612766,Utah Jazz,Charlotte Hornets,2026-01-11 13:00:00+10:30,2026-01-07T19:11:00.11Z
0022500548,Regular Season,2026-01-11T20:00:00Z,1610612753,1610612740,Orlando Magic,New Orleans Pelicans,2026-01-12 06:30:00+10:30,2026-01-07T19:11:00.11Z
0022500549,Regular Season,2026-01-11T20:30:00Z,1610612763,1610612751,Memphis Grizzlies,Brooklyn Nets,2026-01-12 07:00:00+10:30,2026-01-07T19:11:00.11Z
0022500550,Regular Season,2026-01-11T23:00:00Z,1610612761,1610612755,Toronto Raptors,Philadelphia 76ers,2026-01-12 09:30:00+10:30,2026-01-07T19:11:00.11Z
0022500551,Regular Season,2026-01-11T23:00:00Z,1610612757,1610612752,Portland Trail Blazers,New York Knicks,2026-01-12 09:30:00+10:30,2026-01-07T19:11:00.11Z
0022500552,Regular Season,2026-01-12T00:00:00Z,1610612750,1610612759,Minnesota Timberwolves,San Antonio Spurs,2026-01-12 10:30:00+10:30,2026-01-07T19:11:00.11Z
0022500553,Regular Season,2026-01-12T00:00:00Z,1610612760,1610612748,Oklahoma City Thunder,Miami Heat,2026-01-12 10:30:00+10:30,2026-01-07T19:11:00.11Z
0022500554,Regular Season,2026-01-12T01:00:00Z,1610612743,1610612749,Denver Nuggets,Milwaukee Bucks,2026-01-12 11:30:00+10:30,2026-01-07T19:11:00.11Z
0022500555,Regular Season,2026-01-12T01:00:00Z,1610612756,1610612764,Phoenix Suns,Washington Wizards,2026-01-12 11:30:00+10:30,2026-01-07T19:11:00.11Z
0022500556,Regular Season,2026-01-12T01:30:00Z,1610612744,1610612737,Golden State Warriors,Atlanta Hawks,2026-01-12 12:00:00+10:30,2026-01-07T19:11:00.11Z
0022500557,Regular Season,2026-01-12T02:00:00Z,1610612758,1610612745,Sacramento Kings,Houston Rockets,2026-01-12 12:30:00+10:30,2026-01-07T19:11:00.11Z
0022500558,Regular Season,2026-01-13T00:00:00Z,1610612739,1610612762,Cleveland Cavaliers,Utah Jazz,2026-01-13 10:30:00+10:30,2026-01-07T19:11:00.11Z
0022500559,Regular Season,2026-01-13T00:30:00Z,1610612754,1610612738,Indiana Pacers,Boston Celtics,2026-01-13 11:00:00+10:30,2026-01-07T19:11:00.11Z
0022500560,Regular Season,2026-01-13T00:30:00Z,1610612761,1610612755,Toronto Raptors,Philadelphia 76ers,2026-01-13 11:00:00+10:30,2026-01-07T19:11:00.11Z
0022500561,Regular Season,2026-01-13T01:30:00Z,1610612742,1610612751,Dallas Mavericks,Brooklyn Nets,2026-01-13 12:00:00+10:30,2026-01-07T19:11:00.11Z
0022500562,Regular Season,2026-01-13T03:00:00Z,1610612758,1610612747,Sacramento Kings,Los Angeles Lakers,2026-01-13 13:30:00+10:30,2026-01-07T19:11:00.11Z
0022500563,Regular Season,2026-01-13T03:30:00Z,1610612746,1610612766,Los Angeles Clippers,Charlotte Hornets,2026-01-13 14:00:00+10:30,2026-01-07T19:11:00.11Z
0022500564,Regular Season,2026-01-14T00:30:00Z,1610612748,1610612756,Miami Heat,Phoenix Suns,2026-01-14 11:00:00+10:30,2026-01-07T19:11:00.11Z
0022500568,Regular Season,2026-01-14T01:00:00Z,1610612760,1610612759,Oklahoma City Thunder,San Antonio Spurs,2026-01-14 11:30:00+10:30,2026-01-07T19:11:00.11Z
0022500567,Regular Season,2026-01-14T01:00:00Z,1610612740,1610612743,New Orleans Pelicans,Denver Nuggets,2026-01-14 11:30:00+10:30,2026-01-07T19:11:00.11Z
0022500566,Regular Season,2026-01-14T01:00:00Z,1610612749,1610612750,Milwaukee Bucks,Minnesota Timberwolves,2026-01-14 11:30:00+10:30,2026-01-07T19:11:00.11Z
0022500565,Regular Season,2026-01-14T01:00:00Z,1610612745,1610612741,Houston Rockets,Chicago Bulls,2026-01-14 11:30:00+10:30,2026-01-07T19:11:00.11Z
0022500569,Regular Season,2026-01-14T03:30:00Z,1610612747,1610612737,Los Angeles Lakers,Atlanta Hawks,2026-01-14 14:00:00+10:30,2026-01-07T19:11:00.11Z
0022500570,Regular Season,2026-01-14T04:00:00Z,1610612744,1610612757,Golden State Warriors,Portland Trail Blazers,2026-01-14 14:30:00+10:30,2026-01-07T19:11:00.11Z
0022500571,Regular Season,2026-01-15T00:00:00Z,1610612754,1610612761,Indiana Pacers,Toronto Raptors,2026-01-15 10:30:00+10:30,2026-01-07T19:11:00.11Z
0022500572,Regular Season,2026-01-15T00:00:00Z,1610612755,1610612739,Philadelphia 76ers,Cleveland Cavaliers,2026-01-15 10:30:00+10:30,2026-01-07T19:11:00.11Z
0022500573,Regular Season,2026-01-15T01:00:00Z,1610612741,1610612762,Chicago Bulls,Utah Jazz,2026-01-15 11:30:00+10:30,2026-01-07T19:11:00.11Z
0022500574,Regular Season,2026-01-15T01:00:00Z,1610612740,1610612751,New Orleans Pelicans,Brooklyn Nets,2026-01-15 11:30:00+10:30,2026-01-07T19:11:00.11Z
0022500575,Regular Season,2026-01-15T02:30:00Z,1610612742,1610612743,Dallas Mavericks,Denver Nuggets,2026-01-15 13:00:00+10:30,2026-01-07T19:11:00.11Z
0022500576,Regular Season,2026-01-15T03:00:00Z,1610612758,1610612752,Sacramento Kings,New York Knicks,2026-01-15 13:30:00+10:30,2026-01-07T19:11:00.11Z
0022500577,Regular Season,2026-01-15T03:30:00Z,1610612746,1610612764,Los Angeles Clippers,Washington Wizards,2026-01-15 14:00:00+10:30,2026-01-07T19:11:00.11Z
0022500578,Neutral Site,2026-01-15T19:00:00Z,1610612753,1610612763,Orlando Magic,Memphis Grizzlies,2026-01-16 05:30:00+10:30,2026-01-07T19:11:00.11Z
0022500579,Regular Season,2026-01-16T00:00:00Z,1610612765,1610612756,Detroit Pistons,Phoenix Suns,2026-01-16 10:30:00+10:30,2026-01-07T19:11:00.11Z
0022500580,Regular Season,2026-01-16T00:30:00Z,1610612748,1610612738,Miami Heat,Boston Celtics,2026-01-16 11:00:00+10:30,2026-01-07T19:11:00.11Z
0022500581,Regular Season,2026-01-16T00:30:00Z,1610612745,1610612760,Houston Rockets,Oklahoma City Thunder,2026-01-16 11:00:00+10:30,2026-01-07T19:11:00.11Z
0022500582,Regular Season,2026-01-16T01:00:00Z,1610612759,1610612749,San Antonio Spurs,Milwaukee Bucks,2026-01-16 11:30:00+10:30,2026-01-07T19:11:00.11Z
0022500583,Regular Season,2026-01-16T01:30:00Z,1610612742,1610612762,Dallas Mavericks,Utah Jazz,2026-01-16 12:00:00+10:30,2026-01-07T19:11:00.11Z
0022500584,Regular Season,2026-01-16T03:00:00Z,1610612744,1610612752,Golden State Warriors,New York Knicks,2026-01-16 13:30:00+10:30,2026-01-07T19:11:00.11Z
0022500585,Regular Season,2026-01-16T03:00:00Z,1610612757,1610612737,Portland Trail Blazers,Atlanta Hawks,2026-01-16 13:30:00+10:30,2026-01-07T19:11:00.11Z
0022500586,Regular Season,2026-01-16T03:30:00Z,1610612747,1610612766,Los Angeles Lakers,Charlotte Hornets,2026-01-16 14:00:00+10:30,2026-01-07T19:11:00.11Z
0022500589,Regular Season,2026-01-17T00:00:00Z,1610612755,1610612739,Philadelphia 76ers,Cleveland Cavaliers,2026-01-17 10:30:00+10:30,2026-01-07T19:11:00.11Z
0022500587,Regular Season,2026-01-17T00:00:00Z,1610612751,1610612741,Brooklyn Nets,Chicago Bulls,2026-01-17 10:30:00+10:30,2026-01-07T19:11:00.11Z
0022500588,Regular Season,2026-01-17T00:00:00Z,1610612754,1610612740,Indiana Pacers,New Orleans Pelicans,2026-01-17 10:30:00+10:30,2026-01-07T19:11:00.11Z
0022500590,Regular Season,2026-01-17T00:30:00Z,1610612761,1610612746,Toronto Raptors,Los Angeles Clippers,2026-01-17 11:00:00+10:30,2026-01-07T19:11:00.11Z
0022500591,Regular Season,2026-01-17T02:30:00Z,1610612745,1610612750,Houston Rockets,Minnesota Timberwolves,2026-01-17 13:00:00+10:30,2026-01-07T19:11:00.11Z
0022500592,Regular Season,2026-01-17T03:00:00Z,1610612758,1610612764,Sacramento Kings,Washington Wizards,2026-01-17 13:30:00+10:30,2026-01-07T19:11:00.11Z
0022500593,Regular Season,2026-01-17T22:00:00Z,1610612742,1610612762,Dallas Mavericks,Utah Jazz,2026-01-18 08:30:00+10:30,2026-01-07T19:11:00.11Z
0022500596,Regular Season,2026-01-18T00:30:00Z,1610612752,1610612756,New York Knicks,Phoenix Suns,2026-01-18 11:00:00+10:30,2026-01-07T19:11:00.11Z
0022500594,Regular Season,2026-01-18T00:30:00Z,1610612737,1610612738,Atlanta Hawks,Boston Celtics,2026-01-18 11:00:00+10:30,2026-01-07T19:11:00.11Z
0022500595,Regular Season,2026-01-18T00:30:00Z,1610612765,1610612754,Detroit Pistons,Indiana Pacers,2026-01-18 11:00:00+10:30,2026-01-07T19:11:00.11Z
0022500598,Regular Season,2026-01-18T01:00:00Z,1610612759,1610612750,San Antonio Spurs,Minnesota Timberwolves,2026-01-18 11:30:00+10:30,2026-01-07T19:11:00.11Z
0022500597,Regular Season,2026-01-18T01:00:00Z,1610612748,1610612760,Miami Heat,Oklahoma City Thunder,2026-01-18 11:30:00+10:30,2026-01-07T19:11:00.11Z
0022500599,Regular Season,2026-01-18T01:30:00Z,1610612744,1610612766,Golden State Warriors,Charlotte Hornets,2026-01-18 12:00:00+10:30,2026-01-07T19:11:00.11Z
0022500600,Regular Season,2026-01-18T02:00:00Z,1610612743,1610612764,Denver Nuggets,Washington Wizards,2026-01-18 12:30:00+10:30,2026-01-07T19:11:00.11Z
0022500601,Regular Season,2026-01-18T03:00:00Z,1610612757,1610612747,Portland Trail Blazers,Los Angeles Lakers,2026-01-18 13:30:00+10:30,2026-01-07T19:11:00.11Z
0022500602,Neutral Site,2026-01-18T17:00:00Z,1610612763,1610612753,Memphis Grizzlies,Orlando Magic,2026-01-19 03:30:00+10:30,2026-01-07T19:11:00.11Z
0022500603,Regular Season,2026-01-19T00:00:00Z,1610612741,1610612751,Chicago Bulls,Brooklyn Nets,2026-01-19 10:30:00+10:30,2026-01-07T19:11:00.11Z
0022500604,Regular Season,2026-01-19T00:00:00Z,1610612745,1610612740,Houston Rockets,New Orleans Pelicans,2026-01-19 10:30:00+10:30,2026-01-07T19:11:00.11Z
0022500605,Regular Season,2026-01-19T01:00:00Z,1610612743,1610612766,Denver Nuggets,Charlotte Hornets,2026-01-19 11:30:00+10:30,2026-01-07T19:11:00.11Z
0022500606,Regular Season,2026-01-19T02:00:00Z,1610612758,1610612757,Sacramento Kings,Portland Trail Blazers,2026-01-19 12:30:00+10:30,2026-01-07T19:11:00.11Z
0022500607,Regular Season,2026-01-19T02:30:00Z,1610612747,1610612761,Los Angeles Lakers,Toronto Raptors,2026-01-19 13:00:00+10:30,2026-01-07T19:11:00.11Z
0022500014,Regular Season,2026-01-19T18:00:00Z,1610612737,1610612749,Atlanta Hawks,Milwaukee Bucks,2026-01-20 04:30:00+10:30,2026-01-07T19:11:00.11Z
0022500015,Regular Season,2026-01-19T19:30:00Z,1610612739,1610612760,Cleveland Cavaliers,Oklahoma City Thunder,2026-01-20 06:00:00+10:30,2026-01-07T19:11:00.11Z
0022500608,Regular Season,2026-01-19T20:00:00Z,1610612764,1610612746,Washington Wizards,Los Angeles Clippers,2026-01-20 06:30:00+10:30,2026-01-07T19:11:00.11Z
0022500016,Regular Season,2026-01-19T22:00:00Z,1610612752,1610612742,New York Knicks,Dallas Mavericks,2026-01-20 08:30:00+10:30,2026-01-07T19:11:00.11Z
0022500611,Regular Season,2026-01-19T22:00:00Z,1610612759,1610612762,San Antonio Spurs,Utah Jazz,2026-01-20 08:30:00+10:30,2026-01-07T19:11:00.11Z
0022500609,Regular Season,2026-01-20T00:00:00Z,1610612755,1610612754,Philadelphia 76ers,Indiana Pacers,2026-01-20 10:30:00+10:30,2026-01-07T19:11:00.11Z
0022500610,Regular Season,2026-01-20T00:30:00Z,1610612751,1610612756,Brooklyn Nets,Phoenix Suns,2026-01-20 11:00:00+10:30,2026-01-07T19:11:00.11Z
0022500017,Regular Season,2026-01-20T01:00:00Z,1610612765,1610612738,Detroit Pistons,Boston Celtics,2026-01-20 11:30:00+10:30,2026-01-07T19:11:00.11Z
0022500612,Regular Season,2026-01-20T03:00:00Z,1610612744,1610612748,Golden State Warriors,Miami Heat,2026-01-20 13:30:00+10:30,2026-01-07T19:11:00.11Z
0022500613,Regular Season,2026-01-21T00:00:00Z,1610612755,1610612756,Philadelphia 76ers,Phoenix Suns,2026-01-21 10:30:00+10:30,2026-01-07T19:11:00.11Z
0022500615,Regular Season,2026-01-21T01:00:00Z,1610612745,1610612759,Houston Rockets,San Antonio Spurs,2026-01-21 11:30:00+10:30,2026-01-07T19:11:00.11Z
0022500614,Regular Season,2026-01-21T01:00:00Z,1610612741,1610612746,Chicago Bulls,Los Angeles Clippers,2026-01-21 11:30:00+10:30,2026-01-07T19:11:00.11Z
0022500616,Regular Season,2026-01-21T02:00:00Z,1610612762,1610612750,Utah Jazz,Minnesota Timberwolves,2026-01-21 12:30:00+10:30,2026-01-07T19:11:00.11Z
0022500617,Regular Season,2026-01-21T03:00:00Z,1610612743,1610612747,Denver Nuggets,Los Angeles Lakers,2026-01-21 13:30:00+10:30,2026-01-07T19:11:00.11Z
0022500618,Regular Season,2026-01-21T03:00:00Z,1610612744,1610612761,Golden State Warriors,Toronto Raptors,2026-01-21 13:30:00+10:30,2026-01-07T19:11:00.11Z
0022500619,Regular Season,2026-01-21T03:00:00Z,1610612758,1610612748,Sacramento Kings,Miami Heat,2026-01-21 13:30:00+10:30,2026-01-07T19:11:00.11Z
0022500620,Regular Season,2026-01-22T00:00:00Z,1610612766,1610612739,Charlotte Hornets,Cleveland Cavaliers,2026-01-22 10:30:00+10:30,2026-01-07T19:11:00.11Z
0022500621,Regular Season,2026-01-22T00:30:00Z,1610612738,1610612754,Boston Celtics,Indiana Pacers,2026-01-22 11:00:00+10:30,2026-01-07T19:11:00.11Z
0022500622,Regular Season,2026-01-22T00:30:00Z,1610612752,1610612751,New York Knicks,Brooklyn Nets,2026-01-22 11:00:00+10:30,2026-01-07T19:11:00.11Z
0022500624,Regular Season,2026-01-22T01:00:00Z,1610612740,1610612765,New Orleans Pelicans,Detroit Pistons,2026-01-22 11:30:00+10:30,2026-01-07T19:11:00.11Z
0022500623,Regular Season,2026-01-22T01:00:00Z,1610612763,1610612737,Memphis Grizzlies,Atlanta Hawks,2026-01-22 11:30:00+10:30,2026-01-07T19:11:00.11Z
0022500625,Regular Season,2026-01-22T02:30:00Z,1610612749,1610612760,Milwaukee Bucks,Oklahoma City Thunder,2026-01-22 13:00:00+10:30,2026-01-07T19:11:00.11Z
0022500626,Regular Season,2026-01-22T03:00:00Z,1610612758,1610612761,Sacramento Kings,Toronto Raptors,2026-01-22 13:30:00+10:30,2026-01-07T19:11:00.11Z
0022500627,Regular Season,2026-01-23T00:00:00Z,1610612753,1610612766,Orlando Magic,Charlotte Hornets,2026-01-23 10:30:00+10:30,2026-01-07T19:11:00.11Z
0022500628,Regular Season,2026-01-23T00:00:00Z,1610612755,1610612745,Philadelphia 76ers,Houston Rockets,2026-01-23 10:30:00+10:30,2026-01-07T19:11:00.11Z
0022500629,Regular Season,2026-01-23T00:00:00Z,1610612764,1610612743,Washington Wizards,Denver Nuggets,2026-01-23 10:30:00+10:30,2026-01-07T19:11:00.11Z
0022500630,Regular Season,2026-01-23T00:30:00Z,1610612742,1610612744,Dallas Mavericks,Golden State Warriors,2026-01-23 11:00:00+10:30,2026-01-07T19:11:00.11Z
0022500631,Regular Season,2026-01-23T01:00:00Z,1610612750,1610612741,Minnesota Timberwolves,Chicago Bulls,2026-01-23 11:30:00+10:30,2026-01-07T19:11:00.11Z
0022500632,Regular Season,2026-01-23T02:00:00Z,1610612762,1610612759,Utah Jazz,San Antonio Spurs,2026-01-23 12:30:00+10:30,2026-01-07T19:11:00.11Z
0022500634,Regular Season,2026-01-23T03:00:00Z,1610612757,1610612748,Portland Trail Blazers,Miami Heat,2026-01-23 13:30:00+10:30,2026-01-07T19:11:00.11Z
0022500633,Regular Season,2026-01-23T03:00:00Z,1610612746,1610612747,Los Angeles Clippers,Los Angeles Lakers,2026-01-23 13:30:00+10:30,2026-01-07T19:11:00.11Z
0022500635,Regular Season,2026-01-24T00:00:00Z,1610612765,1610612745,Detroit Pistons,Houston Rockets,2026-01-24 10:30:00+10:30,2026-01-07T19:11:00.11Z
0022500636,Regular Season,2026-01-24T00:30:00Z,1610612737,1610612756,Atlanta Hawks,Phoenix Suns,2026-01-24 11:00:00+10:30,2026-01-07T19:11:00.11Z
0022500637,Regular Season,2026-01-24T00:30:00Z,1610612751,1610612738,Brooklyn Nets,Boston Celtics,2026-01-24 11:00:00+10:30,2026-01-07T19:11:00.11Z
0022500638,Regular Season,2026-01-24T00:30:00Z,1610612739,1610612758,Cleveland Cavaliers,Sacramento Kings,2026-01-24 11:00:00+10:30,2026-01-07T19:11:00.11Z
0022500639,Regular Season,2026-01-24T01:00:00Z,1610612763,1610612740,Memphis Grizzlies,New Orleans Pelicans,2026-01-24 11:30:00+10:30,2026-01-07T19:11:00.11Z
0022500641,Regular Season,2026-01-24T01:00:00Z,1610612760,1610612754,Oklahoma City Thunder,Indiana Pacers,2026-01-24 11:30:00+10:30,2026-01-07T19:11:00.11Z
0022500640,Regular Season,2026-01-24T02:30:00Z,1610612749,1610612743,Milwaukee Bucks,Denver Nuggets,2026-01-24 13:00:00+10:30,2026-01-07T19:11:00.11Z
0022500642,Regular Season,2026-01-24T03:00:00Z,1610612757,1610612761,Portland Trail Blazers,Toronto Raptors,2026-01-24 13:30:00+10:30,2026-01-07T19:11:00.11Z
0022500643,Regular Season,2026-01-24T20:00:00Z,1610612755,1610612752,Philadelphia 76ers,New York Knicks,2026-01-25 06:30:00+10:30,2026-01-07T19:11:00.11Z
0022500644,Regular Season,2026-01-24T22:30:00Z,1610612750,1610612744,Minnesota Timberwolves,Golden State Warriors,2026-01-25 09:00:00+10:30,2026-01-07T19:11:00.11Z
0022500645,Regular Season,2026-01-24T23:00:00Z,1610612766,1610612764,Charlotte Hornets,Washington Wizards,2026-01-25 09:30:00+10:30,2026-01-07T19:11:00.11Z
0022500646,Regular Season,2026-01-25T00:00:00Z,1610612753,1610612739,Orlando Magic,Cleveland Cavaliers,2026-01-25 10:30:00+10:30,2026-01-07T19:11:00.11Z
0022500647,Regular Season,2026-01-25T01:00:00Z,1610612741,1610612738,Chicago Bulls,Boston Celtics,2026-01-25 11:30:00+10:30,2026-01-07T19:11:00.11Z
0022500648,Regular Season,2026-01-25T01:30:00Z,1610612742,1610612747,Dallas Mavericks,Los Angeles Lakers,2026-01-25 12:00:00+10:30,2026-01-07T19:11:00.11Z
0022500649,Regular Season,2026-01-25T02:30:00Z,1610612762,1610612748,Utah Jazz,Miami Heat,2026-01-25 13:00:00+10:30,2026-01-07T19:11:00.11Z
0022500650,Regular Season,2026-01-25T20:00:00Z,1610612765,1610612758,Detroit Pistons,Sacramento Kings,2026-01-26 06:30:00+10:30,2026-01-07T19:11:00.11Z
0022500651,Regular Season,2026-01-25T20:30:00Z,1610612763,1610612743,Memphis Grizzlies,Denver Nuggets,2026-01-26 07:00:00+10:30,2026-01-07T19:11:00.11Z
0022500653,Regular Season,2026-01-26T00:00:00Z,1610612760,1610612761,Oklahoma City Thunder,Toronto Raptors,2026-01-26 10:30:00+10:30,2026-01-07T19:11:00.11Z
0022500654,Regular Season,2026-01-26T00:00:00Z,1610612759,1610612740,San Antonio Spurs,New Orleans Pelicans,2026-01-26 10:30:00+10:30,2026-01-07T19:11:00.11Z
0022500652,Regular Season,2026-01-26T00:00:00Z,1610612749,1610612742,Milwaukee Bucks,Dallas Mavericks,2026-01-26 10:30:00+10:30,2026-01-07T19:11:00.11Z
0022500655,Regular Season,2026-01-26T01:00:00Z,1610612756,1610612748,Phoenix Suns,Miami Heat,2026-01-26 11:30:00+10:30,2026-01-07T19:11:00.11Z
0022500656,Regular Season,2026-01-26T02:00:00Z,1610612746,1610612751,Los Angeles Clippers,Brooklyn Nets,2026-01-26 12:30:00+10:30,2026-01-07T19:11:00.11Z
0022500657,Regular Season,2026-01-27T00:00:00Z,1610612766,1610612755,Charlotte Hornets,Philadelphia 76ers,2026-01-27 10:30:00+10:30,2026-01-07T19:11:00.11Z
0022500658,Regular Season,2026-01-27T00:00:00Z,1610612739,1610612753,Cleveland Cavaliers,Orlando Magic,2026-01-27 10:30:00+10:30,2026-01-07T19:11:00.11Z
0022500659,Regular Season,2026-01-27T00:30:00Z,1610612737,1610612754,Atlanta Hawks,Indiana Pacers,2026-01-27 11:00:00+10:30,2026-01-07T19:11:00.11Z
0022500662,Regular Season,2026-01-27T01:00:00Z,1610612745,1610612763,Houston Rockets,Memphis Grizzlies,2026-01-27 11:30:00+10:30,2026-01-07T19:11:00.11Z
0022500660,Regular Season,2026-01-27T01:00:00Z,1610612738,1610612757,Boston Celtics,Portland Trail Blazers,2026-01-27 11:30:00+10:30,2026-01-07T19:11:00.11Z
0022500661,Regular Season,2026-01-27T01:00:00Z,1610612741,1610612747,Chicago Bulls,Los Angeles Lakers,2026-01-27 11:30:00+10:30,2026-01-07T19:11:00.11Z
0022500663,Regular Season,2026-01-27T02:30:00Z,1610612750,1610612744,Minnesota Timberwolves,Golden State Warriors,2026-01-27 13:00:00+10:30,2026-01-07T19:11:00.11Z
0022500664,Regular Season,2026-01-28T00:00:00Z,1610612764,1610612757,Washington Wizards,Portland Trail Blazers,2026-01-28 10:30:00+10:30,2026-01-07T19:11:00.11Z
0022500665,Regular Season,2026-01-28T00:30:00Z,1610612752,1610612758,New York Knicks,Sacramento Kings,2026-01-28 11:00:00+10:30,2026-01-07T19:11:00.11Z
0022500666,Regular Season,2026-01-28T01:00:00Z,1610612755,1610612749,Philadelphia 76ers,Milwaukee Bucks,2026-01-28 11:30:00+10:30,2026-01-07T19:11:00.11Z
0022500667,Regular Season,2026-01-28T01:00:00Z,1610612760,1610612740,Oklahoma City Thunder,New Orleans Pelicans,2026-01-28 11:30:00+10:30,2026-01-07T19:11:00.11Z
0022500668,Regular Season,2026-01-28T02:00:00Z,1610612743,1610612765,Denver Nuggets,Detroit Pistons,2026-01-28 12:30:00+10:30,2026-01-07T19:11:00.11Z
0022500669,Regular Season,2026-01-28T02:00:00Z,1610612756,1610612751,Phoenix Suns,Brooklyn Nets,2026-01-28 12:30:00+10:30,2026-01-07T19:11:00.11Z
0022500670,Regular Season,2026-01-28T03:00:00Z,1610612762,1610612746,Utah Jazz,Los Angeles Clippers,2026-01-28 13:30:00+10:30,2026-01-07T19:11:00.11Z
0022500672,Regular Season,2026-01-29T00:00:00Z,1610612754,1610612741,Indiana Pacers,Chicago Bulls,2026-01-29 10:30:00+10:30,2026-01-07T19:11:00.11Z
0022500671,Regular Season,2026-01-29T00:00:00Z,1610612739,1610612747,Cleveland Cavaliers,Los Angeles Lakers,2026-01-29 10:30:00+10:30,2026-01-07T19:11:00.11Z
0022500675,Regular Season,2026-01-29T00:30:00Z,1610612761,1610612752,Toronto Raptors,New York Knicks,2026-01-29 11:00:00+10:30,2026-01-07T19:11:00.11Z
0022500674,Regular Season,2026-01-29T00:30:00Z,1610612748,1610612753,Miami Heat,Orlando Magic,2026-01-29 11:00:00+10:30,2026-01-07T19:11:00.11Z
0022500673,Regular Season,2026-01-29T00:30:00Z,1610612738,1610612737,Boston Celtics,Atlanta Hawks,2026-01-29 11:00:00+10:30,2026-01-07T19:11:00.11Z
0022500676,Regular Season,2026-01-29T01:00:00Z,1610612763,1610612766,Memphis Grizzlies,Charlotte Hornets,2026-01-29 11:30:00+10:30,2026-01-07T19:11:00.11Z
0022500677,Regular Season,2026-01-29T01:30:00Z,1610612742,1610612750,Dallas Mavericks,Minnesota Timberwolves,2026-01-29 12:00:00+10:30,2026-01-07T19:11:00.11Z
0022500678,Regular Season,2026-01-29T02:00:00Z,1610612762,1610612744,Utah Jazz,Golden State Warriors,2026-01-29 12:30:00+10:30,2026-01-07T19:11:00.11Z
0022500679,Regular Season,2026-01-29T02:30:00Z,1610612745,1610612759,Houston Rockets,San Antonio Spurs,2026-01-29 13:00:00+10:30,2026-01-07T19:11:00.11Z
0022500680,Regular Season,2026-01-30T00:00:00Z,1610612755,1610612758,Philadelphia 76ers,Sacramento Kings,2026-01-30 10:30:00+10:30,2026-01-07T19:11:00.11Z
0022500681,Regular Season,2026-01-30T00:00:00Z,1610612764,1610612749,Washington Wizards,Milwaukee Bucks,2026-01-30 10:30:00+10:30,2026-01-07T19:11:00.11Z
0022500682,Regular Season,2026-01-30T01:00:00Z,1610612737,1610612745,Atlanta Hawks,Houston Rockets,2026-01-30 11:30:00+10:30,2026-01-07T19:11:00.11Z
0022500683,Regular Season,2026-01-30T01:30:00Z,1610612742,1610612766,Dallas Mavericks,Charlotte Hornets,2026-01-30 12:00:00+10:30,2026-01-07T19:11:00.11Z
0022500685,Regular Season,2026-01-30T02:00:00Z,1610612756,1610612765,Phoenix Suns,Detroit Pistons,2026-01-30 12:30:00+10:30,2026-01-07T19:11:00.11Z
0022500684,Regular Season,2026-01-30T02:00:00Z,1610612743,1610612751,Denver Nuggets,Brooklyn Nets,2026-01-30 12:30:00+10:30,2026-01-07T19:11:00.11Z
0022500686,Regular Season,2026-01-30T02:30:00Z,1610612750,1610612760,Minnesota Timberwolves,Oklahoma City Thunder,2026-01-30 13:00:00+10:30,2026-01-07T19:11:00.11Z
0022500687,Regular Season,2026-01-31T00:00:00Z,1610612753,1610612761,Orlando Magic,Toronto Raptors,2026-01-31 10:30:00+10:30,2026-01-07T19:11:00.11Z
0022500688,Regular Season,2026-01-31T00:00:00Z,1610612764,1610612747,Washington Wizards,Los Angeles Lakers,2026-01-31 10:30:00+10:30,2026-01-07T19:11:00.11Z
0022500689,Regular Season,2026-01-31T00:30:00Z,1610612738,1610612758,Boston Celtics,Sacramento Kings,2026-01-31 11:00:00+10:30,2026-01-07T19:11:00.11Z
0022500690,Regular Season,2026-01-31T00:30:00Z,1610612752,1610612757,New York Knicks,Portland Trail Blazers,2026-01-31 11:00:00+10:30,2026-01-07T19:11:00.11Z
0022500691,Regular Season,2026-01-31T00:30:00Z,1610612740,1610612763,New Orleans Pelicans,Memphis Grizzlies,2026-01-31 11:00:00+10:30,2026-01-07T19:11:00.11Z
0022500692,Regular Season,2026-01-31T01:00:00Z,1610612748,1610612741,Miami Heat,Chicago Bulls,2026-01-31 11:30:00+10:30,2026-01-07T19:11:00.11Z
0022500693,Regular Season,2026-01-31T02:00:00Z,1610612756,1610612739,Phoenix Suns,Cleveland Cavaliers,2026-01-31 12:30:00+10:30,2026-01-07T19:11:00.11Z
0022500694,Regular Season,2026-01-31T02:30:00Z,1610612762,1610612751,Utah Jazz,Brooklyn Nets,2026-01-31 13:00:00+10:30,2026-01-07T19:11:00.11Z
0022500695,Regular Season,2026-01-31T03:00:00Z,1610612743,1610612746,Denver Nuggets,Los Angeles Clippers,2026-01-31 13:30:00+10:30,2026-01-07T19:11:00.11Z
0022500696,Regular Season,2026-01-31T03:00:00Z,1610612744,1610612765,Golden State Warriors,Detroit Pistons,2026-01-31 13:30:00+10:30,2026-01-07T19:11:00.11Z
0022500697,Regular Season,2026-01-31T20:00:00Z,1610612766,1610612759,Charlotte Hornets,San Antonio Spurs,2026-02-01 06:30:00+10:30,2026-01-07T19:11:00.11Z
0022500698,Regular Season,2026-02-01T00:00:00Z,1610612754,1610612737,Indiana Pacers,Atlanta Hawks,2026-02-01 10:30:00+10:30,2026-01-07T19:11:00.11Z
0022500699,Regular Season,2026-02-01T00:30:00Z,1610612755,1610612740,Philadelphia 76ers,New Orleans Pelicans,2026-02-01 11:00:00+10:30,2026-01-07T19:11:00.11Z
0022500700,Regular Season,2026-02-01T01:00:00Z,1610612763,1610612750,Memphis Grizzlies,Minnesota Timberwolves,2026-02-01 11:30:00+10:30,2026-01-07T19:11:00.11Z
0022500701,Regular Season,2026-02-01T01:30:00Z,1610612745,1610612742,Houston Rockets,Dallas Mavericks,2026-02-01 12:00:00+10:30,2026-01-07T19:11:00.11Z
0022500702,Regular Season,2026-02-01T20:30:00Z,1610612738,1610612749,Boston Celtics,Milwaukee Bucks,2026-02-02 07:00:00+10:30,2026-01-07T19:11:00.11Z
0022500703,Regular Season,2026-02-01T21:00:00Z,1610612759,1610612753,San Antonio Spurs,Orlando Magic,2026-02-02 07:30:00+10:30,2026-01-07T19:11:00.11Z
0022500707,Regular Season,2026-02-01T23:00:00Z,1610612764,1610612758,Washington Wizards,Sacramento Kings,2026-02-02 09:30:00+10:30,2026-01-07T19:11:00.11Z
0022500706,Regular Season,2026-02-01T23:00:00Z,1610612761,1610612762,Toronto Raptors,Utah Jazz,2026-02-02 09:30:00+10:30,2026-01-07T19:11:00.11Z
0022500704,Regular Season,2026-02-01T23:00:00Z,1610612765,1610612751,Detroit Pistons,Brooklyn Nets,2026-02-02 09:30:00+10:30,2026-01-07T19:11:00.11Z
0022500705,Regular Season,2026-02-01T23:00:00Z,1610612748,1610612741,Miami Heat,Chicago Bulls,2026-02-02 09:30:00+10:30,2026-01-07T19:11:00.11Z
0022500708,Regular Season,2026-02-02T00:00:00Z,1610612752,1610612747,New York Knicks,Los Angeles Lakers,2026-02-02 10:30:00+10:30,2026-01-07T19:11:00.11Z
0022500709,Regular Season,2026-02-02T01:00:00Z,1610612756,1610612746,Phoenix Suns,Los Angeles Clippers,2026-02-02 11:30:00+10:30,2026-01-07T19:11:00.11Z
0022500710,Regular Season,2026-02-02T02:00:00Z,1610612757,1610612739,Portland Trail Blazers,Cleveland Cavaliers,2026-02-02 12:30:00+10:30,2026-01-07T19:11:00.11Z
0022500711,Regular Season,2026-02-02T02:30:00Z,1610612743,1610612760,Denver Nuggets,Oklahoma City Thunder,2026-02-02 13:00:00+10:30,2026-01-07T19:11:00.11Z
0022500712,Regular Season,2026-02-03T00:00:00Z,1610612766,1610612740,Charlotte Hornets,New Orleans Pelicans,2026-02-03 10:30:00+10:30,2026-01-07T19:11:00.11Z
0022500713,Regular Season,2026-02-03T00:00:00Z,1610612754,1610612745,Indiana Pacers,Houston Rockets,2026-02-03 10:30:00+10:30,2026-01-07T19:11:00.11Z
0022500714,Regular Season,2026-02-03T00:30:00Z,1610612763,1610612750,Memphis Grizzlies,Minnesota Timberwolves,2026-02-03 11:00:00+10:30,2026-01-07T19:11:00.11Z
0022500715,Regular Season,2026-02-03T03:00:00Z,1610612746,1610612755,Los Angeles Clippers,Philadelphia 76ers,2026-02-03 13:30:00+10:30,2026-01-07T19:11:00.11Z
0022500716,Regular Season,2026-02-04T00:00:00Z,1610612765,1610612743,Detroit Pistons,Denver Nuggets,2026-02-04 10:30:00+10:30,2026-01-07T19:11:00.11Z
0022500717,Regular Season,2026-02-04T00:00:00Z,1610612754,1610612762,Indiana Pacers,Utah Jazz,2026-02-04 10:30:00+10:30,2026-01-07T19:11:00.11Z
0022500718,Regular Season,2026-02-04T00:00:00Z,1610612764,1610612752,Washington Wizards,New York Knicks,2026-02-04 10:30:00+10:30,2026-01-07T19:11:00.11Z
0022500719,Regular Season,2026-02-04T00:30:00Z,1610612751,1610612747,Brooklyn Nets,Los Angeles Lakers,2026-02-04 11:00:00+10:30,2026-01-07T19:11:00.11Z
0022500720,Regular Season,2026-02-04T00:30:00Z,1610612748,1610612737,Miami Heat,Atlanta Hawks,2026-02-04 11:00:00+10:30,2026-01-07T19:11:00.11Z
0022500721,Regular Season,2026-02-04T01:00:00Z,1610612742,1610612738,Dallas Mavericks,Boston Celtics,2026-02-04 11:30:00+10:30,2026-01-07T19:11:00.11Z
0022500722,Regular Season,2026-02-04T01:00:00Z,1610612749,1610612741,Milwaukee Bucks,Chicago Bulls,2026-02-04 11:30:00+10:30,2026-01-07T19:11:00.11Z
0022500723,Regular Season,2026-02-04T01:00:00Z,1610612760,1610612753,Oklahoma City Thunder,Orlando Magic,2026-02-04 11:30:00+10:30,2026-01-07T19:11:00.11Z
0022500724,Regular Season,2026-02-04T03:00:00Z,1610612744,1610612755,Golden State Warriors,Philadelphia 76ers,2026-02-04 13:30:00+10:30,2026-01-07T19:11:00.11Z
0022500725,Regular Season,2026-02-04T04:00:00Z,1610612757,1610612756,Portland Trail Blazers,Phoenix Suns,2026-02-04 14:30:00+10:30,2026-01-07T19:11:00.11Z
0022500726,Regular Season,2026-02-05T00:00:00Z,1610612752,1610612743,New York Knicks,Denver Nuggets,2026-02-05 10:30:00+10:30,2026-01-07T19:11:00.11Z
0022500727,Regular Season,2026-02-05T00:30:00Z,1610612761,1610612750,Toronto Raptors,Minnesota Timberwolves,2026-02-05 11:00:00+10:30,2026-01-07T19:11:00.11Z
0022500728,Regular Season,2026-02-05T01:00:00Z,1610612745,1610612738,Houston Rockets,Boston Celtics,2026-02-05 11:30:00+10:30,2026-01-07T19:11:00.11Z
0022500729,Regular Season,2026-02-05T01:00:00Z,1610612749,1610612740,Milwaukee Bucks,New Orleans Pelicans,2026-02-05 11:30:00+10:30,2026-01-07T19:11:00.11Z
0022500730,Regular Season,2026-02-05T02:30:00Z,1610612759,1610612760,San Antonio Spurs,Oklahoma City Thunder,2026-02-05 13:00:00+10:30,2026-01-07T19:11:00.11Z
0022500731,Regular Season,2026-02-05T03:00:00Z,1610612758,1610612763,Sacramento Kings,Memphis Grizzlies,2026-02-05 13:30:00+10:30,2026-01-07T19:11:00.11Z
0022500732,Regular Season,2026-02-05T03:30:00Z,1610612746,1610612739,Los Angeles Clippers,Cleveland Cavaliers,2026-02-05 14:00:00+10:30,2026-01-07T19:11:00.11Z
0022500734,Regular Season,2026-02-06T00:00:00Z,1610612753,1610612751,Orlando Magic,Brooklyn Nets,2026-02-06 10:30:00+10:30,2026-01-07T19:11:00.11Z
0022500733,Regular Season,2026-02-06T00:00:00Z,1610612765,1610612764,Detroit Pistons,Washington Wizards,2026-02-06 10:30:00+10:30,2026-01-07T19:11:00.11Z
0022500735,Regular Season,2026-02-06T00:30:00Z,1610612737,1610612762,Atlanta Hawks,Utah Jazz,2026-02-06 11:00:00+10:30,2026-01-07T19:11:00.11Z
0022500736,Regular Season,2026-02-06T00:30:00Z,1610612761,1610612741,Toronto Raptors,Chicago Bulls,2026-02-06 11:00:00+10:30,2026-01-07T19:11:00.11Z
0022500737,Regular Season,2026-02-06T01:00:00Z,1610612745,1610612766,Houston Rockets,Charlotte Hornets,2026-02-06 11:30:00+10:30,2026-01-07T19:11:00.11Z
0022500738,Regular Season,2026-02-06T01:30:00Z,1610612742,1610612759,Dallas Mavericks,San Antonio Spurs,2026-02-06 12:00:00+10:30,2026-01-07T19:11:00.11Z
0022500739,Regular Season,2026-02-06T02:00:00Z,1610612756,1610612744,Phoenix Suns,Golden State Warriors,2026-02-06 12:30:00+10:30,2026-01-07T19:11:00.11Z
0022500740,Regular Season,2026-02-06T03:00:00Z,1610612747,1610612755,Los Angeles Lakers,Philadelphia 76ers,2026-02-06 13:30:00+10:30,2026-01-07T19:11:00.11Z
0022500741,Regular Season,2026-02-07T00:30:00Z,1610612738,1610612748,Boston Celtics,Miami Heat,2026-02-07 11:00:00+10:30,2026-01-07T19:11:00.11Z
0022500742,Regular Season,2026-02-07T00:30:00Z,1610612765,1610612752,Detroit Pistons,New York Knicks,2026-02-07 11:00:00+10:30,2026-01-07T19:11:00.11Z
0022500744,Regular Season,2026-02-07T01:00:00Z,1610612750,1610612740,Minnesota Timberwolves,New Orleans Pelicans,2026-02-07 11:30:00+10:30,2026-01-07T19:11:00.11Z
0022500743,Regular Season,2026-02-07T01:00:00Z,1610612749,1610612754,Milwaukee Bucks,Indiana Pacers,2026-02-07 11:30:00+10:30,2026-01-07T19:11:00.11Z
0022500745,Regular Season,2026-02-07T03:00:00Z,1610612757,1610612763,Portland Trail Blazers,Memphis Grizzlies,2026-02-07 13:30:00+10:30,2026-01-07T19:11:00.11Z
0022500746,Regular Season,2026-02-07T03:00:00Z,1610612758,1610612746,Sacramento Kings,Los Angeles Clippers,2026-02-07 13:30:00+10:30,2026-01-07T19:11:00.11Z
0022500747,Regular Season,2026-02-07T20:00:00Z,1610612751,1610612764,Brooklyn Nets,Washington Wizards,2026-02-08 06:30:00+10:30,2026-01-07T19:11:00.11Z
0022500748,Regular Season,2026-02-07T20:30:00Z,1610612760,1610612745,Oklahoma City Thunder,Houston Rockets,2026-02-08 07:00:00+10:30,2026-01-07T19:11:00.11Z
0022500749,Regular Season,2026-02-07T23:00:00Z,1610612759,1610612742,San Antonio Spurs,Dallas Mavericks,2026-02-08 09:30:00+10:30,2026-01-07T19:11:00.11Z
0022500750,Regular Season,2026-02-08T00:00:00Z,1610612753,1610612762,Orlando Magic,Utah Jazz,2026-02-08 10:30:00+10:30,2026-01-07T19:11:00.11Z
0022500751,Regular Season,2026-02-08T00:30:00Z,1610612737,1610612766,Atlanta Hawks,Charlotte Hornets,2026-02-08 11:00:00+10:30,2026-01-07T19:11:00.11Z
0022500752,Regular Season,2026-02-08T01:00:00Z,1610612741,1610612743,Chicago Bulls,Denver Nuggets,2026-02-08 11:30:00+10:30,2026-01-07T19:11:00.11Z
0022500753,Regular Season,2026-02-08T01:30:00Z,1610612747,1610612744,Los Angeles Lakers,Golden State Warriors,2026-02-08 12:00:00+10:30,2026-01-07T19:11:00.11Z
0022500754,Regular Season,2026-02-08T02:00:00Z,1610612756,1610612755,Phoenix Suns,Philadelphia 76ers,2026-02-08 12:30:00+10:30,2026-01-07T19:11:00.11Z
0022500755,Regular Season,2026-02-08T03:00:00Z,1610612757,1610612763,Portland Trail Blazers,Memphis Grizzlies,2026-02-08 13:30:00+10:30,2026-01-07T19:11:00.11Z
0022500756,Regular Season,2026-02-08T03:00:00Z,1610612758,1610612739,Sacramento Kings,Cleveland Cavaliers,2026-02-08 13:30:00+10:30,2026-01-07T19:11:00.11Z
0022500757,Regular Season,2026-02-08T17:30:00Z,1610612738,1610612752,Boston Celtics,New York Knicks,2026-02-09 04:00:00+10:30,2026-01-07T19:11:00.11Z
0022500758,Regular Season,2026-02-08T19:00:00Z,1610612764,1610612748,Washington Wizards,Miami Heat,2026-02-09 05:30:00+10:30,2026-01-07T19:11:00.11Z
0022500759,Regular Season,2026-02-08T20:00:00Z,1610612761,1610612754,Toronto Raptors,Indiana Pacers,2026-02-09 06:30:00+10:30,2026-01-07T19:11:00.11Z
0022500760,Regular Season,2026-02-08T20:00:00Z,1610612750,1610612746,Minnesota Timberwolves,Los Angeles Clippers,2026-02-09 06:30:00+10:30,2026-01-07T19:11:00.11Z
0022500761,Regular Season,2026-02-10T00:00:00Z,1610612766,1610612765,Charlotte Hornets,Detroit Pistons,2026-02-10 10:30:00+10:30,2026-01-07T19:11:00.11Z
0022500764,Regular Season,2026-02-10T00:30:00Z,1610612753,1610612749,Orlando Magic,Milwaukee Bucks,2026-02-10 11:00:00+10:30,2026-01-07T19:11:00.11Z
0022500763,Regular Season,2026-02-10T00:30:00Z,1610612748,1610612762,Miami Heat,Utah Jazz,2026-02-10 11:00:00+10:30,2026-01-07T19:11:00.11Z
0022500762,Regular Season,2026-02-10T00:30:00Z,1610612751,1610612741,Brooklyn Nets,Chicago Bulls,2026-02-10 11:00:00+10:30,2026-01-07T19:11:00.11Z
0022500765,Regular Season,2026-02-10T01:00:00Z,1610612750,1610612737,Minnesota Timberwolves,Atlanta Hawks,2026-02-10 11:30:00+10:30,2026-01-07T19:11:00.11Z
0022500766,Regular Season,2026-02-10T01:00:00Z,1610612740,1610612758,New Orleans Pelicans,Sacramento Kings,2026-02-10 11:30:00+10:30,2026-01-07T19:11:00.11Z
0022500767,Regular Season,2026-02-10T02:00:00Z,1610612743,1610612739,Denver Nuggets,Cleveland Cavaliers,2026-02-10 12:30:00+10:30,2026-01-07T19:11:00.11Z
0022500768,Regular Season,2026-02-10T03:00:00Z,1610612744,1610612763,Golden State Warriors,Memphis Grizzlies,2026-02-10 13:30:00+10:30,2026-01-07T19:11:00.11Z
0022500769,Regular Season,2026-02-10T03:00:00Z,1610612747,1610612760,Los Angeles Lakers,Oklahoma City Thunder,2026-02-10 13:30:00+10:30,2026-01-07T19:11:00.11Z
0022500770,Regular Season,2026-02-10T03:00:00Z,1610612757,1610612755,Portland Trail Blazers,Philadelphia 76ers,2026-02-10 13:30:00+10:30,2026-01-07T19:11:00.11Z
0022500771,Regular Season,2026-02-11T00:30:00Z,1610612752,1610612754,New York Knicks,Indiana Pacers,2026-02-11 11:00:00+10:30,2026-01-07T19:11:00.11Z
0022500772,Regular Season,2026-02-11T01:00:00Z,1610612745,1610612746,Houston Rockets,Los Angeles Clippers,2026-02-11 11:30:00+10:30,2026-01-07T19:11:00.11Z
0022500773,Regular Season,2026-02-11T02:00:00Z,1610612756,1610612742,Phoenix Suns,Dallas Mavericks,2026-02-11 12:30:00+10:30,2026-01-07T19:11:00.11Z
0022500774,Regular Season,2026-02-11T03:30:00Z,1610612747,1610612759,Los Angeles Lakers,San Antonio Spurs,2026-02-11 14:00:00+10:30,2026-01-07T19:11:00.11Z
0022500775,Regular Season,2026-02-12T00:00:00Z,1610612766,1610612737,Charlotte Hornets,Atlanta Hawks,2026-02-12 10:30:00+10:30,2026-01-07T19:11:00.11Z
0022500776,Regular Season,2026-02-12T00:00:00Z,1610612739,1610612764,Cleveland Cavaliers,Washington Wizards,2026-02-12 10:30:00+10:30,2026-01-07T19:11:00.11Z
0022500777,Regular Season,2026-02-12T00:00:00Z,1610612753,1610612749,Orlando Magic,Milwaukee Bucks,2026-02-12 10:30:00+10:30,2026-01-07T19:11:00.11Z
0022500778,Regular Season,2026-02-12T00:30:00Z,1610612738,1610612741,Boston Celtics,Chicago Bulls,2026-02-12 11:00:00+10:30,2026-01-07T19:11:00.11Z
0022500779,Regular Season,2026-02-12T00:30:00Z,1610612751,1610612754,Brooklyn Nets,Indiana Pacers,2026-02-12 11:00:00+10:30,2026-01-07T19:11:00.11Z
0022500780,Regular Season,2026-02-12T00:30:00Z,1610612755,1610612752,Philadelphia 76ers,New York Knicks,2026-02-12 11:00:00+10:30,2026-01-07T19:11:00.11Z
0022500781,Regular Season,2026-02-12T00:30:00Z,1610612761,1610612765,Toronto Raptors,Detroit Pistons,2026-02-12 11:00:00+10:30,2026-01-07T19:11:00.11Z
0022500784,Regular Season,2026-02-12T01:00:00Z,1610612740,1610612748,New Orleans Pelicans,Miami Heat,2026-02-12 11:30:00+10:30,2026-01-07T19:11:00.11Z
0022500783,Regular Season,2026-02-12T01:00:00Z,1610612750,1610612757,Minnesota Timberwolves,Portland Trail Blazers,2026-02-12 11:30:00+10:30,2026-01-07T19:11:00.11Z
0022500782,Regular Season,2026-02-12T01:00:00Z,1610612745,1610612746,Houston Rockets,Los Angeles Clippers,2026-02-12 11:30:00+10:30,2026-01-07T19:11:00.11Z
0022500785,Regular Season,2026-02-12T02:00:00Z,1610612756,1610612760,Phoenix Suns,Oklahoma City Thunder,2026-02-12 12:30:00+10:30,2026-01-07T19:11:00.11Z
0022500786,Regular Season,2026-02-12T02:00:00Z,1610612762,1610612758,Utah Jazz,Sacramento Kings,2026-02-12 12:30:00+10:30,2026-01-07T19:11:00.11Z
0022500787,Regular Season,2026-02-12T03:00:00Z,1610612743,1610612763,Denver Nuggets,Memphis Grizzlies,2026-02-12 13:30:00+10:30,2026-01-07T19:11:00.11Z
0022500788,Regular Season,2026-02-12T03:00:00Z,1610612744,1610612759,Golden State Warriors,San Antonio Spurs,2026-02-12 13:30:00+10:30,2026-01-07T19:11:00.11Z
0022500789,Regular Season,2026-02-13T00:30:00Z,1610612760,1610612749,Oklahoma City Thunder,Milwaukee Bucks,2026-02-13 11:00:00+10:30,2026-01-07T19:11:00.11Z
0022500790,Regular Season,2026-02-13T02:00:00Z,1610612762,1610612757,Utah Jazz,Portland Trail Blazers,2026-02-13 12:30:00+10:30,2026-01-07T19:11:00.11Z
0022500791,Regular Season,2026-02-13T03:00:00Z,1610612747,1610612742,Los Angeles Lakers,Dallas Mavericks,2026-02-13 13:30:00+10:30,2026-01-07T19:11:00.11Z
0022500794,Regular Season,2026-02-20T00:00:00Z,1610612755,1610612737,Philadelphia 76ers,Atlanta Hawks,2026-02-20 10:30:00+10:30,2026-01-07T19:11:00.11Z
0022500795,Regular Season,2026-02-20T00:00:00Z,1610612764,1610612754,Washington Wizards,Indiana Pacers,2026-02-20 10:30:00+10:30,2026-01-07T19:11:00.11Z
0022500792,Regular Season,2026-02-20T00:00:00Z,1610612766,1610612745,Charlotte Hornets,Houston Rockets,2026-02-20 10:30:00+10:30,2026-01-07T19:11:00.11Z
0022500793,Regular Season,2026-02-20T00:00:00Z,1610612739,1610612751,Cleveland Cavaliers,Brooklyn Nets,2026-02-20 10:30:00+10:30,2026-01-07T19:11:00.11Z
0022500796,Regular Season,2026-02-20T00:30:00Z,1610612752,1610612765,New York Knicks,Detroit Pistons,2026-02-20 11:00:00+10:30,2026-01-07T19:11:00.11Z
0022500797,Regular Season,2026-02-20T01:00:00Z,1610612741,1610612761,Chicago Bulls,Toronto Raptors,2026-02-20 11:30:00+10:30,2026-01-07T19:11:00.11Z
0022500798,Regular Season,2026-02-20T01:30:00Z,1610612759,1610612756,San Antonio Spurs,Phoenix Suns,2026-02-20 12:00:00+10:30,2026-01-07T19:11:00.11Z
0022500799,Regular Season,2026-02-20T03:00:00Z,1610612744,1610612738,Golden State Warriors,Boston Celtics,2026-02-20 13:30:00+10:30,2026-01-07T19:11:00.11Z
0022500800,Regular Season,2026-02-20T03:00:00Z,1610612758,1610612753,Sacramento Kings,Orlando Magic,2026-02-20 13:30:00+10:30,2026-01-07T19:11:00.11Z
0022500801,Regular Season,2026-02-20T03:30:00Z,1610612746,1610612743,Los Angeles Clippers,Denver Nuggets,2026-02-20 14:00:00+10:30,2026-01-07T19:11:00.11Z
0022500804,Regular Season,2026-02-21T00:00:00Z,1610612763,1610612762,Memphis Grizzlies,Utah Jazz,2026-02-21 10:30:00+10:30,2026-01-07T19:11:00.11Z
0022500803,Regular Season,2026-02-21T00:00:00Z,1610612764,1610612754,Washington Wizards,Indiana Pacers,2026-02-21 10:30:00+10:30,2026-01-07T19:11:00.11Z
0022500802,Regular Season,2026-02-21T00:00:00Z,1610612766,1610612739,Charlotte Hornets,Cleveland Cavaliers,2026-02-21 10:30:00+10:30,2026-01-07T19:11:00.11Z
0022500805,Regular Season,2026-02-21T00:30:00Z,1610612737,1610612748,Atlanta Hawks,Miami Heat,2026-02-21 11:00:00+10:30,2026-01-07T19:11:00.11Z
0022500806,Regular Season,2026-02-21T00:30:00Z,1610612750,1610612742,Minnesota Timberwolves,Dallas Mavericks,2026-02-21 11:00:00+10:30,2026-01-07T19:11:00.11Z
0022500807,Regular Season,2026-02-21T01:00:00Z,1610612740,1610612749,New Orleans Pelicans,Milwaukee Bucks,2026-02-21 11:30:00+10:30,2026-01-07T19:11:00.11Z
0022500808,Regular Season,2026-02-21T01:00:00Z,1610612760,1610612751,Oklahoma City Thunder,Brooklyn Nets,2026-02-21 11:30:00+10:30,2026-01-07T19:11:00.11Z
0022500809,Regular Season,2026-02-21T03:00:00Z,1610612747,1610612746,Los Angeles Lakers,Los Angeles Clippers,2026-02-21 13:30:00+10:30,2026-01-07T19:11:00.11Z
0022500810,Regular Season,2026-02-21T03:00:00Z,1610612757,1610612743,Portland Trail Blazers,Denver Nuggets,2026-02-21 13:30:00+10:30,2026-01-07T19:11:00.11Z
0022500811,Regular Season,2026-02-21T22:00:00Z,1610612756,1610612753,Phoenix Suns,Orlando Magic,2026-02-22 08:30:00+10:30,2026-01-07T19:11:00.11Z
0022500812,Regular Season,2026-02-22T00:00:00Z,1610612740,1610612755,New Orleans Pelicans,Philadelphia 76ers,2026-02-22 10:30:00+10:30,2026-01-07T19:11:00.11Z
0022500815,Regular Season,2026-02-22T01:00:00Z,1610612759,1610612758,San Antonio Spurs,Sacramento Kings,2026-02-22 11:30:00+10:30,2026-01-07T19:11:00.11Z
0022500813,Regular Season,2026-02-22T01:00:00Z,1610612748,1610612763,Miami Heat,Memphis Grizzlies,2026-02-22 11:30:00+10:30,2026-01-07T19:11:00.11Z
0022500814,Regular Season,2026-02-22T01:00:00Z,1610612741,1610612765,Chicago Bulls,Detroit Pistons,2026-02-22 11:30:00+10:30,2026-01-07T19:11:00.11Z
0022500816,Regular Season,2026-02-22T01:30:00Z,1610612752,1610612745,New York Knicks,Houston Rockets,2026-02-22 12:00:00+10:30,2026-01-07T19:11:00.11Z
0022500817,Regular Season,2026-02-22T18:00:00Z,1610612760,1610612739,Oklahoma City Thunder,Cleveland Cavaliers,2026-02-23 04:30:00+10:30,2026-01-07T19:11:00.11Z
0022500818,Regular Season,2026-02-22T20:30:00Z,1610612737,1610612751,Atlanta Hawks,Brooklyn Nets,2026-02-23 07:00:00+10:30,2026-01-07T19:11:00.11Z
0022500819,Regular Season,2026-02-22T20:30:00Z,1610612749,1610612761,Milwaukee Bucks,Toronto Raptors,2026-02-23 07:00:00+10:30,2026-01-07T19:11:00.11Z
0022500820,Regular Season,2026-02-22T20:30:00Z,1610612744,1610612743,Golden State Warriors,Denver Nuggets,2026-02-23 07:00:00+10:30,2026-01-07T19:11:00.11Z
0022500821,Regular Season,2026-02-22T22:00:00Z,1610612754,1610612742,Indiana Pacers,Dallas Mavericks,2026-02-23 08:30:00+10:30,2026-01-07T19:11:00.11Z
0022500822,Regular Season,2026-02-22T23:00:00Z,1610612764,1610612766,Washington Wizards,Charlotte Hornets,2026-02-23 09:30:00+10:30,2026-01-07T19:11:00.11Z
0022500823,Regular Season,2026-02-22T23:30:00Z,1610612747,1610612738,Los Angeles Lakers,Boston Celtics,2026-02-23 10:00:00+10:30,2026-01-07T19:11:00.11Z
0022500824,Regular Season,2026-02-23T00:00:00Z,1610612750,1610612755,Minnesota Timberwolves,Philadelphia 76ers,2026-02-23 10:30:00+10:30,2026-01-07T19:11:00.11Z
0022500825,Regular Season,2026-02-23T01:00:00Z,1610612741,1610612752,Chicago Bulls,New York Knicks,2026-02-23 11:30:00+10:30,2026-01-07T19:11:00.11Z
0022500826,Regular Season,2026-02-23T01:00:00Z,1610612756,1610612757,Phoenix Suns,Portland Trail Blazers,2026-02-23 11:30:00+10:30,2026-01-07T19:11:00.11Z
0022500827,Regular Season,2026-02-23T02:00:00Z,1610612746,1610612753,Los Angeles Clippers,Orlando Magic,2026-02-23 12:30:00+10:30,2026-01-07T19:11:00.11Z
0022500828,Regular Season,2026-02-24T00:00:00Z,1610612765,1610612759,Detroit Pistons,San Antonio Spurs,2026-02-24 10:30:00+10:30,2026-01-07T19:11:00.11Z
0022500829,Regular Season,2026-02-24T01:00:00Z,1610612763,1610612758,Memphis Grizzlies,Sacramento Kings,2026-02-24 11:30:00+10:30,2026-01-07T19:11:00.11Z
0022500830,Regular Season,2026-02-24T02:30:00Z,1610612745,1610612762,Houston Rockets,Utah Jazz,2026-02-24 13:00:00+10:30,2026-01-07T19:11:00.11Z
0022500831,Regular Season,2026-02-25T00:00:00Z,1610612754,1610612755,Indiana Pacers,Philadelphia 76ers,2026-02-25 10:30:00+10:30,2026-01-07T19:11:00.11Z
0022500833,Regular Season,2026-02-25T00:30:00Z,1610612751,1610612742,Brooklyn Nets,Dallas Mavericks,2026-02-25 11:00:00+10:30,2026-01-07T19:11:00.11Z
0022500834,Regular Season,2026-02-25T00:30:00Z,1610612761,1610612760,Toronto Raptors,Oklahoma City Thunder,2026-02-25 11:00:00+10:30,2026-01-07T19:11:00.11Z
0022500832,Regular Season,2026-02-25T00:30:00Z,1610612737,1610612764,Atlanta Hawks,Washington Wizards,2026-02-25 11:00:00+10:30,2026-01-07T19:11:00.11Z
0022500835,Regular Season,2026-02-25T01:00:00Z,1610612739,1610612752,Cleveland Cavaliers,New York Knicks,2026-02-25 11:30:00+10:30,2026-01-07T19:11:00.11Z
0022500836,Regular Season,2026-02-25T01:00:00Z,1610612741,1610612766,Chicago Bulls,Charlotte Hornets,2026-02-25 11:30:00+10:30,2026-01-07T19:11:00.11Z
0022500837,Regular Season,2026-02-25T01:00:00Z,1610612749,1610612748,Milwaukee Bucks,Miami Heat,2026-02-25 11:30:00+10:30,2026-01-07T19:11:00.11Z
0022500838,Regular Season,2026-02-25T01:00:00Z,1610612740,1610612744,New Orleans Pelicans,Golden State Warriors,2026-02-25 11:30:00+10:30,2026-01-07T19:11:00.11Z
0022500839,Regular Season,2026-02-25T02:00:00Z,1610612756,1610612738,Phoenix Suns,Boston Celtics,2026-02-25 12:30:00+10:30,2026-01-07T19:11:00.11Z
0022500840,Regular Season,2026-02-25T03:30:00Z,1610612747,1610612753,Los Angeles Lakers,Orlando Magic,2026-02-25 14:00:00+10:30,2026-01-07T19:11:00.11Z
0022500841,Regular Season,2026-02-25T04:00:00Z,1610612757,1610612750,Portland Trail Blazers,Minnesota Timberwolves,2026-02-25 14:30:00+10:30,2026-01-07T19:11:00.11Z
0022500842,Regular Season,2026-02-26T00:00:00Z,1610612765,1610612760,Detroit Pistons,Oklahoma City Thunder,2026-02-26 10:30:00+10:30,2026-01-07T19:11:00.11Z
0022500844,Regular Season,2026-02-26T00:30:00Z,1610612763,1610612744,Memphis Grizzlies,Golden State Warriors,2026-02-26 11:00:00+10:30,2026-01-07T19:11:00.11Z
0022500843,Regular Season,2026-02-26T00:30:00Z,1610612761,1610612759,Toronto Raptors,San Antonio Spurs,2026-02-26 11:00:00+10:30,2026-01-07T19:11:00.11Z
0022500845,Regular Season,2026-02-26T01:00:00Z,1610612745,1610612758,Houston Rockets,Sacramento Kings,2026-02-26 11:30:00+10:30,2026-01-07T19:11:00.11Z
0022500846,Regular Season,2026-02-26T01:00:00Z,1610612749,1610612739,Milwaukee Bucks,Cleveland Cavaliers,2026-02-26 11:30:00+10:30,2026-01-07T19:11:00.11Z
0022500847,Regular Season,2026-02-26T03:00:00Z,1610612743,1610612738,Denver Nuggets,Boston Celtics,2026-02-26 13:30:00+10:30,2026-01-07T19:11:00.11Z
0022500848,Regular Season,2026-02-27T00:00:00Z,1610612754,1610612766,Indiana Pacers,Charlotte Hornets,2026-02-27 10:30:00+10:30,2026-01-07T19:11:00.11Z
0022500849,Regular Season,2026-02-27T00:00:00Z,1610612755,1610612748,Philadelphia 76ers,Miami Heat,2026-02-27 10:30:00+10:30,2026-01-07T19:11:00.11Z
0022500850,Regular Season,2026-02-27T00:30:00Z,1610612737,1610612764,Atlanta Hawks,Washington Wizards,2026-02-27 11:00:00+10:30,2026-01-07T19:11:00.11Z
0022500851,Regular Season,2026-02-27T00:30:00Z,1610612751,1610612759,Brooklyn Nets,San Antonio Spurs,2026-02-27 11:00:00+10:30,2026-01-07T19:11:00.11Z
0022500852,Regular Season,2026-02-27T00:30:00Z,1610612753,1610612745,Orlando Magic,Houston Rockets,2026-02-27 11:00:00+10:30,2026-01-07T19:11:00.11Z
0022500853,Regular Season,2026-02-27T01:00:00Z,1610612741,1610612757,Chicago Bulls,Portland Trail Blazers,2026-02-27 11:30:00+10:30,2026-01-07T19:11:00.11Z
0022500854,Regular Season,2026-02-27T01:30:00Z,1610612742,1610612758,Dallas Mavericks,Sacramento Kings,2026-02-27 12:00:00+10:30,2026-01-07T19:11:00.11Z
0022500855,Regular Season,2026-02-27T02:00:00Z,1610612756,1610612747,Phoenix Suns,Los Angeles Lakers,2026-02-27 12:30:00+10:30,2026-01-07T19:11:00.11Z
0022500856,Regular Season,2026-02-27T02:00:00Z,1610612762,1610612740,Utah Jazz,New Orleans Pelicans,2026-02-27 12:30:00+10:30,2026-01-07T19:11:00.11Z
0022500857,Regular Season,2026-02-27T03:00:00Z,1610612746,1610612750,Los Angeles Clippers,Minnesota Timberwolves,2026-02-27 13:30:00+10:30,2026-01-07T19:11:00.11Z
0022500858,Regular Season,2026-02-28T00:00:00Z,1610612765,1610612739,Detroit Pistons,Cleveland Cavaliers,2026-02-28 10:30:00+10:30,2026-01-07T19:11:00.11Z
0022500859,Regular Season,2026-02-28T00:30:00Z,1610612738,1610612751,Boston Celtics,Brooklyn Nets,2026-02-28 11:00:00+10:30,2026-01-07T19:11:00.11Z
0022500860,Regular Season,2026-02-28T01:00:00Z,1610612749,1610612752,Milwaukee Bucks,New York Knicks,2026-02-28 11:30:00+10:30,2026-01-07T19:11:00.11Z
0022500861,Regular Season,2026-02-28T01:30:00Z,1610612742,1610612763,Dallas Mavericks,Memphis Grizzlies,2026-02-28 12:00:00+10:30,2026-01-07T19:11:00.11Z
0022500862,Regular Season,2026-02-28T02:30:00Z,1610612760,1610612743,Oklahoma City Thunder,Denver Nuggets,2026-02-28 13:00:00+10:30,2026-01-07T19:11:00.11Z
0022500863,Regular Season,2026-02-28T18:00:00Z,1610612766,1610612757,Charlotte Hornets,Portland Trail Blazers,2026-03-01 04:30:00+10:30,2026-01-07T19:11:00.11Z
0022500864,Regular Season,2026-02-28T20:00:00Z,1610612748,1610612745,Miami Heat,Houston Rockets,2026-03-01 06:30:00+10:30,2026-01-07T19:11:00.11Z
0022500865,Regular Season,2026-03-01T00:00:00Z,1610612764,1610612761,Washington Wizards,Toronto Raptors,2026-03-01 10:30:00+10:30,2026-01-07T19:11:00.11Z
0022500866,Regular Season,2026-03-01T01:30:00Z,1610612744,1610612747,Golden State Warriors,Los Angeles Lakers,2026-03-01 12:00:00+10:30,2026-01-07T19:11:00.11Z
0022500867,Regular Season,2026-03-01T02:30:00Z,1610612762,1610612740,Utah Jazz,New Orleans Pelicans,2026-03-01 13:00:00+10:30,2026-01-07T19:11:00.11Z
0022500868,Regular Season,2026-03-01T18:00:00Z,1610612752,1610612759,New York Knicks,San Antonio Spurs,2026-03-02 04:30:00+10:30,2026-01-07T19:11:00.11Z
0022500869,Regular Season,2026-03-01T20:30:00Z,1610612751,1610612739,Brooklyn Nets,Cleveland Cavaliers,2026-03-02 07:00:00+10:30,2026-01-07T19:11:00.11Z
0022500870,Regular Season,2026-03-01T20:30:00Z,1610612741,1610612749,Chicago Bulls,Milwaukee Bucks,2026-03-02 07:00:00+10:30,2026-01-07T19:11:00.11Z
0022500871,Regular Season,2026-03-01T20:30:00Z,1610612743,1610612750,Denver Nuggets,Minnesota Timberwolves,2026-03-02 07:00:00+10:30,2026-01-07T19:11:00.11Z
0022500872,Regular Season,2026-03-01T22:00:00Z,1610612754,1610612763,Indiana Pacers,Memphis Grizzlies,2026-03-02 08:30:00+10:30,2026-01-07T19:11:00.11Z
0022500874,Regular Season,2026-03-01T23:00:00Z,1610612738,1610612755,Boston Celtics,Philadelphia 76ers,2026-03-02 09:30:00+10:30,2026-01-07T19:11:00.11Z
0022500873,Regular Season,2026-03-01T23:00:00Z,1610612737,1610612757,Atlanta Hawks,Portland Trail Blazers,2026-03-02 09:30:00+10:30,2026-01-07T19:11:00.11Z
0022500875,Regular Season,2026-03-01T23:00:00Z,1610612753,1610612765,Orlando Magic,Detroit Pistons,2026-03-02 09:30:00+10:30,2026-01-07T19:11:00.11Z
0022500876,Regular Season,2026-03-02T01:00:00Z,1610612742,1610612760,Dallas Mavericks,Oklahoma City Thunder,2026-03-02 11:30:00+10:30,2026-01-07T19:11:00.11Z
0022500877,Regular Season,2026-03-02T02:00:00Z,1610612746,1610612740,Los Angeles Clippers,New Orleans Pelicans,2026-03-02 12:30:00+10:30,2026-01-07T19:11:00.11Z
0022500878,Regular Season,2026-03-02T02:30:00Z,1610612747,1610612758,Los Angeles Lakers,Sacramento Kings,2026-03-02 13:00:00+10:30,2026-01-07T19:11:00.11Z
0022500879,Regular Season,2026-03-03T00:00:00Z,1610612764,1610612745,Washington Wizards,Houston Rockets,2026-03-03 10:30:00+10:30,2026-01-07T19:11:00.11Z
0022500880,Regular Season,2026-03-03T00:30:00Z,1610612749,1610612738,Milwaukee Bucks,Boston Celtics,2026-03-03 11:00:00+10:30,2026-01-07T19:11:00.11Z
0022500881,Regular Season,2026-03-03T02:00:00Z,1610612762,1610612743,Utah Jazz,Denver Nuggets,2026-03-03 12:30:00+10:30,2026-01-07T19:11:00.11Z
0022500882,Regular Season,2026-03-03T03:00:00Z,1610612744,1610612746,Golden State Warriors,Los Angeles Clippers,2026-03-03 13:30:00+10:30,2026-01-07T19:11:00.11Z
0022500883,Regular Season,2026-03-04T00:00:00Z,1610612766,1610612742,Charlotte Hornets,Dallas Mavericks,2026-03-04 10:30:00+10:30,2026-01-07T19:11:00.11Z
0022500884,Regular Season,2026-03-04T00:00:00Z,1610612739,1610612765,Cleveland Cavaliers,Detroit Pistons,2026-03-04 10:30:00+10:30,2026-01-07T19:11:00.11Z
0022500885,Regular Season,2026-03-04T00:00:00Z,1610612753,1610612764,Orlando Magic,Washington Wizards,2026-03-04 10:30:00+10:30,2026-01-07T19:11:00.11Z
0022500887,Regular Season,2026-03-04T00:30:00Z,1610612761,1610612752,Toronto Raptors,New York Knicks,2026-03-04 11:00:00+10:30,2026-01-07T19:11:00.11Z
0022500886,Regular Season,2026-03-04T00:30:00Z,1610612748,1610612751,Miami Heat,Brooklyn Nets,2026-03-04 11:00:00+10:30,2026-01-07T19:11:00.11Z
0022500888,Regular Season,2026-03-04T01:00:00Z,1610612755,1610612759,Philadelphia 76ers,San Antonio Spurs,2026-03-04 11:30:00+10:30,2026-01-07T19:11:00.11Z
0022500889,Regular Season,2026-03-04T01:00:00Z,1610612741,1610612760,Chicago Bulls,Oklahoma City Thunder,2026-03-04 11:30:00+10:30,2026-01-07T19:11:00.11Z
0022500890,Regular Season,2026-03-04T01:00:00Z,1610612750,1610612763,Minnesota Timberwolves,Memphis Grizzlies,2026-03-04 11:30:00+10:30,2026-01-07T19:11:00.11Z
0022500891,Regular Season,2026-03-04T03:30:00Z,1610612747,1610612740,Los Angeles Lakers,New Orleans Pelicans,2026-03-04 14:00:00+10:30,2026-01-07T19:11:00.11Z
0022500892,Regular Season,2026-03-04T04:00:00Z,1610612758,1610612756,Sacramento Kings,Phoenix Suns,2026-03-04 14:30:00+10:30,2026-01-07T19:11:00.11Z
0022500893,Regular Season,2026-03-05T00:00:00Z,1610612752,1610612760,New York Knicks,Oklahoma City Thunder,2026-03-05 10:30:00+10:30,2026-01-07T19:11:00.11Z
0022500894,Regular Season,2026-03-05T00:30:00Z,1610612738,1610612766,Boston Celtics,Charlotte Hornets,2026-03-05 11:00:00+10:30,2026-01-07T19:11:00.11Z
0022500895,Regular Season,2026-03-05T00:30:00Z,1610612755,1610612762,Philadelphia 76ers,Utah Jazz,2026-03-05 11:00:00+10:30,2026-01-07T19:11:00.11Z
0022500896,Regular Season,2026-03-05T01:00:00Z,1610612763,1610612757,Memphis Grizzlies,Portland Trail Blazers,2026-03-05 11:30:00+10:30,2026-01-07T19:11:00.11Z
0022500897,Regular Season,2026-03-05T02:30:00Z,1610612749,1610612737,Milwaukee Bucks,Atlanta Hawks,2026-03-05 13:00:00+10:30,2026-01-07T19:11:00.11Z
0022500898,Regular Season,2026-03-05T03:30:00Z,1610612746,1610612754,Los Angeles Clippers,Indiana Pacers,2026-03-05 14:00:00+10:30,2026-01-07T19:11:00.11Z
0022500899,Regular Season,2026-03-06T00:00:00Z,1610612753,1610612742,Orlando Magic,Dallas Mavericks,2026-03-06 10:30:00+10:30,2026-01-07T19:11:00.11Z
0022500900,Regular Season,2026-03-06T00:00:00Z,1610612764,1610612762,Washington Wizards,Utah Jazz,2026-03-06 10:30:00+10:30,2026-01-07T19:11:00.11Z
0022500901,Regular Season,2026-03-06T00:30:00Z,1610612748,1610612751,Miami Heat,Brooklyn Nets,2026-03-06 11:00:00+10:30,2026-01-07T19:11:00.11Z
0022500902,Regular Season,2026-03-06T00:30:00Z,1610612745,1610612744,Houston Rockets,Golden State Warriors,2026-03-06 11:00:00+10:30,2026-01-07T19:11:00.11Z
0022500903,Regular Season,2026-03-06T01:00:00Z,1610612750,1610612761,Minnesota Timberwolves,Toronto Raptors,2026-03-06 11:30:00+10:30,2026-01-07T19:11:00.11Z
0022500904,Regular Season,2026-03-06T01:00:00Z,1610612759,1610612765,San Antonio Spurs,Detroit Pistons,2026-03-06 11:30:00+10:30,2026-01-07T19:11:00.11Z
0022500905,Regular Season,2026-03-06T02:00:00Z,1610612756,1610612741,Phoenix Suns,Chicago Bulls,2026-03-06 12:30:00+10:30,2026-01-07T19:11:00.11Z
0022500907,Regular Season,2026-03-06T03:00:00Z,1610612758,1610612740,Sacramento Kings,New Orleans Pelicans,2026-03-06 13:30:00+10:30,2026-01-07T19:11:00.11Z
0022500906,Regular Season,2026-03-06T03:00:00Z,1610612743,1610612747,Denver Nuggets,Los Angeles Lakers,2026-03-06 13:30:00+10:30,2026-01-07T19:11:00.11Z
0022500908,Regular Season,2026-03-07T00:00:00Z,1610612738,1610612742,Boston Celtics,Dallas Mavericks,2026-03-07 10:30:00+10:30,2026-01-07T19:11:00.11Z
0022500909,Regular Season,2026-03-07T00:00:00Z,1610612766,1610612748,Charlotte Hornets,Miami Heat,2026-03-07 10:30:00+10:30,2026-01-07T19:11:00.11Z
0022500910,Regular Season,2026-03-07T01:00:00Z,1610612745,1610612757,Houston Rockets,Portland Trail Blazers,2026-03-07 11:30:00+10:30,2026-01-07T19:11:00.11Z
0022500911,Regular Season,2026-03-07T02:00:00Z,1610612743,1610612752,Denver Nuggets,New York Knicks,2026-03-07 12:30:00+10:30,2026-01-07T19:11:00.11Z
0022500912,Regular Season,2026-03-07T02:00:00Z,1610612756,1610612740,Phoenix Suns,New Orleans Pelicans,2026-03-07 12:30:00+10:30,2026-01-07T19:11:00.11Z
0022500913,Regular Season,2026-03-07T02:30:00Z,1610612759,1610612746,San Antonio Spurs,Los Angeles Clippers,2026-03-07 13:00:00+10:30,2026-01-07T19:11:00.11Z
0022500914,Regular Season,2026-03-07T03:30:00Z,1610612747,1610612754,Los Angeles Lakers,Indiana Pacers,2026-03-07 14:00:00+10:30,2026-01-07T19:11:00.11Z
0022500915,Regular Season,2026-03-07T20:00:00Z,1610612750,1610612753,Minnesota Timberwolves,Orlando Magic,2026-03-08 06:30:00+10:30,2026-01-07T19:11:00.11Z
0022500916,Regular Season,2026-03-07T23:00:00Z,1610612765,1610612751,Detroit Pistons,Brooklyn Nets,2026-03-08 09:30:00+10:30,2026-01-07T19:11:00.11Z
0022500917,Regular Season,2026-03-08T00:30:00Z,1610612737,1610612755,Atlanta Hawks,Philadelphia 76ers,2026-03-08 11:00:00+10:30,2026-01-07T19:11:00.11Z
0022500918,Regular Season,2026-03-08T01:00:00Z,1610612763,1610612746,Memphis Grizzlies,Los Angeles Clippers,2026-03-08 11:30:00+10:30,2026-01-07T19:11:00.11Z
0022500919,Regular Season,2026-03-08T01:00:00Z,1610612749,1610612762,Milwaukee Bucks,Utah Jazz,2026-03-08 11:30:00+10:30,2026-01-07T19:11:00.11Z
0022500920,Regular Season,2026-03-08T01:30:00Z,1610612760,1610612744,Oklahoma City Thunder,Golden State Warriors,2026-03-08 12:00:00+10:30,2026-01-07T19:11:00.11Z
0022500921,Regular Season,2026-03-08T17:00:00Z,1610612739,1610612738,Cleveland Cavaliers,Boston Celtics,2026-03-09 03:30:00+10:30,2026-01-07T19:11:00.11Z
0022500922,Regular Season,2026-03-08T19:30:00Z,1610612747,1610612752,Los Angeles Lakers,New York Knicks,2026-03-09 06:00:00+10:30,2026-01-07T19:11:00.11Z
0022500923,Regular Season,2026-03-08T22:00:00Z,1610612748,1610612765,Miami Heat,Detroit Pistons,2026-03-09 08:30:00+10:30,2026-01-07T19:11:00.11Z
0022500924,Regular Season,2026-03-08T22:00:00Z,1610612761,1610612742,Toronto Raptors,Dallas Mavericks,2026-03-09 08:30:00+10:30,2026-01-07T19:11:00.11Z
0022500925,Regular Season,2026-03-08T23:00:00Z,1610612740,1610612764,New Orleans Pelicans,Washington Wizards,2026-03-09 09:30:00+10:30,2026-01-07T19:11:00.11Z
0022500927,Regular Season,2026-03-09T00:00:00Z,1610612759,1610612745,San Antonio Spurs,Houston Rockets,2026-03-09 10:30:00+10:30,2026-01-07T19:11:00.11Z
0022500926,Regular Season,2026-03-09T00:00:00Z,1610612749,1610612753,Milwaukee Bucks,Orlando Magic,2026-03-09 10:30:00+10:30,2026-01-07T19:11:00.11Z
0022500928,Regular Season,2026-03-09T01:00:00Z,1610612756,1610612766,Phoenix Suns,Charlotte Hornets,2026-03-09 11:30:00+10:30,2026-01-07T19:11:00.11Z
0022500929,Regular Season,2026-03-09T01:00:00Z,1610612757,1610612754,Portland Trail Blazers,Indiana Pacers,2026-03-09 11:30:00+10:30,2026-01-07T19:11:00.11Z
0022500930,Regular Season,2026-03-09T01:00:00Z,1610612758,1610612741,Sacramento Kings,Chicago Bulls,2026-03-09 11:30:00+10:30,2026-01-07T19:11:00.11Z
0022500931,Regular Season,2026-03-09T23:00:00Z,1610612739,1610612755,Cleveland Cavaliers,Philadelphia 76ers,2026-03-10 09:30:00+10:30,2026-01-07T19:11:00.11Z
0022500932,Regular Season,2026-03-09T23:30:00Z,1610612751,1610612763,Brooklyn Nets,Memphis Grizzlies,2026-03-10 10:00:00+10:30,2026-01-07T19:11:00.11Z
0022500933,Regular Season,2026-03-09T23:30:00Z,1610612760,1610612743,Oklahoma City Thunder,Denver Nuggets,2026-03-10 10:00:00+10:30,2026-01-07T19:11:00.11Z
0022500934,Regular Season,2026-03-10T01:00:00Z,1610612762,1610612744,Utah Jazz,Golden State Warriors,2026-03-10 11:30:00+10:30,2026-01-07T19:11:00.11Z
0022500935,Regular Season,2026-03-10T02:00:00Z,1610612746,1610612752,Los Angeles Clippers,New York Knicks,2026-03-10 12:30:00+10:30,2026-01-07T19:11:00.11Z
0022500936,Regular Season,2026-03-10T23:00:00Z,1610612755,1610612763,Philadelphia 76ers,Memphis Grizzlies,2026-03-11 09:30:00+10:30,2026-01-07T19:11:00.11Z
0022500937,Regular Season,2026-03-10T23:30:00Z,1610612751,1610612765,Brooklyn Nets,Detroit Pistons,2026-03-11 10:00:00+10:30,2026-01-07T19:11:00.11Z
0022500938,Regular Season,2026-03-10T23:30:00Z,1610612748,1610612764,Miami Heat,Washington Wizards,2026-03-11 10:00:00+10:30,2026-01-07T19:11:00.11Z
0022500939,Regular Season,2026-03-11T00:00:00Z,1610612737,1610612742,Atlanta Hawks,Dallas Mavericks,2026-03-11 10:30:00+10:30,2026-01-07T19:11:00.11Z
0022500940,Regular Season,2026-03-11T00:00:00Z,1610612745,1610612761,Houston Rockets,Toronto Raptors,2026-03-11 10:30:00+10:30,2026-01-07T19:11:00.11Z
0022500941,Regular Season,2026-03-11T00:00:00Z,1610612749,1610612756,Milwaukee Bucks,Phoenix Suns,2026-03-11 10:30:00+10:30,2026-01-07T19:11:00.11Z
0022500942,Regular Season,2026-03-11T00:00:00Z,1610612759,1610612738,San Antonio Spurs,Boston Celtics,2026-03-11 10:30:00+10:30,2026-01-07T19:11:00.11Z
0022500943,Regular Season,2026-03-11T02:00:00Z,1610612744,1610612741,Golden State Warriors,Chicago Bulls,2026-03-11 12:30:00+10:30,2026-01-07T19:11:00.11Z
0022500944,Regular Season,2026-03-11T02:00:00Z,1610612757,1610612766,Portland Trail Blazers,Charlotte Hornets,2026-03-11 12:30:00+10:30,2026-01-07T19:11:00.11Z
0022500945,Regular Season,2026-03-11T02:00:00Z,1610612758,1610612754,Sacramento Kings,Indiana Pacers,2026-03-11 12:30:00+10:30,2026-01-07T19:11:00.11Z
0022500946,Regular Season,2026-03-11T03:00:00Z,1610612747,1610612750,Los Angeles Lakers,Minnesota Timberwolves,2026-03-11 13:30:00+10:30,2026-01-07T19:11:00.11Z
0022500947,Regular Season,2026-03-11T23:30:00Z,1610612753,1610612739,Orlando Magic,Cleveland Cavaliers,2026-03-12 10:00:00+10:30,2026-01-07T19:11:00.11Z
0022500948,Regular Season,2026-03-12T00:00:00Z,1610612740,1610612761,New Orleans Pelicans,Toronto Raptors,2026-03-12 10:30:00+10:30,2026-01-07T19:11:00.11Z
0022500949,Regular Season,2026-03-12T01:00:00Z,1610612762,1610612752,Utah Jazz,New York Knicks,2026-03-12 11:30:00+10:30,2026-01-07T19:11:00.11Z
0022500950,Regular Season,2026-03-12T02:00:00Z,1610612743,1610612745,Denver Nuggets,Houston Rockets,2026-03-12 12:30:00+10:30,2026-01-07T19:11:00.11Z
0022500951,Regular Season,2026-03-12T02:00:00Z,1610612758,1610612766,Sacramento Kings,Charlotte Hornets,2026-03-12 12:30:00+10:30,2026-01-07T19:11:00.11Z
0022500952,Regular Season,2026-03-12T02:30:00Z,1610612746,1610612750,Los Angeles Clippers,Minnesota Timberwolves,2026-03-12 13:00:00+10:30,2026-01-07T19:11:00.11Z
0022500953,Regular Season,2026-03-12T23:00:00Z,1610612765,1610612755,Detroit Pistons,Philadelphia 76ers,2026-03-13 09:30:00+10:30,2026-01-07T19:11:00.11Z
0022500954,Regular Season,2026-03-12T23:00:00Z,1610612754,1610612756,Indiana Pacers,Phoenix Suns,2026-03-13 09:30:00+10:30,2026-01-07T19:11:00.11Z
0022500955,Regular Season,2026-03-12T23:00:00Z,1610612753,1610612764,Orlando Magic,Washington Wizards,2026-03-13 09:30:00+10:30,2026-01-07T19:11:00.11Z
0022500957,Regular Season,2026-03-12T23:30:00Z,1610612748,1610612749,Miami Heat,Milwaukee Bucks,2026-03-13 10:00:00+10:30,2026-01-07T19:11:00.11Z
0022500956,Regular Season,2026-03-12T23:30:00Z,1610612737,1610612751,Atlanta Hawks,Brooklyn Nets,2026-03-13 10:00:00+10:30,2026-01-07T19:11:00.11Z
0022500958,Regular Season,2026-03-13T01:00:00Z,1610612759,1610612743,San Antonio Spurs,Denver Nuggets,2026-03-13 11:30:00+10:30,2026-01-07T19:11:00.11Z
0022500959,Regular Season,2026-03-13T01:30:00Z,1610612760,1610612738,Oklahoma City Thunder,Boston Celtics,2026-03-13 12:00:00+10:30,2026-01-07T19:11:00.11Z
0022500960,Regular Season,2026-03-13T02:30:00Z,1610612747,1610612741,Los Angeles Lakers,Chicago Bulls,2026-03-13 13:00:00+10:30,2026-01-07T19:11:00.11Z
0022500961,Regular Season,2026-03-13T23:30:00Z,1610612765,1610612763,Detroit Pistons,Memphis Grizzlies,2026-03-14 10:00:00+10:30,2026-01-07T19:11:00.11Z
0022500962,Regular Season,2026-03-13T23:30:00Z,1610612754,1610612752,Indiana Pacers,New York Knicks,2026-03-14 10:00:00+10:30,2026-01-07T19:11:00.11Z
0022500963,Regular Season,2026-03-13T23:30:00Z,1610612761,1610612756,Toronto Raptors,Phoenix Suns,2026-03-14 10:00:00+10:30,2026-01-07T19:11:00.11Z
0022500964,Regular Season,2026-03-14T00:00:00Z,1610612745,1610612740,Houston Rockets,New Orleans Pelicans,2026-03-14 10:30:00+10:30,2026-01-07T19:11:00.11Z
0022500965,Regular Season,2026-03-14T00:30:00Z,1610612742,1610612739,Dallas Mavericks,Cleveland Cavaliers,2026-03-14 11:00:00+10:30,2026-01-07T19:11:00.11Z
0022500967,Regular Season,2026-03-14T02:00:00Z,1610612757,1610612762,Portland Trail Blazers,Utah Jazz,2026-03-14 12:30:00+10:30,2026-01-07T19:11:00.11Z
0022500966,Regular Season,2026-03-14T02:00:00Z,1610612744,1610612750,Golden State Warriors,Minnesota Timberwolves,2026-03-14 12:30:00+10:30,2026-01-07T19:11:00.11Z
0022500968,Regular Season,2026-03-14T02:30:00Z,1610612746,1610612741,Los Angeles Clippers,Chicago Bulls,2026-03-14 13:00:00+10:30,2026-01-07T19:11:00.11Z
0022500969,Regular Season,2026-03-14T17:00:00Z,1610612755,1610612751,Philadelphia 76ers,Brooklyn Nets,2026-03-15 03:30:00+10:30,2026-01-07T19:11:00.11Z
0022500970,Regular Season,2026-03-14T19:00:00Z,1610612737,1610612749,Atlanta Hawks,Milwaukee Bucks,2026-03-15 05:30:00+10:30,2026-01-07T19:11:00.11Z
0022500971,Regular Season,2026-03-14T22:00:00Z,1610612738,1610612764,Boston Celtics,Washington Wizards,2026-03-15 08:30:00+10:30,2026-01-07T19:11:00.11Z
0022500972,Regular Season,2026-03-15T00:00:00Z,1610612748,1610612753,Miami Heat,Orlando Magic,2026-03-15 10:30:00+10:30,2026-01-07T19:11:00.11Z
0022500973,Regular Season,2026-03-15T00:00:00Z,1610612759,1610612766,San Antonio Spurs,Charlotte Hornets,2026-03-15 10:30:00+10:30,2026-01-07T19:11:00.11Z
0022500974,Regular Season,2026-03-15T00:30:00Z,1610612747,1610612743,Los Angeles Lakers,Denver Nuggets,2026-03-15 11:00:00+10:30,2026-01-07T19:11:00.11Z
0022500975,Regular Season,2026-03-15T02:30:00Z,1610612746,1610612758,Los Angeles Clippers,Sacramento Kings,2026-03-15 13:00:00+10:30,2026-01-07T19:11:00.11Z
0022500976,Regular Season,2026-03-15T17:00:00Z,1610612760,1610612750,Oklahoma City Thunder,Minnesota Timberwolves,2026-03-16 03:30:00+10:30,2026-01-07T19:11:00.11Z
0022500977,Regular Season,2026-03-15T19:30:00Z,1610612739,1610612742,Cleveland Cavaliers,Dallas Mavericks,2026-03-16 06:00:00+10:30,2026-01-07T19:11:00.11Z
0022500978,Regular Season,2026-03-15T19:30:00Z,1610612761,1610612765,Toronto Raptors,Detroit Pistons,2026-03-16 06:00:00+10:30,2026-01-07T19:11:00.11Z
0022500979,Regular Season,2026-03-15T19:30:00Z,1610612749,1610612754,Milwaukee Bucks,Indiana Pacers,2026-03-16 06:00:00+10:30,2026-01-07T19:11:00.11Z
0022500980,Regular Season,2026-03-15T22:00:00Z,1610612755,1610612757,Philadelphia 76ers,Portland Trail Blazers,2026-03-16 08:30:00+10:30,2026-01-07T19:11:00.11Z
0022500981,Regular Season,2026-03-16T00:00:00Z,1610612752,1610612744,New York Knicks,Golden State Warriors,2026-03-16 10:30:00+10:30,2026-01-07T19:11:00.11Z
0022500982,Regular Season,2026-03-16T02:00:00Z,1610612758,1610612762,Sacramento Kings,Utah Jazz,2026-03-16 12:30:00+10:30,2026-01-07T19:11:00.11Z
0022500983,Regular Season,2026-03-16T23:00:00Z,1610612737,1610612753,Atlanta Hawks,Orlando Magic,2026-03-17 09:30:00+10:30,2026-01-07T19:11:00.11Z
0022500984,Regular Season,2026-03-16T23:00:00Z,1610612764,1610612744,Washington Wizards,Golden State Warriors,2026-03-17 09:30:00+10:30,2026-01-07T19:11:00.11Z
0022500985,Regular Season,2026-03-16T23:30:00Z,1610612751,1610612757,Brooklyn Nets,Portland Trail Blazers,2026-03-17 10:00:00+10:30,2026-01-07T19:11:00.11Z
0022500988,Regular Season,2026-03-17T00:00:00Z,1610612740,1610612742,New Orleans Pelicans,Dallas Mavericks,2026-03-17 10:30:00+10:30,2026-01-07T19:11:00.11Z
0022500986,Regular Season,2026-03-17T00:00:00Z,1610612738,1610612756,Boston Celtics,Phoenix Suns,2026-03-17 10:30:00+10:30,2026-01-07T19:11:00.11Z
0022500987,Regular Season,2026-03-17T00:00:00Z,1610612741,1610612763,Chicago Bulls,Memphis Grizzlies,2026-03-17 10:30:00+10:30,2026-01-07T19:11:00.11Z
0022500989,Regular Season,2026-03-17T01:00:00Z,1610612745,1610612747,Houston Rockets,Los Angeles Lakers,2026-03-17 11:30:00+10:30,2026-01-07T19:11:00.11Z
0022500990,Regular Season,2026-03-17T02:30:00Z,1610612746,1610612759,Los Angeles Clippers,San Antonio Spurs,2026-03-17 13:00:00+10:30,2026-01-07T19:11:00.11Z
0022500991,Regular Season,2026-03-17T23:00:00Z,1610612766,1610612748,Charlotte Hornets,Miami Heat,2026-03-18 09:30:00+10:30,2026-01-07T19:11:00.11Z
0022500992,Regular Season,2026-03-17T23:00:00Z,1610612753,1610612760,Orlando Magic,Oklahoma City Thunder,2026-03-18 09:30:00+10:30,2026-01-07T19:11:00.11Z
0022500993,Regular Season,2026-03-17T23:00:00Z,1610612764,1610612765,Washington Wizards,Detroit Pistons,2026-03-18 09:30:00+10:30,2026-01-07T19:11:00.11Z
0022500994,Regular Season,2026-03-17T23:30:00Z,1610612752,1610612754,New York Knicks,Indiana Pacers,2026-03-18 10:00:00+10:30,2026-01-07T19:11:00.11Z
0022500995,Regular Season,2026-03-18T00:00:00Z,1610612749,1610612739,Milwaukee Bucks,Cleveland Cavaliers,2026-03-18 10:30:00+10:30,2026-01-07T19:11:00.11Z
0022500996,Regular Season,2026-03-18T00:00:00Z,1610612750,1610612756,Minnesota Timberwolves,Phoenix Suns,2026-03-18 10:30:00+10:30,2026-01-07T19:11:00.11Z
0022500997,Regular Season,2026-03-18T01:00:00Z,1610612743,1610612755,Denver Nuggets,Philadelphia 76ers,2026-03-18 11:30:00+10:30,2026-01-07T19:11:00.11Z
0022500998,Regular Season,2026-03-18T03:00:00Z,1610612758,1610612759,Sacramento Kings,San Antonio Spurs,2026-03-18 13:30:00+10:30,2026-01-07T19:11:00.11Z
0022500999,Regular Season,2026-03-18T23:00:00Z,1610612738,1610612744,Boston Celtics,Golden State Warriors,2026-03-19 09:30:00+10:30,2026-01-07T19:11:00.11Z
0022501000,Regular Season,2026-03-18T23:30:00Z,1610612751,1610612760,Brooklyn Nets,Oklahoma City Thunder,2026-03-19 10:00:00+10:30,2026-01-07T19:11:00.11Z
0022501001,Regular Season,2026-03-18T23:30:00Z,1610612754,1610612757,Indiana Pacers,Portland Trail Blazers,2026-03-19 10:00:00+10:30,2026-01-07T19:11:00.11Z
0022501002,Regular Season,2026-03-19T00:00:00Z,1610612741,1610612761,Chicago Bulls,Toronto Raptors,2026-03-19 10:30:00+10:30,2026-01-07T19:11:00.11Z
0022501003,Regular Season,2026-03-19T00:00:00Z,1610612763,1610612752,Memphis Grizzlies,New York Knicks,2026-03-19 10:30:00+10:30,2026-01-07T19:11:00.11Z
0022501004,Regular Season,2026-03-19T00:00:00Z,1610612750,1610612762,Minnesota Timberwolves,Utah Jazz,2026-03-19 10:30:00+10:30,2026-01-07T19:11:00.11Z
0022501005,Regular Season,2026-03-19T00:00:00Z,1610612740,1610612746,New Orleans Pelicans,Los Angeles Clippers,2026-03-19 10:30:00+10:30,2026-01-07T19:11:00.11Z
0022501006,Regular Season,2026-03-19T00:30:00Z,1610612742,1610612737,Dallas Mavericks,Atlanta Hawks,2026-03-19 11:00:00+10:30,2026-01-07T19:11:00.11Z
0022501007,Regular Season,2026-03-19T01:30:00Z,1610612745,1610612747,Houston Rockets,Los Angeles Lakers,2026-03-19 12:00:00+10:30,2026-01-07T19:11:00.11Z
0022501008,Regular Season,2026-03-19T23:00:00Z,1610612766,1610612753,Charlotte Hornets,Orlando Magic,2026-03-20 09:30:00+10:30,2026-01-07T19:11:00.11Z
0022501009,Regular Season,2026-03-19T23:00:00Z,1610612764,1610612765,Washington Wizards,Detroit Pistons,2026-03-20 09:30:00+10:30,2026-01-07T19:11:00.11Z
0022501010,Regular Season,2026-03-20T00:00:00Z,1610612748,1610612747,Miami Heat,Los Angeles Lakers,2026-03-20 10:30:00+10:30,2026-01-07T19:11:00.11Z
0022501011,Regular Season,2026-03-20T00:00:00Z,1610612741,1610612739,Chicago Bulls,Cleveland Cavaliers,2026-03-20 10:30:00+10:30,2026-01-07T19:11:00.11Z
0022501012,Regular Season,2026-03-20T00:00:00Z,1610612740,1610612746,New Orleans Pelicans,Los Angeles Clippers,2026-03-20 10:30:00+10:30,2026-01-07T19:11:00.11Z
0022501013,Regular Season,2026-03-20T00:00:00Z,1610612759,1610612756,San Antonio Spurs,Phoenix Suns,2026-03-20 10:30:00+10:30,2026-01-07T19:11:00.11Z
0022501014,Regular Season,2026-03-20T01:00:00Z,1610612762,1610612749,Utah Jazz,Milwaukee Bucks,2026-03-20 11:30:00+10:30,2026-01-07T19:11:00.11Z
0022501015,Regular Season,2026-03-20T02:00:00Z,1610612758,1610612755,Sacramento Kings,Philadelphia 76ers,2026-03-20 12:30:00+10:30,2026-01-07T19:11:00.11Z
0022501017,Regular Season,2026-03-20T23:30:00Z,1610612765,1610612744,Detroit Pistons,Golden State Warriors,2026-03-21 10:00:00+10:30,2026-01-07T19:11:00.11Z
0022501016,Regular Season,2026-03-20T23:30:00Z,1610612751,1610612752,Brooklyn Nets,New York Knicks,2026-03-21 10:00:00+10:30,2026-01-07T19:11:00.11Z
0022501018,Regular Season,2026-03-21T00:00:00Z,1610612745,1610612737,Houston Rockets,Atlanta Hawks,2026-03-21 10:30:00+10:30,2026-01-07T19:11:00.11Z
0022501019,Regular Season,2026-03-21T00:00:00Z,1610612763,1610612738,Memphis Grizzlies,Boston Celtics,2026-03-21 10:30:00+10:30,2026-01-07T19:11:00.11Z
0022501020,Regular Season,2026-03-21T00:00:00Z,1610612750,1610612757,Minnesota Timberwolves,Portland Trail Blazers,2026-03-21 10:30:00+10:30,2026-01-07T19:11:00.11Z
0022501021,Regular Season,2026-03-21T01:00:00Z,1610612743,1610612761,Denver Nuggets,Toronto Raptors,2026-03-21 11:30:00+10:30,2026-01-07T19:11:00.11Z
0022501022,Regular Season,2026-03-21T21:00:00Z,1610612764,1610612760,Washington Wizards,Oklahoma City Thunder,2026-03-22 07:30:00+10:30,2026-01-07T19:11:00.11Z
0022501025,Regular Season,2026-03-21T23:00:00Z,1610612740,1610612739,New Orleans Pelicans,Cleveland Cavaliers,2026-03-22 09:30:00+10:30,2026-01-07T19:11:00.11Z
0022501023,Regular Season,2026-03-21T23:00:00Z,1610612766,1610612763,Charlotte Hornets,Memphis Grizzlies,2026-03-22 09:30:00+10:30,2026-01-07T19:11:00.11Z
0022501024,Regular Season,2026-03-21T23:00:00Z,1610612753,1610612747,Orlando Magic,Los Angeles Lakers,2026-03-22 09:30:00+10:30,2026-01-07T19:11:00.11Z
0022501028,Regular Season,2026-03-22T00:00:00Z,1610612759,1610612754,San Antonio Spurs,Indiana Pacers,2026-03-22 10:30:00+10:30,2026-01-07T19:11:00.11Z
0022501026,Regular Season,2026-03-22T00:00:00Z,1610612737,1610612744,Atlanta Hawks,Golden State Warriors,2026-03-22 10:30:00+10:30,2026-01-07T19:11:00.11Z
0022501027,Regular Season,2026-03-22T00:00:00Z,1610612745,1610612748,Houston Rockets,Miami Heat,2026-03-22 10:30:00+10:30,2026-01-07T19:11:00.11Z
0022501029,Regular Season,2026-03-22T00:30:00Z,1610612742,1610612746,Dallas Mavericks,Los Angeles Clippers,2026-03-22 11:00:00+10:30,2026-01-07T19:11:00.11Z
0022501030,Regular Season,2026-03-22T01:30:00Z,1610612762,1610612755,Utah Jazz,Philadelphia 76ers,2026-03-22 12:00:00+10:30,2026-01-07T19:11:00.11Z
0022501031,Regular Season,2026-03-22T02:00:00Z,1610612756,1610612749,Phoenix Suns,Milwaukee Bucks,2026-03-22 12:30:00+10:30,2026-01-07T19:11:00.11Z
0022501032,Regular Season,2026-03-22T21:00:00Z,1610612743,1610612757,Denver Nuggets,Portland Trail Blazers,2026-03-23 07:30:00+10:30,2026-01-07T19:11:00.11Z
0022501033,Regular Season,2026-03-22T22:00:00Z,1610612758,1610612751,Sacramento Kings,Brooklyn Nets,2026-03-23 08:30:00+10:30,2026-01-07T19:11:00.11Z
0022501034,Regular Season,2026-03-22T23:30:00Z,1610612752,1610612764,New York Knicks,Washington Wizards,2026-03-23 10:00:00+10:30,2026-01-07T19:11:00.11Z
0022501035,Regular Season,2026-03-23T00:00:00Z,1610612738,1610612750,Boston Celtics,Minnesota Timberwolves,2026-03-23 10:30:00+10:30,2026-01-07T19:11:00.11Z
0022501036,Regular Season,2026-03-23T01:00:00Z,1610612756,1610612761,Phoenix Suns,Toronto Raptors,2026-03-23 11:30:00+10:30,2026-01-07T19:11:00.11Z
0022501040,Regular Season,2026-03-23T23:00:00Z,1610612755,1610612760,Philadelphia 76ers,Oklahoma City Thunder,2026-03-24 09:30:00+10:30,2026-01-07T19:11:00.11Z
0022501039,Regular Season,2026-03-23T23:00:00Z,1610612753,1610612754,Orlando Magic,Indiana Pacers,2026-03-24 09:30:00+10:30,2026-01-07T19:11:00.11Z
0022501038,Regular Season,2026-03-23T23:00:00Z,1610612765,1610612747,Detroit Pistons,Los Angeles Lakers,2026-03-24 09:30:00+10:30,2026-01-07T19:11:00.11Z
0022501037,Regular Season,2026-03-23T23:00:00Z,1610612737,1610612763,Atlanta Hawks,Memphis Grizzlies,2026-03-24 09:30:00+10:30,2026-01-07T19:11:00.11Z
0022501041,Regular Season,2026-03-23T23:30:00Z,1610612748,1610612759,Miami Heat,San Antonio Spurs,2026-03-24 10:00:00+10:30,2026-01-07T19:11:00.11Z
0022501042,Regular Season,2026-03-24T00:00:00Z,1610612741,1610612745,Chicago Bulls,Houston Rockets,2026-03-24 10:30:00+10:30,2026-01-07T19:11:00.11Z
0022501043,Regular Season,2026-03-24T01:00:00Z,1610612762,1610612761,Utah Jazz,Toronto Raptors,2026-03-24 11:30:00+10:30,2026-01-07T19:11:00.11Z
0022501044,Regular Season,2026-03-24T01:30:00Z,1610612742,1610612744,Dallas Mavericks,Golden State Warriors,2026-03-24 12:00:00+10:30,2026-01-07T19:11:00.11Z
0022501045,Regular Season,2026-03-24T02:00:00Z,1610612757,1610612751,Portland Trail Blazers,Brooklyn Nets,2026-03-24 12:30:00+10:30,2026-01-07T19:11:00.11Z
0022501046,Regular Season,2026-03-24T02:30:00Z,1610612746,1610612749,Los Angeles Clippers,Milwaukee Bucks,2026-03-24 13:00:00+10:30,2026-01-07T19:11:00.11Z
0022501047,Regular Season,2026-03-24T23:00:00Z,1610612766,1610612758,Charlotte Hornets,Sacramento Kings,2026-03-25 09:30:00+10:30,2026-01-07T19:11:00.11Z
0022501048,Regular Season,2026-03-24T23:30:00Z,1610612752,1610612740,New York Knicks,New Orleans Pelicans,2026-03-25 10:00:00+10:30,2026-01-07T19:11:00.11Z
0022501049,Regular Season,2026-03-25T00:00:00Z,1610612739,1610612753,Cleveland Cavaliers,Orlando Magic,2026-03-25 10:30:00+10:30,2026-01-07T19:11:00.11Z
0022501050,Regular Season,2026-03-25T03:00:00Z,1610612756,1610612743,Phoenix Suns,Denver Nuggets,2026-03-25 13:30:00+10:30,2026-01-07T19:11:00.11Z
0022501051,Regular Season,2026-03-25T23:00:00Z,1610612765,1610612737,Detroit Pistons,Atlanta Hawks,2026-03-26 09:30:00+10:30,2026-01-07T19:11:00.11Z
0022501052,Regular Season,2026-03-25T23:00:00Z,1610612754,1610612747,Indiana Pacers,Los Angeles Lakers,2026-03-26 09:30:00+10:30,2026-01-07T19:11:00.11Z
0022501053,Regular Season,2026-03-25T23:00:00Z,1610612755,1610612741,Philadelphia 76ers,Chicago Bulls,2026-03-26 09:30:00+10:30,2026-01-07T19:11:00.11Z
0022501054,Regular Season,2026-03-25T23:30:00Z,1610612738,1610612760,Boston Celtics,Oklahoma City Thunder,2026-03-26 10:00:00+10:30,2026-01-07T19:11:00.11Z
0022501055,Regular Season,2026-03-25T23:30:00Z,1610612739,1610612748,Cleveland Cavaliers,Miami Heat,2026-03-26 10:00:00+10:30,2026-01-07T19:11:00.11Z
0022501056,Regular Season,2026-03-26T00:00:00Z,1610612763,1610612759,Memphis Grizzlies,San Antonio Spurs,2026-03-26 10:30:00+10:30,2026-01-07T19:11:00.11Z
0022501057,Regular Season,2026-03-26T01:00:00Z,1610612762,1610612764,Utah Jazz,Washington Wizards,2026-03-26 11:30:00+10:30,2026-01-07T19:11:00.11Z
0022501058,Regular Season,2026-03-26T01:30:00Z,1610612750,1610612745,Minnesota Timberwolves,Houston Rockets,2026-03-26 12:00:00+10:30,2026-01-07T19:11:00.11Z
0022501061,Regular Season,2026-03-26T02:00:00Z,1610612757,1610612749,Portland Trail Blazers,Milwaukee Bucks,2026-03-26 12:30:00+10:30,2026-01-07T19:11:00.11Z
0022501059,Regular Season,2026-03-26T02:00:00Z,1610612743,1610612742,Denver Nuggets,Dallas Mavericks,2026-03-26 12:30:00+10:30,2026-01-07T19:11:00.11Z
0022501060,Regular Season,2026-03-26T02:00:00Z,1610612744,1610612751,Golden State Warriors,Brooklyn Nets,2026-03-26 12:30:00+10:30,2026-01-07T19:11:00.11Z
0022501062,Regular Season,2026-03-26T02:30:00Z,1610612746,1610612761,Los Angeles Clippers,Toronto Raptors,2026-03-26 13:00:00+10:30,2026-01-07T19:11:00.11Z
0022501063,Regular Season,2026-03-26T23:00:00Z,1610612766,1610612752,Charlotte Hornets,New York Knicks,2026-03-27 09:30:00+10:30,2026-01-07T19:11:00.11Z
0022501064,Regular Season,2026-03-26T23:00:00Z,1610612765,1610612740,Detroit Pistons,New Orleans Pelicans,2026-03-27 09:30:00+10:30,2026-01-07T19:11:00.11Z
0022501065,Regular Season,2026-03-26T23:00:00Z,1610612753,1610612758,Orlando Magic,Sacramento Kings,2026-03-27 09:30:00+10:30,2026-01-07T19:11:00.11Z
0022501066,Regular Season,2026-03-27T23:00:00Z,1610612754,1610612746,Indiana Pacers,Los Angeles Clippers,2026-03-28 09:30:00+10:30,2026-01-07T19:11:00.11Z
0022501067,Regular Season,2026-03-27T23:30:00Z,1610612738,1610612737,Boston Celtics,Atlanta Hawks,2026-03-28 10:00:00+10:30,2026-01-07T19:11:00.11Z
0022501068,Regular Season,2026-03-27T23:30:00Z,1610612739,1610612748,Cleveland Cavaliers,Miami Heat,2026-03-28 10:00:00+10:30,2026-01-07T19:11:00.11Z
0022501069,Regular Season,2026-03-28T00:00:00Z,1610612763,1610612745,Memphis Grizzlies,Houston Rockets,2026-03-28 10:30:00+10:30,2026-01-07T19:11:00.11Z
0022501070,Regular Season,2026-03-28T00:00:00Z,1610612760,1610612741,Oklahoma City Thunder,Chicago Bulls,2026-03-28 10:30:00+10:30,2026-01-07T19:11:00.11Z
0022501071,Regular Season,2026-03-28T00:30:00Z,1610612761,1610612740,Toronto Raptors,New Orleans Pelicans,2026-03-28 11:00:00+10:30,2026-01-07T19:11:00.11Z
0022501072,Regular Season,2026-03-28T01:00:00Z,1610612743,1610612762,Denver Nuggets,Utah Jazz,2026-03-28 11:30:00+10:30,2026-01-07T19:11:00.11Z
0022501073,Regular Season,2026-03-28T02:00:00Z,1610612744,1610612764,Golden State Warriors,Washington Wizards,2026-03-28 12:30:00+10:30,2026-01-07T19:11:00.11Z
0022501074,Regular Season,2026-03-28T02:00:00Z,1610612757,1610612742,Portland Trail Blazers,Dallas Mavericks,2026-03-28 12:30:00+10:30,2026-01-07T19:11:00.11Z
0022501075,Regular Season,2026-03-28T02:30:00Z,1610612747,1610612751,Los Angeles Lakers,Brooklyn Nets,2026-03-28 13:00:00+10:30,2026-01-07T19:11:00.11Z
0022501076,Regular Season,2026-03-28T19:00:00Z,1610612749,1610612759,Milwaukee Bucks,San Antonio Spurs,2026-03-29 05:30:00+10:30,2026-01-07T19:11:00.11Z
0022501077,Regular Season,2026-03-28T22:00:00Z,1610612766,1610612755,Charlotte Hornets,Philadelphia 76ers,2026-03-29 08:30:00+10:30,2026-01-07T19:11:00.11Z
0022501078,Regular Season,2026-03-28T23:30:00Z,1610612737,1610612758,Atlanta Hawks,Sacramento Kings,2026-03-29 10:00:00+10:30,2026-01-07T19:11:00.11Z
0022501080,Regular Season,2026-03-29T00:00:00Z,1610612750,1610612765,Minnesota Timberwolves,Detroit Pistons,2026-03-29 10:30:00+10:30,2026-01-07T19:11:00.11Z
0022501079,Regular Season,2026-03-29T00:00:00Z,1610612763,1610612741,Memphis Grizzlies,Chicago Bulls,2026-03-29 10:30:00+10:30,2026-01-07T19:11:00.11Z
0022501081,Regular Season,2026-03-29T02:00:00Z,1610612756,1610612762,Phoenix Suns,Utah Jazz,2026-03-29 12:30:00+10:30,2026-01-07T19:11:00.11Z
0022501082,Regular Season,2026-03-29T19:30:00Z,1610612749,1610612746,Milwaukee Bucks,Los Angeles Clippers,2026-03-30 06:00:00+10:30,2026-01-07T19:11:00.11Z
0022501083,Regular Season,2026-03-29T21:00:00Z,1610612754,1610612748,Indiana Pacers,Miami Heat,2026-03-30 07:30:00+10:30,2026-01-07T19:11:00.11Z
0022501084,Regular Season,2026-03-29T22:00:00Z,1610612751,1610612758,Brooklyn Nets,Sacramento Kings,2026-03-30 08:30:00+10:30,2026-01-07T19:11:00.11Z
0022501085,Regular Season,2026-03-29T22:00:00Z,1610612766,1610612738,Charlotte Hornets,Boston Celtics,2026-03-30 08:30:00+10:30,2026-01-07T19:11:00.11Z
0022501086,Regular Season,2026-03-29T22:00:00Z,1610612761,1610612753,Toronto Raptors,Orlando Magic,2026-03-30 08:30:00+10:30,2026-01-07T19:11:00.11Z
0022501087,Regular Season,2026-03-29T22:00:00Z,1610612757,1610612764,Portland Trail Blazers,Washington Wizards,2026-03-30 08:30:00+10:30,2026-01-07T19:11:00.11Z
0022501088,Regular Season,2026-03-29T23:00:00Z,1610612740,1610612745,New Orleans Pelicans,Houston Rockets,2026-03-30 09:30:00+10:30,2026-01-07T19:11:00.11Z
0022501089,Regular Season,2026-03-29T23:30:00Z,1610612760,1610612752,Oklahoma City Thunder,New York Knicks,2026-03-30 10:00:00+10:30,2026-01-07T19:11:00.11Z
0022501090,Regular Season,2026-03-30T02:00:00Z,1610612743,1610612744,Denver Nuggets,Golden State Warriors,2026-03-30 12:30:00+10:30,2026-01-07T19:11:00.11Z
0022501091,Regular Season,2026-03-30T23:00:00Z,1610612748,1610612755,Miami Heat,Philadelphia 76ers,2026-03-31 09:30:00+10:30,2026-01-07T19:11:00.11Z
0022501092,Regular Season,2026-03-30T23:30:00Z,1610612737,1610612738,Atlanta Hawks,Boston Celtics,2026-03-31 10:00:00+10:30,2026-01-07T19:11:00.11Z
0022501093,Regular Season,2026-03-31T00:00:00Z,1610612763,1610612756,Memphis Grizzlies,Phoenix Suns,2026-03-31 10:30:00+10:30,2026-01-07T19:11:00.11Z
0022501094,Regular Season,2026-03-31T00:00:00Z,1610612759,1610612741,San Antonio Spurs,Chicago Bulls,2026-03-31 10:30:00+10:30,2026-01-07T19:11:00.11Z
0022501095,Regular Season,2026-03-31T00:30:00Z,1610612742,1610612750,Dallas Mavericks,Minnesota Timberwolves,2026-03-31 11:00:00+10:30,2026-01-07T19:11:00.11Z
0022501096,Regular Season,2026-03-31T01:00:00Z,1610612762,1610612739,Utah Jazz,Cleveland Cavaliers,2026-03-31 11:30:00+10:30,2026-01-07T19:11:00.11Z
0022501097,Regular Season,2026-03-31T01:30:00Z,1610612760,1610612765,Oklahoma City Thunder,Detroit Pistons,2026-03-31 12:00:00+10:30,2026-01-07T19:11:00.11Z
0022501098,Regular Season,2026-03-31T02:00:00Z,1610612747,1610612764,Los Angeles Lakers,Washington Wizards,2026-03-31 12:30:00+10:30,2026-01-07T19:11:00.11Z
0022501099,Regular Season,2026-03-31T23:00:00Z,1610612753,1610612756,Orlando Magic,Phoenix Suns,2026-04-01 09:30:00+10:30,2026-01-07T19:11:00.11Z
0022501100,Regular Season,2026-03-31T23:30:00Z,1610612751,1610612766,Brooklyn Nets,Charlotte Hornets,2026-04-01 10:00:00+10:30,2026-01-07T19:11:00.11Z
0022501101,Regular Season,2026-04-01T00:00:00Z,1610612765,1610612761,Detroit Pistons,Toronto Raptors,2026-04-01 10:30:00+10:30,2026-01-07T19:11:00.11Z
0022501102,Regular Season,2026-04-01T00:00:00Z,1610612745,1610612752,Houston Rockets,New York Knicks,2026-04-01 10:30:00+10:30,2026-01-07T19:11:00.11Z
0022501103,Regular Season,2026-04-01T02:30:00Z,1610612747,1610612739,Los Angeles Lakers,Cleveland Cavaliers,2026-04-01 13:00:00+10:30,2026-01-07T19:11:00.11Z
0022501104,Regular Season,2026-04-01T03:00:00Z,1610612746,1610612757,Los Angeles Clippers,Portland Trail Blazers,2026-04-01 13:30:00+10:30,2026-01-07T19:11:00.11Z
0022501105,Regular Season,2026-04-01T23:00:00Z,1610612764,1610612755,Washington Wizards,Philadelphia 76ers,2026-04-02 09:30:00+10:30,2026-01-07T19:11:00.11Z
0022501106,Regular Season,2026-04-01T23:30:00Z,1610612748,1610612738,Miami Heat,Boston Celtics,2026-04-02 10:00:00+10:30,2026-01-07T19:11:00.11Z
0022501107,Regular Season,2026-04-01T23:30:00Z,1610612753,1610612737,Orlando Magic,Atlanta Hawks,2026-04-02 10:00:00+10:30,2026-01-07T19:11:00.11Z
0022501111,Regular Season,2026-04-02T00:00:00Z,1610612763,1610612742,Memphis Grizzlies,Dallas Mavericks,2026-04-02 10:30:00+10:30,2026-01-07T19:11:00.11Z
0022501110,Regular Season,2026-04-02T00:00:00Z,1610612745,1610612749,Houston Rockets,Milwaukee Bucks,2026-04-02 10:30:00+10:30,2026-01-07T19:11:00.11Z
0022501109,Regular Season,2026-04-02T00:00:00Z,1610612741,1610612754,Chicago Bulls,Indiana Pacers,2026-04-02 10:30:00+10:30,2026-01-07T19:11:00.11Z
0022501108,Regular Season,2026-04-02T00:00:00Z,1610612761,1610612758,Toronto Raptors,Sacramento Kings,2026-04-02 10:30:00+10:30,2026-01-07T19:11:00.11Z
0022501112,Regular Season,2026-04-02T01:00:00Z,1610612762,1610612743,Utah Jazz,Denver Nuggets,2026-04-02 11:30:00+10:30,2026-01-07T19:11:00.11Z
0022501113,Regular Season,2026-04-02T02:00:00Z,1610612744,1610612759,Golden State Warriors,San Antonio Spurs,2026-04-02 12:30:00+10:30,2026-01-07T19:11:00.11Z
0022501114,Regular Season,2026-04-02T23:00:00Z,1610612766,1610612756,Charlotte Hornets,Phoenix Suns,2026-04-03 09:30:00+10:30,2026-01-07T19:11:00.11Z
0022501115,Regular Season,2026-04-02T23:00:00Z,1610612765,1610612750,Detroit Pistons,Minnesota Timberwolves,2026-04-03 09:30:00+10:30,2026-01-07T19:11:00.11Z
0022501116,Regular Season,2026-04-02T23:30:00Z,1610612760,1610612747,Oklahoma City Thunder,Los Angeles Lakers,2026-04-03 10:00:00+10:30,2026-01-07T19:11:00.11Z
0022501117,Regular Season,2026-04-03T02:00:00Z,1610612744,1610612739,Golden State Warriors,Cleveland Cavaliers,2026-04-03 12:30:00+10:30,2026-01-07T19:11:00.11Z
0022501118,Regular Season,2026-04-03T02:00:00Z,1610612757,1610612740,Portland Trail Blazers,New Orleans Pelicans,2026-04-03 12:30:00+10:30,2026-01-07T19:11:00.11Z
0022501119,Regular Season,2026-04-03T02:30:00Z,1610612746,1610612759,Los Angeles Clippers,San Antonio Spurs,2026-04-03 13:00:00+10:30,2026-01-07T19:11:00.11Z
0022501121,Regular Season,2026-04-03T23:00:00Z,1610612755,1610612750,Philadelphia 76ers,Minnesota Timberwolves,2026-04-04 09:30:00+10:30,2026-01-07T19:11:00.11Z
0022501120,Regular Season,2026-04-03T23:00:00Z,1610612766,1610612754,Charlotte Hornets,Indiana Pacers,2026-04-04 09:30:00+10:30,2026-01-07T19:11:00.11Z
0022501122,Regular Season,2026-04-03T23:30:00Z,1610612751,1610612737,Brooklyn Nets,Atlanta Hawks,2026-04-04 10:00:00+10:30,2026-01-07T19:11:00.11Z
0022501123,Regular Season,2026-04-03T23:30:00Z,1610612752,1610612741,New York Knicks,Chicago Bulls,2026-04-04 10:00:00+10:30,2026-01-07T19:11:00.11Z
0022501124,Regular Season,2026-04-04T00:00:00Z,1610612745,1610612762,Houston Rockets,Utah Jazz,2026-04-04 10:30:00+10:30,2026-01-07T19:11:00.11Z
0022501125,Regular Season,2026-04-04T00:00:00Z,1610612763,1610612761,Memphis Grizzlies,Toronto Raptors,2026-04-04 10:30:00+10:30,2026-01-07T19:11:00.11Z
0022501126,Regular Season,2026-04-04T00:00:00Z,1610612749,1610612738,Milwaukee Bucks,Boston Celtics,2026-04-04 10:30:00+10:30,2026-01-07T19:11:00.11Z
0022501127,Regular Season,2026-04-04T00:30:00Z,1610612742,1610612753,Dallas Mavericks,Orlando Magic,2026-04-04 11:00:00+10:30,2026-01-07T19:11:00.11Z
0022501128,Regular Season,2026-04-04T02:00:00Z,1610612758,1610612740,Sacramento Kings,New Orleans Pelicans,2026-04-04 12:30:00+10:30,2026-01-07T19:11:00.11Z
0022501129,Regular Season,2026-04-04T19:00:00Z,1610612748,1610612764,Miami Heat,Washington Wizards,2026-04-05 04:30:00+09:30,2026-01-07T19:11:00.11Z
0022501130,Regular Season,2026-04-04T19:00:00Z,1610612743,1610612759,Denver Nuggets,San Antonio Spurs,2026-04-05 04:30:00+09:30,2026-01-07T19:11:00.11Z
0022501131,Regular Season,2026-04-04T23:00:00Z,1610612755,1610612765,Philadelphia 76ers,Detroit Pistons,2026-04-05 08:30:00+09:30,2026-01-07T19:11:00.11Z
0022501132,Regular Season,2026-04-05T19:30:00Z,1610612738,1610612761,Boston Celtics,Toronto Raptors,2026-04-06 05:00:00+09:30,2026-01-07T19:11:00.11Z
0022501133,Regular Season,2026-04-05T19:30:00Z,1610612751,1610612764,Brooklyn Nets,Washington Wizards,2026-04-06 05:00:00+09:30,2026-01-07T19:11:00.11Z
0022501134,Regular Season,2026-04-05T19:30:00Z,1610612741,1610612756,Chicago Bulls,Phoenix Suns,2026-04-06 05:00:00+09:30,2026-01-07T19:11:00.11Z
0022501135,Regular Season,2026-04-05T19:30:00Z,1610612749,1610612763,Milwaukee Bucks,Memphis Grizzlies,2026-04-06 05:00:00+09:30,2026-01-07T19:11:00.11Z
0022501136,Regular Season,2026-04-05T22:00:00Z,1610612739,1610612754,Cleveland Cavaliers,Indiana Pacers,2026-04-06 07:30:00+09:30,2026-01-07T19:11:00.11Z
0022501137,Regular Season,2026-04-05T23:00:00Z,1610612750,1610612766,Minnesota Timberwolves,Charlotte Hornets,2026-04-06 08:30:00+09:30,2026-01-07T19:11:00.11Z
0022501138,Regular Season,2026-04-05T23:00:00Z,1610612740,1610612753,New Orleans Pelicans,Orlando Magic,2026-04-06 08:30:00+09:30,2026-01-07T19:11:00.11Z
0022501139,Regular Season,2026-04-05T23:00:00Z,1610612760,1610612762,Oklahoma City Thunder,Utah Jazz,2026-04-06 08:30:00+09:30,2026-01-07T19:11:00.11Z
0022501140,Regular Season,2026-04-05T23:30:00Z,1610612742,1610612747,Dallas Mavericks,Los Angeles Lakers,2026-04-06 09:00:00+09:30,2026-01-07T19:11:00.11Z
0022501141,Regular Season,2026-04-06T01:00:00Z,1610612758,1610612746,Sacramento Kings,Los Angeles Clippers,2026-04-06 10:30:00+09:30,2026-01-07T19:11:00.11Z
0022501142,Regular Season,2026-04-06T02:00:00Z,1610612744,1610612745,Golden State Warriors,Houston Rockets,2026-04-06 11:30:00+09:30,2026-01-07T19:11:00.11Z
0022501143,Regular Season,2026-04-06T23:00:00Z,1610612737,1610612752,Atlanta Hawks,New York Knicks,2026-04-07 08:30:00+09:30,2026-01-07T19:11:00.11Z
0022501144,Regular Season,2026-04-06T23:00:00Z,1610612753,1610612765,Orlando Magic,Detroit Pistons,2026-04-07 08:30:00+09:30,2026-01-07T19:11:00.11Z
0022501145,Regular Season,2026-04-07T00:00:00Z,1610612763,1610612739,Memphis Grizzlies,Cleveland Cavaliers,2026-04-07 09:30:00+09:30,2026-01-07T19:11:00.11Z
0022501146,Regular Season,2026-04-07T00:00:00Z,1610612759,1610612755,San Antonio Spurs,Philadelphia 76ers,2026-04-07 09:30:00+09:30,2026-01-07T19:11:00.11Z
0022501147,Regular Season,2026-04-07T01:00:00Z,1610612743,1610612757,Denver Nuggets,Portland Trail Blazers,2026-04-07 10:30:00+09:30,2026-01-07T19:11:00.11Z
0022501148,Regular Season,2026-04-07T23:00:00Z,1610612764,1610612741,Washington Wizards,Chicago Bulls,2026-04-08 08:30:00+09:30,2026-01-07T19:11:00.11Z
0022501150,Regular Season,2026-04-07T23:30:00Z,1610612751,1610612749,Brooklyn Nets,Milwaukee Bucks,2026-04-08 09:00:00+09:30,2026-01-07T19:11:00.11Z
0022501151,Regular Season,2026-04-07T23:30:00Z,1610612761,1610612748,Toronto Raptors,Miami Heat,2026-04-08 09:00:00+09:30,2026-01-07T19:11:00.11Z
0022501149,Regular Season,2026-04-07T23:30:00Z,1610612738,1610612766,Boston Celtics,Charlotte Hornets,2026-04-08 09:00:00+09:30,2026-01-07T19:11:00.11Z
0022501152,Regular Season,2026-04-08T00:00:00Z,1610612754,1610612750,Indiana Pacers,Minnesota Timberwolves,2026-04-08 09:30:00+09:30,2026-01-07T19:11:00.11Z
0022501153,Regular Season,2026-04-08T00:00:00Z,1610612740,1610612762,New Orleans Pelicans,Utah Jazz,2026-04-08 09:30:00+09:30,2026-01-07T19:11:00.11Z
0022501154,Regular Season,2026-04-08T02:00:00Z,1610612744,1610612758,Golden State Warriors,Sacramento Kings,2026-04-08 11:30:00+09:30,2026-01-07T19:11:00.11Z
0022501155,Regular Season,2026-04-08T02:30:00Z,1610612747,1610612760,Los Angeles Lakers,Oklahoma City Thunder,2026-04-08 12:00:00+09:30,2026-01-07T19:11:00.11Z
0022501156,Regular Season,2026-04-08T02:30:00Z,1610612746,1610612742,Los Angeles Clippers,Dallas Mavericks,2026-04-08 12:00:00+09:30,2026-01-07T19:11:00.11Z
0022501157,Regular Season,2026-04-08T03:00:00Z,1610612756,1610612745,Phoenix Suns,Houston Rockets,2026-04-08 12:30:00+09:30,2026-01-07T19:11:00.11Z
0022501159,Regular Season,2026-04-08T23:00:00Z,1610612753,1610612750,Orlando Magic,Minnesota Timberwolves,2026-04-09 08:30:00+09:30,2026-01-07T19:11:00.11Z
0022501158,Regular Season,2026-04-08T23:00:00Z,1610612739,1610612737,Cleveland Cavaliers,Atlanta Hawks,2026-04-09 08:30:00+09:30,2026-01-07T19:11:00.11Z
0022501160,Regular Season,2026-04-08T23:30:00Z,1610612765,1610612749,Detroit Pistons,Milwaukee Bucks,2026-04-09 09:00:00+09:30,2026-01-07T19:11:00.11Z
0022501161,Regular Season,2026-04-09T00:00:00Z,1610612759,1610612757,San Antonio Spurs,Portland Trail Blazers,2026-04-09 09:30:00+09:30,2026-01-07T19:11:00.11Z
0022501162,Regular Season,2026-04-09T01:00:00Z,1610612743,1610612763,Denver Nuggets,Memphis Grizzlies,2026-04-09 10:30:00+09:30,2026-01-07T19:11:00.11Z
0022501163,Regular Season,2026-04-09T02:00:00Z,1610612746,1610612760,Los Angeles Clippers,Oklahoma City Thunder,2026-04-09 11:30:00+09:30,2026-01-07T19:11:00.11Z
0022501164,Regular Season,2026-04-09T02:00:00Z,1610612756,1610612742,Phoenix Suns,Dallas Mavericks,2026-04-09 11:30:00+09:30,2026-01-07T19:11:00.11Z
0022501165,Regular Season,2026-04-09T23:00:00Z,1610612761,1610612748,Toronto Raptors,Miami Heat,2026-04-10 08:30:00+09:30,2026-01-07T19:11:00.11Z
0022501166,Regular Season,2026-04-09T23:00:00Z,1610612764,1610612741,Washington Wizards,Chicago Bulls,2026-04-10 08:30:00+09:30,2026-01-07T19:11:00.11Z
0022501167,Regular Season,2026-04-09T23:30:00Z,1610612751,1610612754,Brooklyn Nets,Indiana Pacers,2026-04-10 09:00:00+09:30,2026-01-07T19:11:00.11Z
0022501168,Regular Season,2026-04-09T23:30:00Z,1610612752,1610612738,New York Knicks,Boston Celtics,2026-04-10 09:00:00+09:30,2026-01-07T19:11:00.11Z
0022501169,Regular Season,2026-04-10T00:00:00Z,1610612745,1610612755,Houston Rockets,Philadelphia 76ers,2026-04-10 09:30:00+09:30,2026-01-07T19:11:00.11Z
0022501170,Regular Season,2026-04-10T02:00:00Z,1610612744,1610612747,Golden State Warriors,Los Angeles Lakers,2026-04-10 11:30:00+09:30,2026-01-07T19:11:00.11Z
0022501172,Regular Season,2026-04-10T23:00:00Z,1610612764,1610612748,Washington Wizards,Miami Heat,2026-04-11 08:30:00+09:30,2026-01-07T19:11:00.11Z
0022501171,Regular Season,2026-04-10T23:00:00Z,1610612766,1610612765,Charlotte Hornets,Detroit Pistons,2026-04-11 08:30:00+09:30,2026-01-07T19:11:00.11Z
0022501173,Regular Season,2026-04-10T23:30:00Z,1610612737,1610612739,Atlanta Hawks,Cleveland Cavaliers,2026-04-11 09:00:00+09:30,2026-01-07T19:11:00.11Z
0022501174,Regular Season,2026-04-10T23:30:00Z,1610612738,1610612740,Boston Celtics,New Orleans Pelicans,2026-04-11 09:00:00+09:30,2026-01-07T19:11:00.11Z
0022501175,Regular Season,2026-04-10T23:30:00Z,1610612754,1610612755,Indiana Pacers,Philadelphia 76ers,2026-04-11 09:00:00+09:30,2026-01-07T19:11:00.11Z
0022501176,Regular Season,2026-04-10T23:30:00Z,1610612752,1610612761,New York Knicks,Toronto Raptors,2026-04-11 09:00:00+09:30,2026-01-07T19:11:00.11Z
0022501177,Regular Season,2026-04-11T00:00:00Z,1610612741,1610612753,Chicago Bulls,Orlando Magic,2026-04-11 09:30:00+09:30,2026-01-07T19:11:00.11Z
0022501178,Regular Season,2026-04-11T00:00:00Z,1610612745,1610612750,Houston Rockets,Minnesota Timberwolves,2026-04-11 09:30:00+09:30,2026-01-07T19:11:00.11Z
0022501179,Regular Season,2026-04-11T00:00:00Z,1610612749,1610612751,Milwaukee Bucks,Brooklyn Nets,2026-04-11 09:30:00+09:30,2026-01-07T19:11:00.11Z
0022501180,Regular Season,2026-04-11T00:00:00Z,1610612759,1610612742,San Antonio Spurs,Dallas Mavericks,2026-04-11 09:30:00+09:30,2026-01-07T19:11:00.11Z
0022501181,Regular Season,2026-04-11T01:30:00Z,1610612762,1610612763,Utah Jazz,Memphis Grizzlies,2026-04-11 11:00:00+09:30,2026-01-07T19:11:00.11Z
0022501182,Regular Season,2026-04-11T02:00:00Z,1610612743,1610612760,Denver Nuggets,Oklahoma City Thunder,2026-04-11 11:30:00+09:30,2026-01-07T19:11:00.11Z
0022501183,Regular Season,2026-04-11T02:00:00Z,1610612757,1610612746,Portland Trail Blazers,Los Angeles Clippers,2026-04-11 11:30:00+09:30,2026-01-07T19:11:00.11Z
0022501184,Regular Season,2026-04-11T02:00:00Z,1610612758,1610612744,Sacramento Kings,Golden State Warriors,2026-04-11 11:30:00+09:30,2026-01-07T19:11:00.11Z
0022501185,Regular Season,2026-04-11T02:30:00Z,1610612747,1610612756,Los Angeles Lakers,Phoenix Suns,2026-04-11 12:00:00+09:30,2026-01-07T19:11:00.11Z
0022501192,Regular Season,2026-04-12T22:00:00Z,1610612761,1610612751,Toronto Raptors,Brooklyn Nets,2026-04-13 07:30:00+09:30,2026-01-07T19:11:00.11Z
0022501190,Regular Season,2026-04-12T22:00:00Z,1610612752,1610612766,New York Knicks,Charlotte Hornets,2026-04-13 07:30:00+09:30,2026-01-07T19:11:00.11Z
0022501189,Regular Season,2026-04-12T22:00:00Z,1610612748,1610612737,Miami Heat,Atlanta Hawks,2026-04-13 07:30:00+09:30,2026-01-07T19:11:00.11Z
0022501191,Regular Season,2026-04-12T22:00:00Z,1610612755,1610612749,Philadelphia 76ers,Milwaukee Bucks,2026-04-13 07:30:00+09:30,2026-01-07T19:11:00.11Z
0022501187,Regular Season,2026-04-12T22:00:00Z,1610612739,1610612764,Cleveland Cavaliers,Washington Wizards,2026-04-13 07:30:00+09:30,2026-01-07T19:11:00.11Z
0022501186,Regular Season,2026-04-12T22:00:00Z,1610612738,1610612753,Boston Celtics,Orlando Magic,2026-04-13 07:30:00+09:30,2026-01-07T19:11:00.11Z
0022501188,Regular Season,2026-04-12T22:00:00Z,1610612754,1610612765,Indiana Pacers,Detroit Pistons,2026-04-13 07:30:00+09:30,2026-01-07T19:11:00.11Z
0022501199,Regular Season,2026-04-13T00:30:00Z,1610612746,1610612744,Los Angeles Clippers,Golden State Warriors,2026-04-13 10:00:00+09:30,2026-01-07T19:11:00.11Z
0022501193,Regular Season,2026-04-13T00:30:00Z,1610612742,1610612741,Dallas Mavericks,Chicago Bulls,2026-04-13 10:00:00+09:30,2026-01-07T19:11:00.11Z
0022501194,Regular Season,2026-04-13T00:30:00Z,1610612745,1610612763,Houston Rockets,Memphis Grizzlies,2026-04-13 10:00:00+09:30,2026-01-07T19:11:00.11Z
0022501195,Regular Season,2026-04-13T00:30:00Z,1610612750,1610612740,Minnesota Timberwolves,New Orleans Pelicans,2026-04-13 10:00:00+09:30,2026-01-07T19:11:00.11Z
0022501196,Regular Season,2026-04-13T00:30:00Z,1610612760,1610612756,Oklahoma City Thunder,Phoenix Suns,2026-04-13 10:00:00+09:30,2026-01-07T19:11:00.11Z
0022501197,Regular Season,2026-04-13T00:30:00Z,1610612759,1610612743,San Antonio Spurs,Denver Nuggets,2026-04-13 10:00:00+09:30,2026-01-07T19:11:00.11Z
0022501198,Regular Season,2026-04-13T00:30:00Z,1610612747,1610612762,Los Angeles Lakers,Utah Jazz,2026-04-13 10:00:00+09:30,2026-01-07T19:11:00.11Z
0022501200,Regular Season,2026-04-13T00:30:00Z,1610612757,1610612758,Portland Trail Blazers,Sacramento Kings,2026-04-13 10:00:00+09:30,2026-01-07T19:11:00.11Z
